date,Precipitation,Max_Temp
1991-02-10,0.0,12.65
1977-02-07,0.01,3.95
1981-03-09,0.01,10.19
1984-02-02,0.01,9.34
1986-03-02,0.01,13.35
1988-12-03,0.01,11.55
1988-12-04,0.01,12.09
1993-10-01,0.01,23.43
2007-11-03,0.01,16.14
2009-02-01,0.01,10.44
2015-03-07,0.01,10.51
1976-10-12,0.02,22.1
1976-10-13,0.02,22.27
1976-11-07,0.02,14.99
1980-10-08,0.02,25.83
1980-10-10,0.02,24.55
1985-01-06,0.02,5.87
1988-02-26,0.02,12.17
1991-02-09,0.02,12.47
1994-04-18,0.02,24.46
2001-10-02,0.02,25.72
2002-12-07,0.02,6.59
2021-04-03,0.02,18.1
1977-02-17,0.03,9.27
1983-10-28,0.03,20.1
1985-02-17,0.03,8.9
1986-01-12,0.03,11.03
1988-02-25,0.03,9.44
2002-04-05,0.03,14.94
2004-03-23,0.03,15.56
2013-11-29,0.03,6.97
2019-03-18,0.03,12.37
2020-10-06,0.03,24.33
2021-04-04,0.03,21.04
2022-10-21,0.03,21.15
1974-11-16,0.04,10.14
1976-11-09,0.04,13.07
1977-04-10,0.04,20.89
1978-03-19,0.04,15.69
1979-03-13,0.04,13.97
1979-06-14,0.04,28.98
1992-09-30,0.04,24.38
1993-10-25,0.04,20.31
1995-02-23,0.04,15.08
2001-01-02,0.04,1.72
2001-10-04,0.04,24.41
2002-02-12,0.04,9.79
2002-02-14,0.04,9.25
2002-12-08,0.04,7.38
2003-01-18,0.04,3.49
2008-09-19,0.04,26.21
2008-11-19,0.04,12.25
2009-01-16,0.04,1.34
2009-01-21,0.04,6.6
2009-11-03,0.04,16.38
2024-01-02,0.04,6.66
2024-10-11,0.04,25.39
1977-02-19,0.05,13.02
1977-04-07,0.05,18.37
1978-03-18,0.05,13.0
1985-02-16,0.05,7.85
1986-03-29,0.05,23.11
1988-12-02,0.05,10.05
1989-12-25,0.05,4.03
1990-11-16,0.05,17.23
1993-11-08,0.05,9.76
2000-12-05,0.05,6.89
2001-01-03,0.05,3.05
2002-02-13,0.05,9.07
2005-01-24,0.05,6.36
2008-10-30,0.05,18.58
2009-01-17,0.05,4.34
2013-01-21,0.05,6.68
2013-11-14,0.05,11.86
2014-04-10,0.05,21.5
2018-01-02,0.05,-2.24
1976-11-24,0.06,8.97
1976-12-22,0.06,2.46
1980-02-11,0.06,3.19
1981-01-10,0.06,3.92
1981-01-15,0.06,6.76
1983-01-13,0.06,8.38
1983-01-14,0.06,9.79
1985-02-18,0.06,9.86
1986-03-03,0.06,14.37
1988-12-05,0.06,10.37
1990-02-26,0.06,9.11
1990-12-06,0.06,8.78
1991-01-22,0.06,1.1
1991-10-09,0.06,23.5
1998-12-15,0.06,10.93
1999-10-25,0.06,18.77
1999-12-30,0.06,11.53
2001-11-10,0.06,16.38
2002-11-28,0.06,7.19
2004-12-18,0.06,8.99
2007-11-02,0.06,16.79
2015-01-08,0.06,2.27
2021-11-17,0.06,16.12
2022-02-10,0.06,12.45
2024-01-30,0.06,12.46
2024-03-20,0.06,15.57
1976-11-23,0.07,7.5
1982-02-07,0.07,-0.25
1984-01-20,0.07,-4.52
1985-12-22,0.07,5.9
1986-01-13,0.07,10.36
1988-02-22,0.07,11.87
1989-04-12,0.07,14.51
1991-02-11,0.07,11.51
1993-03-07,0.07,12.1
1997-03-23,0.07,16.77
1997-10-17,0.07,19.95
2000-02-07,0.07,10.67
2001-04-27,0.07,24.48
2001-09-30,0.07,23.83
2002-02-15,0.07,10.41
2006-12-03,0.07,3.79
2007-10-29,0.07,18.64
2008-10-19,0.07,19.89
2009-11-04,0.07,16.72
2011-12-10,0.07,5.72
2013-01-23,0.07,4.79
2015-01-29,0.07,11.3
2015-02-14,0.07,10.15
2016-11-11,0.07,18.12
2021-12-04,0.07,14.62
2023-11-29,0.07,8.04
2024-12-03,0.07,7.08
1973-10-18,0.08,20.37
1974-10-18,0.08,22.34
1976-01-19,0.08,6.05
1977-02-06,0.08,4.52
1978-10-19,0.08,19.42
1981-01-05,0.08,3.19
1983-10-29,0.08,19.61
1986-03-23,0.08,15.29
1988-01-28,0.08,6.68
1991-10-08,0.08,21.89
1995-12-25,0.08,2.62
1996-10-12,0.08,22.28
2001-10-03,0.08,25.65
2002-11-29,0.08,10.2
2003-01-19,0.08,4.89
2004-03-22,0.08,15.03
2006-02-08,0.08,9.2
2007-11-08,0.08,14.89
2008-11-23,0.08,8.75
2009-02-05,0.08,6.96
2010-10-17,0.08,21.14
2015-10-15,0.08,24.62
2022-01-27,0.08,4.01
2024-04-23,0.08,20.47
2024-10-03,0.08,26.34
1974-02-10,0.09,6.32
1974-02-12,0.09,10.54
1976-10-11,0.09,21.99
1976-12-04,0.09,6.2
1977-02-18,0.09,11.92
1978-03-20,0.09,16.13
1979-11-15,0.09,11.39
1980-10-07,0.09,24.0
1980-10-09,0.09,26.33
1981-10-20,0.09,17.73
1984-02-07,0.09,6.03
1985-12-16,0.09,3.37
1987-10-09,0.09,20.35
1988-01-27,0.09,4.14
1990-10-27,0.09,19.41
1991-10-20,0.09,18.66
1992-10-18,0.09,16.03
1999-12-26,0.09,7.62
1999-12-31,0.09,11.06
2001-01-07,0.09,9.37
2004-01-11,0.09,6.15
2004-03-20,0.09,19.08
2004-12-19,0.09,8.87
2009-11-05,0.09,17.13
2011-01-04,0.09,3.69
2012-02-06,0.09,8.25
2013-11-30,0.09,9.32
2015-10-12,0.09,25.61
2017-12-15,0.09,6.45
2019-03-17,0.09,11.15
2019-11-02,0.09,11.56
1976-11-08,0.1,13.43
1976-12-19,0.1,10.97
1977-02-16,0.1,7.77
1978-12-13,0.1,6.7
1979-03-12,0.1,11.59
1980-12-12,0.1,8.3
1985-12-15,0.1,1.79
1986-03-01,0.1,10.61
1991-09-28,0.1,23.19
1992-02-28,0.1,14.77
1992-11-15,0.1,11.64
1993-12-27,0.1,4.97
1994-01-19,0.1,-0.53
1994-01-20,0.1,1.36
1995-02-22,0.1,14.15
1999-10-22,0.1,21.35
1999-12-23,0.1,4.29
2003-10-24,0.1,20.95
2004-05-06,0.1,25.57
2005-12-13,0.1,7.4
2006-09-26,0.1,23.58
2006-11-19,0.1,12.28
2006-12-07,0.1,8.75
2007-03-05,0.1,10.0
2008-10-20,0.1,19.49
2011-02-11,0.1,2.34
2012-01-07,0.1,12.18
2013-01-22,0.1,4.15
2015-02-13,0.1,7.83
2015-05-03,0.1,25.04
2020-10-07,0.1,26.38
2021-03-08,0.1,14.69
2024-10-12,0.1,25.22
1975-01-22,0.11,5.31
1976-01-31,0.11,9.65
1977-10-19,0.11,21.15
1978-02-04,0.11,3.69
1978-10-18,0.11,18.78
1984-02-08,0.11,6.8
1985-12-21,0.11,3.51
1987-10-18,0.11,19.75
1988-05-15,0.11,26.2
1988-12-01,0.11,8.76
1990-11-19,0.11,13.72
1991-01-27,0.11,4.14
1991-12-16,0.11,6.38
1992-11-14,0.11,10.72
1994-02-03,0.11,2.89
1995-02-06,0.11,6.84
1995-11-21,0.11,13.66
1995-12-24,0.11,1.51
1996-02-13,0.11,9.8
1999-12-28,0.11,8.25
2004-11-06,0.11,16.62
2004-12-16,0.11,7.37
2005-01-25,0.11,9.99
2005-11-18,0.11,8.98
2005-12-11,0.11,7.04
2006-12-06,0.11,8.91
2007-01-26,0.11,6.93
2007-03-06,0.11,11.71
2007-11-05,0.11,18.68
2007-11-09,0.11,15.95
2009-01-31,0.11,8.03
2011-02-12,0.11,7.13
2012-01-06,0.11,13.48
2013-01-19,0.11,8.72
2013-03-15,0.11,16.22
2013-11-15,0.11,13.06
2014-01-20,0.11,10.92
2018-01-01,0.11,-2.5
2024-01-01,0.11,7.35
1980-02-12,0.12,3.55
1980-12-18,0.12,11.25
1984-01-07,0.12,9.73
1989-02-11,0.12,6.11
1991-12-25,0.12,6.57
2001-10-01,0.12,24.75
2006-02-09,0.12,9.43
2008-09-18,0.12,26.25
2011-12-18,0.12,8.29
2017-01-29,0.12,6.4
2017-12-11,0.12,9.75
2019-11-03,0.12,13.08
2021-04-05,0.12,22.68
2024-10-23,0.12,22.72
2024-12-01,0.12,6.18
1973-10-19,0.13,21.77
1973-10-26,0.13,18.94
1976-11-10,0.13,14.53
1977-01-21,0.13,4.82
1977-04-27,0.13,21.68
1978-03-29,0.13,18.72
1978-03-30,0.13,19.23
1978-10-28,0.13,18.03
1979-11-30,0.13,2.22
1979-12-09,0.13,9.87
1983-10-27,0.13,19.12
1986-10-17,0.13,19.11
1989-10-13,0.13,24.92
1991-09-21,0.13,21.44
1991-12-17,0.13,7.79
1995-02-07,0.13,6.51
1995-12-26,0.13,4.03
1999-11-29,0.13,12.74
1999-12-27,0.13,8.14
1999-12-29,0.13,9.78
2005-11-19,0.13,10.93
2007-11-01,0.13,17.28
2008-11-20,0.13,12.16
2011-12-09,0.13,5.32
2012-01-04,0.13,8.13
2013-01-20,0.13,10.16
2013-03-27,0.13,10.91
2013-12-12,0.13,2.18
2016-11-12,0.13,16.62
2017-01-28,0.13,4.38
2024-11-30,0.13,5.21
1976-01-18,0.14,5.87
1976-11-22,0.14,8.38
1976-12-10,0.14,6.45
1976-12-17,0.14,10.67
1976-12-28,0.14,8.45
1980-11-20,0.14,8.79
1980-12-20,0.14,1.94
1986-03-22,0.14,12.59
1986-12-28,0.14,6.09
1987-02-08,0.14,13.56
1989-12-22,0.14,-4.95
1990-11-12,0.14,16.3
1991-02-27,0.14,8.26
1992-03-13,0.14,11.36
1992-11-29,0.14,5.7
1994-04-19,0.14,25.41
1995-04-03,0.14,16.84
2000-11-22,0.14,6.46
2002-02-16,0.14,11.45
2004-03-09,0.14,15.26
2010-01-10,0.14,0.88
2013-03-28,0.14,13.83
2014-03-14,0.14,13.4
2020-01-20,0.14,3.97
2020-12-08,0.14,10.31
2022-10-20,0.14,18.57
1974-02-11,0.15,8.61
1974-10-10,0.15,21.82
1974-11-29,0.15,6.27
1976-01-29,0.15,9.78
1976-11-02,0.15,15.52
1977-02-02,0.15,4.18
1980-12-14,0.15,9.04
1981-03-10,0.15,11.4
1983-10-26,0.15,17.41
1986-02-28,0.15,11.14
1987-09-25,0.15,25.68
1987-10-06,0.15,22.83
1988-02-27,0.15,14.68
1990-02-27,0.15,11.25
1991-10-13,0.15,23.59
1992-03-14,0.15,12.81
1992-10-01,0.15,24.74
1994-04-02,0.15,18.61
1998-01-01,0.15,7.16
1998-03-12,0.15,5.05
2000-12-06,0.15,5.77
2001-10-19,0.15,18.49
2001-10-21,0.15,21.16
2003-01-20,0.15,8.51
2004-12-03,0.15,7.1
2004-12-17,0.15,8.07
2007-02-06,0.15,5.61
2009-01-20,0.15,7.75
2009-02-04,0.15,6.84
2013-11-13,0.15,10.7
2017-11-30,0.15,13.27
2019-03-19,0.15,12.79
2020-11-21,0.15,14.37
2022-02-13,0.15,8.12
2023-11-01,0.15,10.43
2024-02-25,0.15,13.62
2024-12-02,0.15,7.39
1974-10-19,0.16,20.74
1974-11-28,0.16,7.83
1976-12-02,0.16,5.06
1977-04-11,0.16,22.04
1981-01-14,0.16,6.49
1981-02-04,0.16,2.17
1985-01-23,0.16,1.1
1986-03-05,0.16,14.29
1989-10-14,0.16,25.07
1992-02-27,0.16,12.16
1992-05-02,0.16,24.72
1994-02-01,0.16,-0.71
1995-10-25,0.16,16.78
1995-12-27,0.16,4.65
1997-02-10,0.16,3.93
2000-09-28,0.16,24.33
2001-01-23,0.16,6.62
2001-10-18,0.16,18.44
2001-12-26,0.16,3.14
2002-12-02,0.16,9.08
2006-02-13,0.16,7.28
2006-10-31,0.16,15.77
2008-02-28,0.16,8.96
2011-01-28,0.16,8.74
2013-11-10,0.16,14.5
2014-01-16,0.16,8.77
2017-01-27,0.16,4.67
2017-12-12,0.16,10.73
2020-11-01,0.16,16.87
2021-03-30,0.16,17.95
2022-01-28,0.16,5.31
2022-03-27,0.16,16.56
2023-10-09,0.16,22.13
1973-02-19,0.17,6.19
1974-04-18,0.17,20.09
1978-02-23,0.17,6.82
1978-10-08,0.17,20.37
1980-04-17,0.17,19.27
1980-10-05,0.17,22.91
1981-01-11,0.17,3.06
1981-04-07,0.17,16.58
1982-02-08,0.17,1.76
1986-10-16,0.17,18.16
1988-12-18,0.17,5.8
1989-10-09,0.17,20.43
1990-09-25,0.17,23.94
1992-03-01,0.17,15.33
1992-11-16,0.17,12.21
1993-09-30,0.17,23.16
1999-11-05,0.17,18.48
2001-12-27,0.17,4.07
2002-01-10,0.17,11.84
2003-01-07,0.17,8.07
2004-03-10,0.17,15.06
2005-12-12,0.17,7.6
2006-07-17,0.17,34.75
2006-11-18,0.17,12.71
2008-11-18,0.17,12.71
2013-02-04,0.17,8.02
2013-04-26,0.17,19.16
2013-10-25,0.17,15.86
2014-01-23,0.17,3.01
2014-11-19,0.17,4.91
2015-02-12,0.17,8.95
2015-03-08,0.17,13.87
2015-05-02,0.17,23.54
2017-11-25,0.17,16.75
2019-11-05,0.17,14.74
2019-11-09,0.17,11.82
2023-11-28,0.17,6.31
2024-12-06,0.17,7.26
1973-02-20,0.18,7.84
1974-02-24,0.18,6.14
1975-12-19,0.18,2.18
1976-01-30,0.18,10.38
1979-12-01,0.18,4.16
1981-03-24,0.18,14.17
1986-10-18,0.18,18.64
1989-02-12,0.18,7.24
1989-11-19,0.18,11.46
1991-01-23,0.18,3.18
1991-10-10,0.18,23.91
1991-10-21,0.18,19.07
1991-11-03,0.18,4.15
1993-10-04,0.18,24.74
1993-10-24,0.18,19.86
1994-04-20,0.18,23.7
1995-04-02,0.18,14.96
1997-05-05,0.18,22.09
1997-05-11,0.18,22.77
1999-11-07,0.18,20.21
1999-12-25,0.18,6.76
2000-12-08,0.18,8.22
2003-01-08,0.18,10.94
2003-10-19,0.18,23.9
2004-03-11,0.18,13.7
2010-02-18,0.18,7.32
2010-03-18,0.18,16.0
2010-04-11,0.18,19.05
2012-04-09,0.18,19.88
2012-06-29,0.18,33.76
2013-03-29,0.18,16.05
2013-10-26,0.18,16.48
2013-12-26,0.18,5.28
2014-04-11,0.18,21.82
2015-01-21,0.18,9.25
2018-11-18,0.18,8.56
2019-01-26,0.18,4.19
2020-11-03,0.18,18.24
2022-02-14,0.18,8.85
2023-02-19,0.18,8.99
1974-04-17,0.19,18.33
1976-11-05,0.19,13.67
1977-02-09,0.19,8.44
1978-10-09,0.19,21.0
1978-10-17,0.19,18.72
1979-11-29,0.19,3.97
1980-12-19,0.19,8.24
1985-12-26,0.19,2.48
1987-04-27,0.19,25.26
1992-10-06,0.19,21.11
1993-11-19,0.19,10.9
1994-02-15,0.19,9.58
1996-11-11,0.19,11.0
1996-11-12,0.19,10.14
1997-03-24,0.19,15.48
1999-02-15,0.19,11.24
1999-11-14,0.19,21.01
1999-12-24,0.19,6.47
2000-09-29,0.19,24.88
2002-03-05,0.19,7.35
2004-05-05,0.19,23.84
2008-05-05,0.19,21.79
2012-06-28,0.19,32.04
2013-12-17,0.19,8.89
2014-01-21,0.19,9.86
2015-02-19,0.19,5.23
2015-10-14,0.19,24.53
2016-11-13,0.19,16.06
2017-10-18,0.19,22.13
2018-04-20,0.19,16.03
2020-10-31,0.19,15.85
2024-10-26,0.19,20.67
1974-10-01,0.2,20.47
1976-12-18,0.2,11.34
1980-11-03,0.2,17.77
1981-01-03,0.2,7.43
1986-01-14,0.2,8.02
1986-03-30,0.2,23.84
1987-11-19,0.2,10.35
1988-03-21,0.2,16.33
1988-11-30,0.2,8.07
1991-02-25,0.2,8.59
1992-04-28,0.2,20.88
1993-01-28,0.2,8.58
1993-11-07,0.2,8.52
1995-08-30,0.2,30.98
1999-04-13,0.2,18.58
2000-12-04,0.2,6.06
2001-11-07,0.2,17.82
2002-02-03,0.2,5.9
2002-04-06,0.2,15.86
2007-01-30,0.2,3.13
2007-02-04,0.2,2.12
2007-02-05,0.2,4.34
2012-09-24,0.2,24.21
2013-01-05,0.2,3.91
2013-12-28,0.2,9.41
2014-01-17,0.2,8.2
2016-02-11,0.2,8.98
2018-12-05,0.2,3.77
2021-11-21,0.2,12.65
2023-10-18,0.2,21.11
2024-10-04,0.2,26.29
2024-10-24,0.2,22.09
1973-01-15,0.21,9.5
1974-10-20,0.21,19.03
1975-11-18,0.21,14.1
1982-10-15,0.21,20.43
1985-01-14,0.21,2.68
1985-02-28,0.21,10.61
1987-04-26,0.21,23.54
1988-02-23,0.21,12.29
1989-12-24,0.21,0.53
1989-12-27,0.21,7.53
1989-12-28,0.21,7.9
1992-11-17,0.21,12.79
1993-02-02,0.21,8.02
1994-02-02,0.21,0.78
1997-10-21,0.21,16.43
1999-04-19,0.21,19.89
2000-11-21,0.21,6.22
2000-12-02,0.21,6.41
2004-01-12,0.21,8.57
2006-12-05,0.21,6.14
2007-01-29,0.21,3.58
2008-04-14,0.21,16.65
2008-11-17,0.21,12.72
2009-01-15,0.21,3.84
2013-02-16,0.21,7.99
2014-01-24,0.21,1.14
2015-01-20,0.21,11.75
2015-02-20,0.21,5.92
2018-02-01,0.21,10.09
2018-11-11,0.21,7.51
2020-12-09,0.21,12.15
2021-03-04,0.21,15.41
2022-02-19,0.21,9.4
2022-03-26,0.21,17.0
2024-12-04,0.21,8.65
1976-02-24,0.22,12.44
1976-08-22,0.22,30.86
1977-04-28,0.22,23.58
1978-12-16,0.22,7.49
1980-01-02,0.22,6.23
1982-01-10,0.22,-0.39
1985-12-19,0.22,1.91
1985-12-27,0.22,4.56
1986-12-27,0.22,6.37
1987-04-10,0.22,19.31
1987-09-26,0.22,25.22
1988-02-17,0.22,8.9
1988-03-20,0.22,13.91
1989-02-08,0.22,-1.24
1989-09-28,0.22,23.59
1989-12-01,0.22,8.01
1990-09-26,0.22,26.01
1990-09-27,0.22,26.2
1990-11-18,0.22,14.01
1991-10-01,0.22,24.48
1992-04-04,0.22,16.72
1996-02-11,0.22,12.88
1996-02-14,0.22,12.36
2000-01-06,0.22,5.44
2000-12-09,0.22,6.62
2001-10-29,0.22,17.26
2001-11-04,0.22,20.35
2001-12-25,0.22,3.22
2002-03-28,0.22,15.41
2004-01-13,0.22,9.03
2005-03-11,0.22,13.49
2008-03-25,0.22,13.53
2008-09-17,0.22,26.11
2010-01-11,0.22,3.54
2013-01-03,0.22,1.91
2013-03-14,0.22,13.97
2017-10-17,0.22,20.88
2018-01-03,0.22,0.58
2018-10-22,0.22,17.5
2024-03-19,0.22,13.13
2024-10-06,0.22,26.69
1974-10-09,0.23,20.82
1976-11-06,0.23,14.04
1976-12-01,0.23,3.57
1977-02-15,0.23,9.0
1980-10-21,0.23,17.86
1981-01-01,0.23,9.68
1984-01-28,0.23,8.53
1984-02-01,0.23,7.77
1984-05-10,0.23,21.39
1985-02-15,0.23,6.7
1985-12-20,0.23,2.71
1985-12-23,0.23,8.05
1987-11-22,0.23,9.88
1988-10-08,0.23,19.67
1988-12-06,0.23,11.25
1989-02-26,0.23,11.47
1989-12-26,0.23,6.75
1990-01-11,0.23,13.33
1990-04-12,0.23,14.45
1992-10-02,0.23,25.18
1995-08-31,0.23,30.95
1995-11-19,0.23,14.67
1997-10-20,0.23,17.82
1999-10-06,0.23,21.74
1999-11-16,0.23,17.24
2000-02-05,0.23,6.92
2000-10-03,0.23,25.19
2001-01-04,0.23,6.16
2001-10-08,0.23,19.68
2001-11-06,0.23,18.67
2003-03-11,0.23,10.72
2007-03-04,0.23,7.66
2009-11-02,0.23,16.85
2013-02-02,0.23,5.67
2014-01-18,0.23,7.95
2014-01-25,0.23,5.18
2015-01-07,0.23,4.78
2015-01-15,0.23,3.24
2017-01-30,0.23,8.34
2021-04-02,0.23,15.95
2022-11-18,0.23,4.9
1978-02-21,0.24,4.37
1978-02-24,0.24,8.4
1979-11-13,0.24,9.27
1980-05-05,0.24,25.06
1980-11-11,0.24,15.03
1981-01-02,0.24,8.26
1982-10-16,0.24,20.38
1988-10-09,0.24,20.72
1989-02-25,0.24,9.28
1990-03-27,0.24,12.86
1990-11-15,0.24,17.64
1991-09-29,0.24,23.69
1992-12-25,0.24,4.87
1995-09-03,0.24,30.51
1998-08-30,0.24,32.13
2001-10-20,0.24,20.32
2002-11-25,0.24,8.96
2003-12-22,0.24,10.02
2005-11-20,0.24,11.91
2008-12-06,0.24,5.8
2012-03-07,0.24,14.99
2012-11-16,0.24,11.52
2013-05-13,0.24,23.1
2013-10-24,0.24,16.52
2014-01-27,0.24,9.02
2014-12-08,0.24,9.44
2017-12-02,0.24,13.35
2019-11-14,0.24,8.5
2020-02-22,0.24,8.65
2020-03-01,0.24,12.16
2023-12-13,0.24,8.43
2024-10-09,0.24,25.6
1973-04-12,0.25,15.14
1976-11-04,0.25,14.49
1977-04-08,0.25,21.14
1979-01-04,0.25,-3.24
1981-01-04,0.25,5.27
1981-01-08,0.25,4.66
1982-01-09,0.25,1.14
1984-01-01,0.25,3.35
1984-03-02,0.25,9.55
1986-03-28,0.25,20.95
1987-02-10,0.25,9.52
1987-10-02,0.25,24.42
1991-04-01,0.25,16.41
1991-04-02,0.25,17.75
1992-01-20,0.25,4.35
1992-10-13,0.25,21.65
1993-03-08,0.25,14.08
1993-10-26,0.25,18.7
1993-11-21,0.25,10.39
1996-02-12,0.25,10.48
1996-03-10,0.25,8.68
1996-11-03,0.25,12.22
1997-12-19,0.25,9.97
1998-12-17,0.25,10.74
1999-08-17,0.25,30.96
2000-02-08,0.25,11.8
2000-09-27,0.25,22.59
2004-05-07,0.25,25.67
2006-12-04,0.25,4.2
2012-01-15,0.25,7.62
2012-09-20,0.25,25.56
2014-01-19,0.25,8.81
2014-03-22,0.25,14.38
2021-02-25,0.25,11.68
2021-12-03,0.25,17.24
2022-02-06,0.25,5.89
2022-02-12,0.25,12.16
2023-10-19,0.25,21.94
1975-12-20,0.26,4.77
1979-11-14,0.26,10.23
1985-12-24,0.26,7.91
1988-06-11,0.26,26.82
1988-10-13,0.26,19.24
1988-12-17,0.26,3.9
1989-11-30,0.26,6.5
1991-01-26,0.26,2.01
1995-12-23,0.26,0.65
1997-02-11,0.26,4.56
1997-02-23,0.26,7.86
2000-02-06,0.26,8.29
2000-02-20,0.26,9.32
2001-04-26,0.26,22.88
2002-01-16,0.26,5.63
2004-01-22,0.26,4.8
2004-12-04,0.26,8.22
2004-12-21,0.26,6.94
2007-10-31,0.26,18.95
2008-10-31,0.26,20.07
2008-11-22,0.26,6.47
2009-03-20,0.26,16.59
2010-03-17,0.26,14.49
2010-03-19,0.26,16.08
2012-09-10,0.26,27.04
2014-12-31,0.26,-2.42
2019-11-10,0.26,14.9
2020-02-29,0.26,11.23
2022-01-11,0.26,5.74
2022-01-14,0.26,11.34
2022-01-19,0.26,9.27
2022-01-23,0.26,4.99
2022-11-19,0.26,3.26
1974-12-10,0.27,6.16
1976-12-03,0.27,5.94
1978-11-02,0.27,18.76
1979-12-08,0.27,10.7
1980-10-11,0.27,22.58
1982-11-07,0.27,13.42
1982-11-08,0.27,13.93
1984-01-29,0.27,9.06
1984-03-03,0.27,10.29
1984-12-26,0.27,3.86
1989-02-10,0.27,2.06
1990-03-19,0.27,14.03
1991-03-31,0.27,12.73
1991-10-22,0.27,20.68
1999-11-28,0.27,13.2
2001-09-28,0.27,24.83
2005-11-11,0.27,16.86
2006-02-15,0.27,11.12
2007-01-27,0.27,7.21
2008-04-15,0.27,17.65
2008-04-16,0.27,18.1
2009-03-18,0.27,18.14
2011-10-22,0.27,19.12
2012-01-29,0.27,8.15
2012-02-07,0.27,8.2
2013-12-18,0.27,9.51
2014-04-12,0.27,22.55
2018-11-21,0.27,9.97
2020-02-15,0.27,6.23
2020-10-08,0.27,26.43
1976-04-10,0.28,17.76
1977-02-01,0.28,2.83
1980-10-06,0.28,23.14
1980-12-13,0.28,10.86
1981-09-13,0.28,29.39
1984-03-08,0.28,8.27
1987-02-12,0.28,13.72
1989-07-09,0.28,32.33
1991-03-09,0.28,10.72
1992-01-21,0.28,7.29
1992-11-30,0.28,5.8
1993-03-09,0.28,14.57
1993-12-24,0.28,1.56
1994-11-23,0.28,7.71
1995-02-09,0.28,5.24
1996-01-14,0.28,12.48
1996-03-09,0.28,4.05
1998-05-19,0.28,27.19
1998-10-23,0.28,17.17
1999-02-14,0.28,9.84
1999-04-18,0.28,16.91
1999-10-12,0.28,24.08
2000-12-30,0.28,2.13
2003-10-23,0.28,23.33
2004-01-21,0.28,3.06
2004-11-07,0.28,18.61
2005-12-07,0.28,0.77
2006-12-08,0.28,5.96
2006-12-18,0.28,9.37
2008-02-20,0.28,7.8
2008-03-12,0.28,14.78
2012-01-05,0.28,11.11
2012-09-21,0.28,25.99
2013-03-02,0.28,8.48
2014-11-08,0.28,15.08
2014-11-09,0.28,14.67
2015-11-23,0.28,9.92
2015-11-24,0.28,11.1
2016-02-10,0.28,7.86
2016-02-26,0.28,10.75
2017-03-03,0.28,10.06
2018-01-14,0.28,3.6
2019-01-31,0.28,0.87
2021-03-07,0.28,13.56
2022-02-07,0.28,7.46
2023-11-30,0.28,9.84
1973-08-26,0.29,29.44
1975-02-26,0.29,9.81
1975-03-01,0.29,11.97
1976-11-11,0.29,12.21
1976-12-05,0.29,5.68
1977-01-26,0.29,4.44
1977-10-28,0.29,19.76
1978-01-28,0.29,0.63
1978-10-16,0.29,19.24
1979-10-07,0.29,23.71
1982-11-15,0.29,6.86
1983-01-15,0.29,8.28
1984-03-10,0.29,7.65
1986-11-14,0.29,4.46
1987-02-09,0.29,10.99
1987-05-09,0.29,26.28
1987-10-10,0.29,18.45
1988-02-24,0.29,9.43
1988-09-08,0.29,26.95
1989-10-15,0.29,23.65
1989-11-20,0.29,15.68
1990-12-25,0.29,-1.58
1992-04-27,0.29,19.24
1992-09-12,0.29,25.89
1993-11-02,0.29,10.96
1994-03-12,0.29,11.79
1994-04-01,0.29,16.65
1995-12-28,0.29,3.67
1996-02-15,0.29,12.77
1997-10-16,0.29,19.65
2000-03-25,0.29,18.56
2001-04-28,0.29,24.82
2001-10-28,0.29,16.45
2002-03-29,0.29,17.18
2003-10-02,0.29,20.49
2004-01-20,0.29,2.46
2004-12-15,0.29,6.24
2005-09-03,0.29,29.54
2006-02-14,0.29,9.84
2007-01-11,0.29,8.19
2009-01-30,0.29,5.45
2009-02-21,0.29,8.35
2012-11-03,0.29,16.13
2013-03-03,0.29,9.38
2013-05-15,0.29,26.85
2015-01-10,0.29,0.98
2018-12-04,0.29,5.29
2019-10-13,0.29,16.79
2020-10-02,0.29,22.78
2021-09-12,0.29,28.44
2022-01-13,0.29,10.72
2022-01-24,0.29,7.14
2022-01-30,0.29,6.98
1973-05-17,0.3,23.83
1974-02-13,0.3,11.9
1976-10-15,0.3,20.71
1977-02-05,0.3,7.46
1978-02-22,0.3,4.99
1978-03-17,0.3,10.83
1978-12-14,0.3,5.78
1979-05-16,0.3,24.8
1979-10-12,0.3,22.06
1980-04-22,0.3,24.24
1980-08-01,0.3,33.05
1983-09-25,0.3,23.43
1984-01-08,0.3,8.49
1985-04-09,0.3,15.58
1985-04-12,0.3,20.84
1985-12-29,0.3,4.72
1989-10-12,0.3,24.02
1992-04-03,0.3,13.76
1992-10-23,0.3,21.76
1993-12-26,0.3,4.59
1999-03-11,0.3,8.82
2000-04-06,0.3,19.58
2001-02-18,0.3,4.69
2003-01-09,0.3,12.55
2005-12-10,0.3,4.12
2006-02-10,0.3,8.47
2006-02-20,0.3,1.2
2007-03-07,0.3,12.25
2007-03-19,0.3,16.97
2009-02-20,0.3,7.16
2009-10-11,0.3,12.72
2013-02-18,0.3,8.97
2013-12-25,0.3,4.77
2013-12-27,0.3,7.53
2014-09-15,0.3,23.96
2015-03-31,0.3,21.02
2021-06-17,0.3,31.36
2021-11-08,0.3,17.29
2022-03-04,0.3,14.01
1975-01-16,0.31,6.45
1976-03-18,0.31,13.54
1977-01-30,0.31,-0.52
1977-02-08,0.31,5.33
1977-11-12,0.31,12.29
1980-11-01,0.31,17.26
1982-10-04,0.31,22.86
1984-03-01,0.31,7.39
1985-01-19,0.31,5.21
1985-04-02,0.31,15.68
1985-04-18,0.31,22.62
1986-03-31,0.31,23.23
1987-09-27,0.31,25.51
1988-03-14,0.31,7.2
1990-02-25,0.31,9.71
1990-10-28,0.31,19.19
1991-10-19,0.31,19.7
1993-01-27,0.31,7.84
1993-02-03,0.31,7.43
1994-08-27,0.31,30.44
1995-11-22,0.31,12.21
1995-12-03,0.31,13.58
1997-04-16,0.31,17.74
1999-01-05,0.31,0.95
1999-11-09,0.31,20.1
2002-08-11,0.31,31.3
2003-12-19,0.31,7.52
2006-02-21,0.31,4.84
2006-10-24,0.31,14.64
2007-09-16,0.31,24.56
2008-02-29,0.31,10.97
2008-09-25,0.31,25.84
2010-02-17,0.31,5.51
2016-02-27,0.31,12.7
2019-11-04,0.31,14.57
2020-05-10,0.31,19.18
2020-11-05,0.31,21.91
2021-04-23,0.31,16.1
2021-05-14,0.31,22.98
2021-11-30,0.31,14.4
2022-02-09,0.31,11.44
2022-12-18,0.31,2.74
2024-01-31,0.31,12.94
1977-10-05,0.32,19.69
1981-01-13,0.32,4.38
1983-04-27,0.32,19.17
1983-09-26,0.32,24.83
1985-03-18,0.32,13.53
1988-02-14,0.32,8.32
1988-10-14,0.32,19.9
1989-11-18,0.32,8.44
1990-09-01,0.32,30.16
1991-09-27,0.32,23.46
1992-05-04,0.32,23.93
1993-05-15,0.32,24.93
1994-03-30,0.32,12.64
1996-03-22,0.32,12.83
1996-10-11,0.32,21.43
2001-10-27,0.32,16.05
2001-11-09,0.32,15.85
2002-01-12,0.32,10.13
2005-04-15,0.32,18.42
2010-10-30,0.32,16.87
2012-01-03,0.32,7.29
2013-12-13,0.32,3.78
2015-04-30,0.32,22.09
2016-02-12,0.32,9.36
2017-01-31,0.32,10.41
2018-01-31,0.32,9.55
2020-10-05,0.32,22.98
2020-12-10,0.32,13.89
2021-12-02,0.32,16.71
2022-02-16,0.32,11.08
1975-01-28,0.33,6.46
1975-04-22,0.33,18.11
1976-01-21,0.33,6.32
1976-01-23,0.33,7.71
1976-01-24,0.33,8.54
1976-04-03,0.33,17.72
1977-01-20,0.33,3.54
1977-10-04,0.33,19.67
1978-01-29,0.33,0.39
1978-09-29,0.33,23.87
1978-12-15,0.33,6.13
1979-11-07,0.33,11.16
1981-12-08,0.33,12.63
1985-04-07,0.33,16.76
1985-05-05,0.33,22.7
1987-09-24,0.33,26.18
1988-04-09,0.33,18.24
1989-04-20,0.33,22.81
1989-10-08,0.33,19.58
1989-11-29,0.33,6.52
1989-12-02,0.33,8.4
1990-12-26,0.33,-2.05
1992-10-12,0.33,22.2
1994-01-15,0.33,2.8
1995-02-08,0.33,5.06
1995-11-05,0.33,9.11
1999-10-26,0.33,20.38
1999-11-15,0.33,19.45
2001-01-05,0.33,9.11
2002-09-04,0.33,30.4
2004-01-14,0.33,9.06
2007-02-18,0.33,7.74
2007-03-09,0.33,14.05
2009-09-01,0.33,26.39
2011-02-14,0.33,14.05
2012-04-10,0.33,19.93
2014-01-28,0.33,1.52
2014-03-24,0.33,10.3
2015-03-17,0.33,20.17
2015-08-14,0.33,31.75
2016-04-04,0.33,19.29
2021-11-29,0.33,13.06
2022-01-29,0.33,5.39
2022-03-28,0.33,16.1
2023-12-31,0.33,8.6
2024-12-07,0.33,8.2
1975-12-28,0.34,5.61
1976-01-22,0.34,7.49
1976-02-11,0.34,12.56
1976-10-14,0.34,22.27
1977-10-21,0.34,20.28
1978-03-16,0.34,10.93
1978-12-27,0.34,3.31
1981-01-06,0.34,4.52
1982-11-25,0.34,5.22
1985-01-25,0.34,5.12
1985-10-26,0.34,20.99
1985-12-17,0.34,4.08
1986-03-25,0.34,17.99
1986-10-19,0.34,18.42
1987-02-04,0.34,10.3
1987-04-09,0.34,18.99
1988-03-15,0.34,6.69
1990-01-12,0.34,10.49
1990-12-07,0.34,8.16
1991-10-11,0.34,25.06
1993-01-30,0.34,4.35
1994-02-04,0.34,4.2
1994-10-24,0.34,18.69
1995-11-20,0.34,14.74
1996-02-10,0.34,15.27
1996-10-06,0.34,22.59
1996-10-16,0.34,21.25
1997-03-22,0.34,19.0
1998-08-29,0.34,32.05
1999-09-25,0.34,25.54
2000-09-17,0.34,27.73
2000-12-03,0.34,5.28
2002-01-09,0.34,11.81
2002-01-17,0.34,5.44
2002-12-01,0.34,9.05
2006-01-25,0.34,10.58
2006-07-16,0.34,34.53
2007-04-07,0.34,10.45
2008-02-15,0.34,6.36
2008-12-05,0.34,4.48
2010-11-06,0.34,15.18
2012-02-12,0.34,3.18
2012-11-08,0.34,15.61
2013-10-21,0.34,17.36
2013-11-09,0.34,13.63
2013-12-16,0.34,6.29
2014-10-19,0.34,19.68
2016-02-08,0.34,10.04
2016-10-24,0.34,20.62
2017-03-17,0.34,15.27
2020-10-03,0.34,22.02
2020-11-20,0.34,15.77
2022-11-22,0.34,9.21
2024-02-24,0.34,13.5
2024-10-08,0.34,25.46
1974-02-09,0.35,3.86
1974-02-25,0.35,6.11
1977-02-20,0.35,11.74
1978-02-20,0.35,3.21
1979-08-07,0.35,31.56
1979-09-09,0.35,27.45
1980-04-16,0.35,18.06
1981-10-21,0.35,17.83
1981-12-11,0.35,7.85
1985-12-25,0.35,3.63
1986-10-29,0.35,18.93
1987-10-08,0.35,20.79
1988-01-23,0.35,4.16
1988-01-24,0.35,5.93
1988-02-07,0.35,1.2
1989-11-02,0.35,10.97
1990-03-26,0.35,11.57
1992-05-01,0.35,24.27
1993-09-29,0.35,23.42
1994-01-16,0.35,0.43
1995-10-16,0.35,21.71
1996-04-08,0.35,16.71
1999-03-17,0.35,15.81
1999-09-24,0.35,25.8
1999-10-03,0.35,20.1
1999-10-07,0.35,21.29
2000-05-15,0.35,22.71
2000-12-07,0.35,6.19
2001-11-08,0.35,17.58
2006-10-30,0.35,18.23
2007-01-10,0.35,8.04
2008-12-07,0.35,7.8
2010-01-04,0.35,0.5
2010-03-05,0.35,10.47
2011-01-29,0.35,10.47
2011-02-13,0.35,10.99
2011-06-04,0.35,27.05
2011-08-18,0.35,31.39
2012-01-01,0.35,11.25
2012-01-14,0.35,5.31
2012-02-08,0.35,6.34
2013-02-03,0.35,7.7
2013-12-19,0.35,9.96
2014-03-25,0.35,11.15
2017-02-02,0.35,7.81
2017-03-20,0.35,19.06
2021-11-23,0.35,12.22
2022-11-21,0.35,6.66
2023-02-07,0.35,10.79
2023-04-12,0.35,23.09
2023-12-12,0.35,9.0
2024-04-25,0.35,21.13
1973-01-24,0.36,6.84
1975-04-21,0.36,16.77
1975-10-03,0.36,22.0
1976-01-17,0.36,7.62
1979-06-15,0.36,28.86
1980-07-31,0.36,32.82
1981-12-09,0.36,10.91
1984-01-06,0.36,10.17
1984-02-05,0.36,8.67
1986-03-27,0.36,19.53
1987-01-21,0.36,1.47
1987-02-11,0.36,12.29
1987-09-02,0.36,28.3
1987-09-23,0.36,25.47
1989-01-02,0.36,4.85
1989-01-24,0.36,9.1
1990-05-07,0.36,22.61
1990-12-12,0.36,11.93
1991-02-24,0.36,9.76
1992-02-09,0.36,4.97
1994-03-05,0.36,16.5
1994-03-13,0.36,13.2
2000-02-09,0.36,12.95
2000-03-13,0.36,11.47
2001-02-02,0.36,4.69
2001-09-27,0.36,23.49
2002-04-23,0.36,19.79
2004-12-13,0.36,10.23
2004-12-20,0.36,7.35
2005-06-20,0.36,28.77
2006-09-27,0.36,24.74
2008-03-23,0.36,12.41
2011-01-23,0.36,4.42
2012-01-16,0.36,8.25
2014-10-20,0.36,20.61
2015-01-09,0.36,2.8
2015-02-15,0.36,9.81
2016-02-28,0.36,15.97
2016-11-02,0.36,19.75
2016-11-10,0.36,17.77
2020-01-21,0.36,3.81
2022-01-26,0.36,3.54
2023-02-04,0.36,5.25
2023-10-10,0.36,21.81
2023-10-16,0.36,18.15
2024-10-02,0.36,25.59
1974-04-16,0.37,16.54
1974-10-02,0.37,20.59
1976-06-08,0.37,27.15
1976-12-29,0.37,4.82
1977-02-10,0.37,11.14
1979-03-14,0.37,14.59
1984-09-17,0.37,24.17
1984-09-18,0.37,26.25
1985-01-15,0.37,3.02
1985-01-24,0.37,3.18
1987-09-22,0.37,24.93
1988-03-16,0.37,6.9
1988-10-25,0.37,18.35
1990-03-22,0.37,17.15
1990-06-25,0.37,31.18
1990-10-29,0.37,19.09
1990-12-09,0.37,12.13
1991-02-01,0.37,7.57
1993-11-09,0.37,11.38
1993-12-30,0.37,2.92
1997-04-17,0.37,18.49
1997-07-16,0.37,32.78
2000-01-01,0.37,10.82
2001-01-06,0.37,9.96
2001-01-22,0.37,4.72
2001-04-18,0.37,16.02
2001-11-11,0.37,17.18
2001-11-18,0.37,16.98
2002-03-22,0.37,9.53
2004-02-09,0.37,4.39
2004-04-28,0.37,22.79
2005-11-24,0.37,13.67
2007-05-12,0.37,26.69
2009-04-24,0.37,22.96
2010-09-13,0.37,27.66
2011-12-02,0.37,7.74
2012-10-10,0.37,18.64
2012-11-26,0.37,10.89
2013-03-26,0.37,8.23
2013-05-14,0.37,25.28
2017-11-28,0.37,16.01
2019-12-06,0.37,10.36
2020-04-11,0.37,16.29
2020-12-23,0.37,11.34
2021-04-06,0.37,22.16
2021-12-01,0.37,14.38
2022-02-15,0.37,9.34
2022-02-20,0.37,10.67
2024-09-21,0.37,28.32
1974-10-08,0.38,19.82
1975-02-27,0.38,9.6
1977-01-17,0.38,-1.73
1978-01-30,0.38,0.07
1978-02-19,0.38,1.96
1978-11-01,0.38,17.65
1979-02-10,0.38,1.8
1980-10-31,0.38,15.04
1980-11-19,0.38,7.33
1980-12-15,0.38,9.03
1987-10-03,0.38,22.81
1987-11-20,0.38,11.0
1988-01-22,0.38,3.8
1988-10-10,0.38,20.84
1988-10-12,0.38,19.94
1988-10-30,0.38,14.76
1990-10-25,0.38,18.46
1991-11-04,0.38,4.24
1991-12-31,0.38,5.6
1992-10-14,0.38,21.35
1994-01-10,0.38,4.05
1994-08-24,0.38,29.42
1997-02-09,0.38,3.29
1998-03-11,0.38,4.46
1999-10-02,0.38,21.03
2001-04-29,0.38,23.39
2001-09-29,0.38,24.04
2002-09-05,0.38,30.22
2005-02-05,0.38,11.3
2007-01-18,0.38,1.01
2007-11-10,0.38,15.98
2008-01-03,0.38,1.47
2009-01-18,0.38,7.35
2009-01-22,0.38,8.59
2010-01-09,0.38,-2.04
2015-08-25,0.38,29.01
2016-12-02,0.38,8.01
2019-03-05,0.38,0.55
2020-03-07,0.38,13.86
2021-01-09,0.38,4.68
2021-01-19,0.38,7.77
2021-03-09,0.38,16.16
2024-09-09,0.38,27.74
1978-10-30,0.39,17.92
1979-09-24,0.39,25.27
1980-02-13,0.39,4.28
1981-09-12,0.39,28.9
1982-11-16,0.39,8.09
1985-03-19,0.39,13.7
1985-12-18,0.39,3.57
1986-03-06,0.39,14.26
1987-04-28,0.39,24.89
1987-05-08,0.39,25.5
1989-12-21,0.39,-1.28
1991-10-14,0.39,21.7
1993-12-28,0.39,3.38
1994-11-08,0.39,15.87
1997-03-08,0.39,12.91
1997-09-05,0.39,26.22
2002-01-29,0.39,8.11
2002-02-18,0.39,11.71
2002-11-26,0.39,6.41
2006-12-17,0.39,10.94
2008-05-18,0.39,26.2
2008-09-16,0.39,25.28
2010-02-19,0.39,8.08
2010-09-05,0.39,27.57
2011-12-24,0.39,5.2
2012-01-31,0.39,12.41
2012-04-25,0.39,24.37
2013-11-11,0.39,14.77
2014-03-21,0.39,15.36
2014-11-12,0.39,8.14
2014-11-20,0.39,7.19
2017-12-14,0.39,8.86
2017-12-16,0.39,7.34
2019-11-17,0.39,12.36
2021-02-10,0.39,2.93
2021-02-21,0.39,6.79
2022-12-19,0.39,2.04
2024-12-20,0.39,9.51
2024-12-21,0.39,7.92
1977-01-28,0.4,5.1
1977-04-09,0.4,20.68
1978-12-26,0.4,4.73
1980-01-24,0.4,5.65
1981-01-16,0.4,4.98
1981-12-04,0.4,9.99
1982-05-02,0.4,22.23
1982-12-08,0.4,5.75
1983-05-26,0.4,25.71
1984-01-21,0.4,-4.62
1985-04-03,0.4,18.15
1986-03-04,0.4,14.03
1986-12-21,0.4,6.28
1991-02-16,0.4,6.08
1991-12-15,0.4,7.07
1992-03-15,0.4,13.68
1992-03-24,0.4,12.9
1993-10-05,0.4,24.47
1999-01-06,0.4,4.54
2000-02-03,0.4,9.16
2001-09-12,0.4,27.54
2003-01-21,0.4,7.88
2003-10-20,0.4,24.86
2003-12-21,0.4,8.9
2005-01-20,0.4,9.17
2006-12-09,0.4,7.03
2011-01-24,0.4,4.3
2012-06-22,0.4,30.4
2013-02-15,0.4,8.7
2013-10-02,0.4,24.1
2013-12-31,0.4,3.72
2015-02-18,0.4,3.95
2015-08-13,0.4,31.03
2019-01-11,0.4,6.51
2019-01-14,0.4,4.19
2019-03-16,0.4,11.16
2020-11-04,0.4,20.8
2021-06-18,0.4,32.16
2021-10-18,0.4,20.56
2021-10-19,0.4,19.9
2022-10-07,0.4,22.96
1973-02-24,0.41,9.43
1973-08-27,0.41,30.05
1974-11-27,0.41,8.05
1975-02-21,0.41,8.04
1975-10-05,0.41,23.58
1976-11-21,0.41,10.7
1976-12-24,0.41,4.83
1978-10-31,0.41,16.93
1981-02-07,0.41,5.59
1982-09-05,0.41,27.93
1984-12-09,0.41,10.48
1985-01-22,0.41,-1.38
1985-02-19,0.41,9.77
1986-02-26,0.41,14.68
1989-02-24,0.41,6.5
1990-08-27,0.41,30.12
1992-10-19,0.41,16.26
1993-02-14,0.41,5.37
1995-06-14,0.41,27.37
1997-12-31,0.41,6.87
2001-11-05,0.41,19.96
2001-12-22,0.41,7.88
2003-10-18,0.41,21.88
2004-12-14,0.41,7.01
2005-09-05,0.41,28.83
2006-12-16,0.41,12.64
2007-03-08,0.41,12.99
2007-04-06,0.41,12.39
2007-10-30,0.41,19.34
2009-04-08,0.41,15.37
2009-12-11,0.41,-0.06
2010-11-11,0.41,13.92
2011-12-01,0.41,9.9
2012-01-08,0.41,9.76
2013-02-17,0.41,8.18
2014-10-06,0.41,21.89
2016-01-03,0.41,4.34
2016-10-12,0.41,20.83
2017-11-26,0.41,15.53
2018-01-15,0.41,4.99
2018-03-10,0.41,12.62
2018-09-29,0.41,21.84
2018-12-23,0.41,8.07
2020-09-05,0.41,30.74
2020-09-19,0.41,24.33
2022-01-31,0.41,8.42
2022-10-09,0.41,20.88
2024-04-22,0.41,18.02
2024-09-10,0.41,28.83
1974-10-26,0.42,18.73
1976-02-08,0.42,6.69
1979-04-15,0.42,18.63
1979-10-14,0.42,18.65
1981-01-09,0.42,4.03
1981-09-21,0.42,24.76
1982-01-11,0.42,-5.52
1982-01-28,0.42,7.77
1982-03-23,0.42,11.86
1982-10-17,0.42,18.82
1982-11-14,0.42,6.4
1983-01-12,0.42,8.79
1983-12-18,0.42,-0.89
1985-02-14,0.42,6.57
1985-07-08,0.42,32.52
1987-09-03,0.42,27.99
1987-10-22,0.42,16.02
1988-06-22,0.42,33.79
1989-03-12,0.42,18.55
1989-12-11,0.42,4.21
1990-11-17,0.42,15.7
1992-04-26,0.42,18.62
1992-10-22,0.42,20.71
1993-10-28,0.42,15.04
1995-02-21,0.42,15.75
1997-02-02,0.42,11.71
1997-04-08,0.42,12.61
1997-09-06,0.42,27.78
1997-10-06,0.42,25.45
1998-10-24,0.42,18.61
2000-12-01,0.42,8.03
2002-02-04,0.42,6.17
2003-02-08,0.42,1.56
2003-11-22,0.42,11.25
2004-03-24,0.42,17.97
2006-03-23,0.42,8.07
2007-01-12,0.42,5.76
2008-03-26,0.42,14.97
2009-03-21,0.42,16.75
2009-11-29,0.42,11.59
2010-08-27,0.42,30.08
2012-01-02,0.42,9.39
2012-03-05,0.42,12.61
2012-11-15,0.42,11.43
2013-11-04,0.42,13.22
2014-01-22,0.42,5.26
2015-01-14,0.42,1.66
2016-01-12,0.42,3.09
2017-11-12,0.42,11.6
2018-12-06,0.42,4.29
2018-12-11,0.42,5.75
2019-02-01,0.42,5.0
2020-10-04,0.42,21.91
2022-02-11,0.42,13.46
2023-07-24,0.42,32.84
2024-10-16,0.42,20.27
2024-11-16,0.42,13.81
1973-10-20,0.43,22.04
1974-02-26,0.43,7.6
1977-01-27,0.43,5.06
1979-05-17,0.43,24.72
1980-01-25,0.43,7.6
1980-11-06,0.43,18.31
1980-12-31,0.43,10.13
1981-06-18,0.43,26.81
1982-10-18,0.43,18.82
1983-07-07,0.43,29.28
1984-01-05,0.43,9.56
1986-03-26,0.43,18.87
1988-06-12,0.43,27.91
1989-04-21,0.43,23.8
1989-11-11,0.43,17.73
1990-04-08,0.43,14.88
1991-01-01,0.43,2.45
1992-02-29,0.43,16.15
1994-02-16,0.43,10.46
1996-04-03,0.43,16.08
1996-10-13,0.43,23.56
1997-02-18,0.43,12.39
1997-05-14,0.43,23.19
1999-11-18,0.43,15.19
2001-02-19,0.43,7.49
2002-04-04,0.43,13.57
2002-11-01,0.43,7.55
2003-01-06,0.43,8.75
2003-10-22,0.43,25.2
2005-06-24,0.43,30.67
2006-11-26,0.43,12.42
2007-11-29,0.43,8.18
2009-04-23,0.43,23.75
2011-03-13,0.43,13.63
2012-09-25,0.43,24.75
2013-11-12,0.43,13.39
2015-10-16,0.43,23.41
2016-03-20,0.43,12.04
2016-06-20,0.43,30.81
2018-05-08,0.43,27.07
1975-01-27,0.44,8.09
1977-03-17,0.44,13.49
1977-03-21,0.44,11.83
1979-04-16,0.44,19.68
1981-09-11,0.44,28.01
1986-12-20,0.44,6.38
1987-05-10,0.44,27.16
1989-12-17,0.44,-2.12
1989-12-23,0.44,-4.61
1990-02-12,0.44,13.34
1992-09-13,0.44,25.28
1993-01-31,0.44,7.04
1993-11-20,0.44,9.7
1995-05-21,0.44,23.37
1995-10-08,0.44,19.49
1997-08-26,0.44,29.04
1997-11-04,0.44,13.67
2002-02-27,0.44,4.84
2003-02-09,0.44,2.57
2003-08-25,0.44,31.25
2003-10-25,0.44,18.91
2003-12-01,0.44,12.23
2004-01-10,0.44,4.92
2004-04-16,0.44,20.08
2005-06-22,0.44,30.67
2007-02-07,0.44,8.08
2007-02-17,0.44,5.97
2009-06-25,0.44,31.55
2010-02-01,0.44,2.34
2010-04-10,0.44,17.18
2010-10-18,0.44,20.89
2011-09-13,0.44,28.78
2012-11-07,0.44,15.69
2015-02-11,0.44,10.35
2016-02-06,0.44,6.7
2020-03-08,0.44,14.22
2021-01-18,0.44,8.45
2024-02-14,0.44,9.94
2024-10-15,0.44,21.64
1974-03-18,0.45,14.5
1974-04-07,0.45,15.69
1975-11-05,0.45,21.16
1976-01-13,0.45,7.06
1976-02-03,0.45,7.22
1976-02-04,0.45,7.91
1976-11-30,0.45,1.46
1977-04-26,0.45,20.73
1978-12-23,0.45,6.21
1979-12-11,0.45,12.55
1980-02-04,0.45,5.63
1980-10-02,0.45,24.83
1986-11-16,0.45,9.81
1987-04-20,0.45,22.39
1988-06-15,0.45,29.71
1988-06-16,0.45,30.21
1988-10-11,0.45,20.78
1989-04-22,0.45,24.21
1990-10-06,0.45,24.93
1990-12-01,0.45,10.11
1994-03-15,0.45,17.58
1994-05-22,0.45,24.84
1995-01-02,0.45,2.42
1995-12-21,0.45,1.6
1995-12-22,0.45,0.84
1997-10-15,0.45,18.97
1999-09-14,0.45,25.0
2001-04-17,0.45,16.5
2002-03-01,0.45,6.32
2002-09-24,0.45,24.06
2002-11-14,0.45,12.98
2002-11-20,0.45,14.03
2002-12-22,0.45,5.9
2005-01-21,0.45,10.33
2005-03-04,0.45,11.19
2006-01-05,0.45,10.39
2010-03-06,0.45,10.73
2010-10-03,0.45,22.88
2011-09-11,0.45,27.93
2011-10-24,0.45,20.75
2011-10-25,0.45,20.16
2012-03-06,0.45,14.02
2013-01-04,0.45,2.13
2013-12-01,0.45,10.55
2016-01-02,0.45,2.85
2019-11-11,0.45,13.55
2020-03-27,0.45,16.22
2020-10-15,0.45,22.4
2021-03-05,0.45,14.8
2022-01-22,0.45,3.13
2022-03-14,0.45,12.36
2022-10-08,0.45,20.85
2022-11-20,0.45,4.44
2023-02-20,0.45,11.6
1973-01-14,0.46,7.32
1973-04-06,0.46,14.5
1974-04-19,0.46,19.81
1975-11-01,0.46,16.24
1976-02-13,0.46,13.78
1981-01-17,0.46,2.77
1984-01-13,0.46,0.67
1985-06-09,0.46,30.18
1985-12-05,0.46,6.3
1986-02-27,0.46,14.93
1991-03-08,0.46,9.18
1992-01-16,0.46,1.16
1992-04-14,0.46,18.82
1993-11-11,0.46,13.39
1993-12-19,0.46,5.77
1994-02-13,0.46,4.94
1994-10-29,0.46,17.61
1995-10-13,0.46,23.73
1995-10-19,0.46,21.71
2002-01-11,0.46,10.25
2002-02-17,0.46,12.44
2003-03-25,0.46,17.55
2005-02-04,0.46,10.11
2007-02-03,0.46,0.56
2007-11-07,0.46,13.72
2008-01-01,0.46,4.42
2008-02-19,0.46,7.7
2008-10-27,0.46,17.52
2009-03-07,0.46,13.94
2009-10-19,0.46,18.68
2009-11-08,0.46,18.18
2011-11-01,0.46,17.4
2012-02-09,0.46,6.76
2013-09-05,0.46,30.09
2014-01-04,0.46,5.25
2014-03-15,0.46,15.03
2015-03-29,0.46,16.78
2015-04-05,0.46,16.14
2016-02-09,0.46,8.39
2018-01-07,0.46,4.79
2020-12-07,0.46,10.11
2021-02-24,0.46,13.64
2021-11-20,0.46,11.79
1976-11-03,0.47,15.57
1977-02-14,0.47,11.77
1977-03-02,0.47,7.59
1977-11-13,0.47,12.11
1978-09-28,0.47,24.23
1981-09-19,0.47,24.25
1981-11-10,0.47,13.4
1984-09-30,0.47,17.67
1985-03-10,0.47,15.04
1987-01-13,0.47,10.28
1987-04-08,0.47,17.76
1988-03-22,0.47,16.55
1988-06-24,0.47,32.67
1988-12-14,0.47,10.38
1989-12-14,0.47,1.86
1991-01-29,0.47,5.11
1991-02-12,0.47,10.78
1994-10-30,0.47,16.7
1995-02-24,0.47,14.96
1996-11-13,0.47,9.55
2000-02-04,0.47,9.39
2000-07-07,0.47,29.78
2001-04-19,0.47,18.54
2002-05-15,0.47,22.64
2004-12-25,0.47,1.09
2005-01-16,0.47,0.88
2006-07-19,0.47,33.83
2008-01-14,0.47,6.44
2008-12-02,0.47,9.22
2008-12-31,0.47,8.85
2009-12-29,0.47,1.93
2011-10-16,0.47,21.97
2012-11-14,0.47,10.16
2013-02-05,0.47,8.89
2013-03-16,0.47,17.3
2016-02-21,0.47,15.47
2017-09-08,0.47,26.54
2018-11-20,0.47,9.2
2020-06-02,0.47,27.44
2020-09-21,0.47,24.48
2022-09-25,0.47,26.08
2022-11-14,0.47,6.51
2024-04-24,0.47,21.64
1973-04-11,0.48,12.56
1975-09-28,0.48,22.76
1975-11-17,0.48,15.51
1976-03-20,0.48,16.27
1978-02-26,0.48,7.75
1978-10-10,0.48,21.99
1978-12-22,0.48,5.97
1980-11-02,0.48,17.11
1980-12-17,0.48,10.96
1982-02-23,0.48,13.56
1982-04-24,0.48,19.42
1984-01-22,0.48,-1.13
1984-10-30,0.48,16.21
1984-12-07,0.48,4.51
1985-04-17,0.48,22.16
1986-11-13,0.48,4.98
1988-04-10,0.48,16.59
1993-09-12,0.48,26.97
1994-05-23,0.48,26.91
1995-10-17,0.48,21.57
1997-10-01,0.48,26.26
1997-10-18,0.48,20.02
2001-01-01,0.48,1.06
2005-06-23,0.48,30.67
2008-03-06,0.48,7.98
2008-03-24,0.48,11.29
2008-04-13,0.48,15.91
2009-11-09,0.48,17.93
2010-10-13,0.48,22.18
2011-12-11,0.48,6.43
2011-12-17,0.48,6.97
2012-10-21,0.48,20.37
2016-10-11,0.48,21.67
2020-02-28,0.48,9.25
2022-03-21,0.48,16.79
2023-07-18,0.48,31.71
2023-07-22,0.48,31.55
2024-03-21,0.48,14.66
1976-06-09,0.49,28.22
1977-10-12,0.49,16.34
1977-10-14,0.49,19.51
1979-09-10,0.49,27.51
1980-02-01,0.49,-0.31
1980-02-24,0.49,10.31
1980-04-19,0.49,22.59
1980-07-15,0.49,32.22
1981-09-20,0.49,24.51
1984-12-24,0.49,6.02
1987-12-12,0.49,10.24
1988-02-29,0.49,14.2
1990-11-13,0.49,16.55
1991-11-08,0.49,8.95
1992-04-08,0.49,17.83
1994-11-24,0.49,8.17
1997-01-19,0.49,4.21
1997-03-27,0.49,17.81
1998-07-18,0.49,33.18
2001-05-09,0.49,25.18
2004-01-23,0.49,5.05
2005-03-13,0.49,14.48
2007-02-08,0.49,5.63
2007-04-29,0.49,24.99
2007-08-12,0.49,32.06
2012-11-02,0.49,16.53
2012-11-05,0.49,15.94
2013-10-22,0.49,16.98
2018-01-04,0.49,2.93
2018-04-01,0.49,14.88
2018-06-05,0.49,28.37
2018-11-19,0.49,8.41
2019-11-06,0.49,14.73
2020-02-03,0.49,13.39
2022-10-11,0.49,23.41
2023-01-21,0.49,5.3
2023-07-23,0.49,32.09
2024-04-20,0.49,17.12
1973-02-16,0.5,3.16
1974-12-18,0.5,6.04
1976-01-10,0.5,2.0
1976-12-16,0.5,9.58
1977-01-29,0.5,1.16
1978-10-20,0.5,21.34
1980-04-18,0.5,20.75
1980-07-19,0.5,32.38
1981-04-26,0.5,21.38
1981-11-07,0.5,15.93
1982-02-05,0.5,-3.29
1982-02-24,0.5,11.58
1984-01-17,0.5,-1.41
1984-03-09,0.5,7.88
1984-09-19,0.5,27.82
1985-01-26,0.5,3.75
1986-12-04,0.5,7.71
1987-06-06,0.5,27.76
1988-05-27,0.5,26.12
1988-06-20,0.5,32.92
1989-02-09,0.5,-0.7
1989-04-17,0.5,21.09
1989-10-10,0.5,21.44
1991-02-26,0.5,8.09
1992-10-26,0.5,20.27
1992-12-01,0.5,7.0
1993-12-25,0.5,3.49
1996-10-04,0.5,20.38
1998-10-13,0.5,21.2
1998-12-23,0.5,-2.42
1999-01-11,0.5,5.31
1999-03-16,0.5,14.07
1999-10-01,0.5,21.99
2001-11-02,0.5,19.14
2002-02-25,0.5,11.15
2002-10-01,0.5,23.42
2004-02-08,0.5,3.8
2004-04-17,0.5,21.39
2005-04-05,0.5,19.07
2006-04-10,0.5,18.87
2007-04-28,0.5,22.58
2007-12-06,0.5,8.16
2008-09-20,0.5,26.14
2010-04-20,0.5,19.99
2012-10-11,0.5,19.39
2013-02-06,0.5,10.5
2013-12-11,0.5,1.71
2014-01-26,0.5,8.32
2017-12-31,0.5,0.64
2019-11-18,0.5,12.91
2020-12-28,0.5,7.87
2022-04-28,0.5,19.34
2023-02-18,0.5,7.37
2024-08-21,0.5,29.27
1973-05-15,0.51,21.36
1974-06-12,0.51,27.44
1974-06-30,0.51,30.85
1974-07-13,0.51,30.9
1975-10-31,0.51,16.29
1975-12-11,0.51,9.53
1976-12-23,0.51,3.91
1978-02-27,0.51,6.39
1980-11-05,0.51,18.34
1981-01-25,0.51,11.67
1985-01-21,0.51,-3.42
1985-07-09,0.51,32.96
1985-12-31,0.51,7.26
1986-01-22,0.51,9.5
1986-01-28,0.51,4.17
1986-02-25,0.51,13.44
1986-10-08,0.51,21.34
1987-12-30,0.51,2.71
1988-01-29,0.51,9.45
1989-11-13,0.51,17.61
1990-10-30,0.51,19.58
1991-02-08,0.51,12.4
1992-01-10,0.51,6.32
1992-02-08,0.51,6.49
1992-05-05,0.51,23.28
1993-03-06,0.51,9.95
1995-04-25,0.51,16.85
1997-12-18,0.51,10.69
1998-03-13,0.51,7.77
1998-04-22,0.51,20.34
1999-11-04,0.51,16.28
2000-08-22,0.51,29.29
2000-11-28,0.51,10.12
2001-02-01,0.51,5.61
2002-03-23,0.51,9.91
2002-04-24,0.51,21.08
2002-09-29,0.51,23.05
2006-11-25,0.51,13.77
2007-11-28,0.51,8.77
2008-10-01,0.51,24.93
2010-03-07,0.51,12.09
2011-02-03,0.51,-1.75
2013-01-07,0.51,5.59
2014-01-08,0.51,0.45
2014-10-30,0.51,18.12
2014-12-01,0.51,9.01
2015-12-05,0.51,10.45
2016-01-04,0.51,5.26
2016-12-08,0.51,2.03
2018-04-29,0.51,21.27
2020-12-02,0.51,8.12
2021-04-22,0.51,14.55
2022-02-26,0.51,3.43
2023-11-09,0.51,16.44
1973-12-11,0.52,6.78
1974-04-25,0.52,19.71
1976-02-23,0.52,10.39
1977-03-16,0.52,15.07
1977-10-20,0.52,20.99
1979-09-08,0.52,28.3
1979-10-17,0.52,20.49
1979-12-20,0.52,10.53
1980-10-20,0.52,17.69
1984-01-02,0.52,4.46
1985-12-30,0.52,5.92
1986-04-11,0.52,17.03
1987-10-05,0.52,23.24
1989-02-01,0.52,13.16
1992-01-31,0.52,11.7
1993-02-01,0.52,9.83
1996-04-07,0.52,14.58
1998-01-30,0.52,10.31
1998-09-06,0.52,31.33
2001-12-10,0.52,8.82
2002-02-28,0.52,5.13
2006-10-02,0.52,26.07
2008-01-21,0.52,-0.29
2010-01-27,0.52,4.53
2010-10-09,0.52,24.07
2010-10-14,0.52,21.99
2012-11-23,0.52,14.66
2013-10-09,0.52,21.06
2014-02-23,0.52,10.46
2016-02-13,0.52,8.41
2017-10-31,0.52,13.02
2018-04-19,0.52,16.23
2018-04-28,0.52,21.87
2020-09-27,0.52,25.62
2020-11-17,0.52,14.61
2024-09-20,0.52,27.99
2024-10-13,0.52,25.07
2024-12-13,0.52,5.28
1973-05-16,0.53,23.12
1974-12-23,0.53,7.25
1975-03-03,0.53,7.81
1976-01-16,0.53,8.16
1976-05-10,0.53,23.05
1977-03-26,0.53,13.92
1979-09-16,0.53,25.16
1979-10-08,0.53,24.39
1980-03-19,0.53,12.5
1981-09-10,0.53,27.09
1982-01-29,0.53,6.77
1982-05-03,0.53,23.41
1983-11-30,0.53,4.26
1985-01-11,0.53,0.65
1985-04-08,0.53,16.32
1987-01-08,0.53,4.94
1988-02-28,0.53,14.8
1988-10-05,0.53,19.07
1989-01-21,0.53,8.09
1989-04-13,0.53,16.25
1992-01-17,0.53,3.01
1993-02-06,0.53,8.34
1993-10-23,0.53,18.56
1995-09-04,0.53,30.73
1996-11-04,0.53,13.08
1997-05-18,0.53,26.02
1999-11-06,0.53,18.74
2001-02-04,0.53,7.79
2003-01-17,0.53,3.45
2003-08-24,0.53,30.38
2003-11-08,0.53,8.9
2004-11-09,0.53,15.22
2006-09-30,0.53,23.93
2007-12-22,0.53,6.79
2008-03-10,0.53,10.69
2008-03-22,0.53,13.49
2008-04-17,0.53,18.09
2008-10-02,0.53,23.97
2009-01-13,0.53,6.49
2009-12-28,0.53,3.05
2010-02-14,0.53,5.78
2010-11-01,0.53,16.71
2011-10-01,0.53,24.26
2011-12-12,0.53,6.67
2015-03-30,0.53,18.53
2017-12-10,0.53,7.65
2018-04-10,0.53,13.84
2019-12-19,0.53,4.71
2020-09-15,0.53,26.91
2020-10-01,0.53,24.29
2020-11-27,0.53,11.31
2021-04-13,0.53,17.3
2021-11-24,0.53,12.37
2022-10-10,0.53,22.34
2023-07-26,0.53,33.1
2023-11-14,0.53,15.79
1976-10-22,0.54,14.33
1977-01-18,0.54,-0.21
1977-03-15,0.54,14.59
1977-10-18,0.54,19.96
1978-10-12,0.54,23.06
1980-05-06,0.54,25.09
1980-07-07,0.54,31.62
1980-12-16,0.54,10.7
1982-01-07,0.54,2.2
1983-07-09,0.54,29.77
1983-08-14,0.54,30.3
1985-01-05,0.54,4.73
1985-12-04,0.54,4.22
1985-12-28,0.54,4.26
1986-03-21,0.54,10.5
1986-12-31,0.54,6.83
1987-01-12,0.54,7.48
1988-04-11,0.54,18.31
1988-06-18,0.54,30.24
1990-09-28,0.54,25.4
1992-02-01,0.54,12.44
1992-03-02,0.54,17.3
1992-03-16,0.54,13.46
1994-03-14,0.54,15.56
1994-08-07,0.54,29.73
1994-08-25,0.54,30.59
1997-11-18,0.54,7.18
1999-11-19,0.54,14.66
2002-10-31,0.54,7.85
2003-01-15,0.54,4.43
2003-03-24,0.54,17.88
2003-04-28,0.54,21.07
2005-03-12,0.54,15.2
2007-01-23,0.54,3.64
2007-03-18,0.54,16.02
2008-03-13,0.54,15.48
2009-03-19,0.54,17.68
2009-05-31,0.54,27.23
2010-10-19,0.54,19.76
2012-04-08,0.54,18.0
2014-11-13,0.54,3.82
2016-01-25,0.54,6.93
2016-02-07,0.54,8.96
2016-04-03,0.54,16.87
2016-06-08,0.54,28.87
2017-02-01,0.54,10.49
2017-12-13,0.54,9.32
2022-11-17,0.54,5.81
2024-12-22,0.54,7.98
1974-05-07,0.55,21.03
1975-01-15,0.55,4.89
1975-08-09,0.55,29.8
1976-08-21,0.55,29.99
1977-01-16,0.55,0.51
1978-02-05,0.55,4.33
1979-05-18,0.55,24.49
1979-08-05,0.55,31.73
1979-12-19,0.55,9.63
1980-01-28,0.55,-1.96
1980-02-25,0.55,9.62
1984-01-12,0.55,1.53
1984-03-11,0.55,8.29
1985-04-10,0.55,17.21
1986-10-15,0.55,17.59
1988-04-05,0.55,20.53
1989-09-27,0.55,23.12
1990-10-16,0.55,21.02
1991-01-21,0.55,3.07
1993-10-11,0.55,16.68
1993-11-10,0.55,12.23
1995-02-25,0.55,13.67
1999-01-12,0.55,8.42
2001-09-11,0.55,27.14
2002-09-03,0.55,30.08
2003-02-11,0.55,6.31
2004-02-13,0.55,2.61
2004-09-11,0.55,27.88
2004-11-10,0.55,14.33
2005-06-19,0.55,27.08
2007-09-17,0.55,25.67
2008-01-13,0.55,7.42
2011-05-06,0.55,21.29
2011-10-21,0.55,17.44
2012-02-27,0.55,9.09
2012-04-07,0.55,16.57
2015-01-28,0.55,11.46
2015-04-22,0.55,19.22
2015-09-02,0.55,30.38
2019-03-27,0.55,15.49
2020-05-11,0.55,19.59
2021-01-14,0.55,10.61
2021-04-18,0.55,15.68
2021-09-07,0.55,30.2
1973-08-25,0.56,27.94
1973-08-28,0.56,30.21
1974-10-04,0.56,19.46
1974-11-14,0.56,11.17
1974-11-26,0.56,9.3
1976-04-12,0.56,17.89
1978-01-23,0.56,2.47
1978-10-07,0.56,19.98
1978-10-11,0.56,23.03
1978-12-12,0.56,4.89
1979-02-02,0.56,-2.27
1979-02-09,0.56,1.98
1980-02-02,0.56,1.78
1980-12-11,0.56,5.64
1980-12-29,0.56,10.65
1981-01-18,0.56,3.69
1981-02-05,0.56,2.23
1981-04-16,0.56,18.93
1982-09-08,0.56,27.04
1985-02-27,0.56,9.88
1986-10-28,0.56,19.2
1986-12-13,0.56,4.63
1988-09-26,0.56,24.43
1988-12-19,0.56,8.37
1989-11-21,0.56,15.86
1990-07-04,0.56,31.1
1991-03-10,0.56,12.32
1992-11-07,0.56,7.94
1994-03-17,0.56,14.8
1994-03-31,0.56,14.39
1996-12-04,0.56,6.4
1997-02-17,0.56,10.62
1997-05-06,0.56,23.01
1999-10-13,0.56,23.52
2000-08-16,0.56,31.36
2002-01-04,0.56,4.06
2003-01-16,0.56,3.54
2003-11-01,0.56,13.42
2004-02-20,0.56,11.54
2005-04-18,0.56,22.66
2006-04-28,0.56,21.33
2007-01-25,0.56,6.47
2007-03-10,0.56,15.75
2007-10-11,0.56,20.68
2008-11-21,0.56,8.34
2008-12-03,0.56,10.52
2009-01-14,0.56,5.5
2009-09-02,0.56,27.33
2011-01-07,0.56,6.39
2012-04-11,0.56,19.12
2013-10-23,0.56,17.27
2014-05-03,0.56,21.44
2015-01-01,0.56,-0.95
2018-03-04,0.56,12.32
2020-01-31,0.56,6.44
2020-11-07,0.56,20.63
2020-12-19,0.56,6.83
2021-01-10,0.56,3.63
2021-11-01,0.56,14.97
2022-05-11,0.56,23.99
2023-07-27,0.56,33.49
2023-11-04,0.56,17.31
2024-04-15,0.56,23.66
1975-09-30,0.57,23.16
1977-01-19,0.57,1.09
1977-10-16,0.57,19.61
1978-08-21,0.57,28.97
1979-06-13,0.57,28.65
1979-10-27,0.57,17.56
1984-12-08,0.57,8.26
1985-01-07,0.57,6.19
1985-01-12,0.57,-1.51
1988-06-05,0.57,26.7
1988-06-21,0.57,33.44
1992-09-29,0.57,23.52
1992-10-27,0.57,19.39
1993-02-05,0.57,8.14
1993-07-31,0.57,31.23
1993-09-11,0.57,26.94
1994-03-06,0.57,15.7
1994-04-17,0.57,22.69
1995-02-03,0.57,12.39
1996-01-11,0.57,7.65
1997-04-18,0.57,18.42
1997-12-12,0.57,2.67
2001-02-07,0.57,8.5
2001-03-27,0.57,9.13
2001-12-28,0.57,5.01
2003-01-24,0.57,0.64
2003-12-02,0.57,10.47
2003-12-20,0.57,7.85
2005-02-17,0.57,8.31
2005-09-18,0.57,25.77
2006-02-06,0.57,7.83
2006-03-27,0.57,12.94
2007-08-13,0.57,32.49
2009-07-20,0.57,30.12
2009-08-04,0.57,31.2
2010-12-05,0.57,6.46
2013-02-01,0.57,5.48
2014-03-19,0.57,11.74
2014-05-02,0.57,19.4
2015-03-28,0.57,16.06
2015-05-01,0.57,22.63
2016-11-17,0.57,17.35
2017-11-11,0.57,10.15
2017-12-01,0.57,12.87
2018-01-06,0.57,3.57
2021-02-09,0.57,3.26
2021-05-07,0.57,22.65
2021-06-16,0.57,31.36
2022-11-13,0.57,7.54
2023-03-19,0.57,7.14
2023-07-25,0.57,32.9
1973-05-19,0.58,25.65
1976-09-23,0.58,23.46
1977-12-20,0.58,5.92
1981-09-29,0.58,23.65
1984-01-30,0.58,8.94
1984-11-15,0.58,12.8
1986-09-13,0.58,23.8
1986-12-26,0.58,6.45
1987-01-07,0.58,6.97
1987-11-23,0.58,11.23
1988-10-06,0.58,18.42
1988-10-26,0.58,17.89
1989-01-31,0.58,13.19
1990-02-14,0.58,7.47
1992-10-20,0.58,17.2
1992-12-19,0.58,3.98
1993-12-07,0.58,7.3
1994-09-20,0.58,26.81
1995-02-26,0.58,13.71
1995-05-22,0.58,23.92
1995-10-10,0.58,21.94
1996-01-09,0.58,6.11
1996-02-16,0.58,9.33
1997-02-24,0.58,5.89
1997-05-17,0.58,25.28
1999-10-23,0.58,20.0
2000-01-21,0.58,5.2
2000-04-10,0.58,17.72
2000-06-08,0.58,28.46
2001-10-26,0.58,16.21
2002-05-16,0.58,23.51
2004-03-19,0.58,17.72
2005-03-05,0.58,13.04
2005-10-27,0.58,16.2
2006-03-16,0.58,11.57
2006-10-14,0.58,16.99
2007-08-15,0.58,32.39
2008-02-10,0.58,9.11
2008-02-11,0.58,6.37
2008-10-28,0.58,15.26
2009-02-06,0.58,9.47
2009-04-09,0.58,16.59
2010-02-20,0.58,7.45
2011-09-02,0.58,30.53
2012-09-23,0.58,25.18
2012-11-25,0.58,10.74
2014-10-18,0.58,20.34
2015-10-07,0.58,22.48
2019-01-27,0.58,6.22
2019-04-01,0.58,12.01
2020-04-21,0.58,19.54
2020-09-20,0.58,23.6
2020-12-11,0.58,11.71
2022-04-02,0.58,15.52
1974-04-26,0.59,21.09
1977-06-03,0.59,27.6
1979-04-06,0.59,14.77
1980-12-28,0.59,9.82
1982-10-05,0.59,22.58
1982-10-19,0.59,18.22
1984-04-01,0.59,11.36
1984-05-11,0.59,23.36
1984-08-28,0.59,31.13
1986-01-24,0.59,8.34
1987-02-19,0.59,5.43
1987-04-02,0.59,14.79
1987-04-19,0.59,23.51
1988-12-13,0.59,7.44
1988-12-15,0.59,7.83
1989-01-18,0.59,10.01
1991-10-12,0.59,25.03
1993-12-31,0.59,4.69
1995-11-04,0.59,9.1
1996-04-10,0.59,18.84
1998-04-23,0.59,21.78
1998-11-28,0.59,16.34
1999-04-20,0.59,20.98
2000-04-05,0.59,18.59
2000-09-16,0.59,27.59
2001-01-21,0.59,3.1
2002-12-06,0.59,4.41
2004-09-12,0.59,28.48
2005-09-04,0.59,29.39
2006-01-06,0.59,9.2
2006-04-13,0.59,23.18
2007-01-17,0.59,0.41
2007-05-20,0.59,23.74
2009-01-12,0.59,6.64
2009-12-04,0.59,3.24
2010-05-09,0.59,18.35
2010-10-31,0.59,17.39
2011-02-23,0.59,7.84
2011-09-12,0.59,28.63
2011-12-19,0.59,9.66
2014-03-23,0.59,11.47
2014-10-25,0.59,21.72
2015-10-13,0.59,24.73
2016-02-29,0.59,15.99
2017-03-04,0.59,11.36
2018-01-17,0.59,1.16
2019-01-02,0.59,2.36
2019-09-01,0.59,28.94
2019-12-04,0.59,9.15
2020-04-15,0.59,11.82
2022-01-18,0.59,8.56
2023-11-24,0.59,8.77
2023-12-21,0.59,10.6
1974-10-21,0.6,17.59
1975-03-31,0.6,9.13
1976-04-04,0.6,17.93
1977-05-12,0.6,21.65
1979-01-23,0.6,2.39
1979-04-07,0.6,14.56
1980-01-03,0.6,4.94
1980-02-29,0.6,10.39
1980-12-21,0.6,0.36
1981-01-19,0.6,7.28
1981-11-04,0.6,18.2
1982-09-09,0.6,27.65
1983-07-08,0.6,29.44
1985-03-09,0.6,13.81
1989-01-17,0.6,8.05
1989-02-07,0.6,-3.55
1990-02-13,0.6,12.49
1992-11-18,0.6,11.7
1994-01-21,0.6,3.07
1994-02-14,0.6,7.28
1996-04-09,0.6,18.33
1997-04-14,0.6,12.33
1997-11-17,0.6,5.54
1999-03-24,0.6,14.87
1999-11-13,0.6,20.12
1999-12-01,0.6,11.45
2002-02-02,0.6,6.15
2004-03-08,0.6,14.53
2004-10-03,0.6,21.88
2005-03-03,0.6,9.58
2005-04-16,0.6,19.69
2006-01-07,0.6,9.52
2006-10-13,0.6,16.33
2006-11-01,0.6,12.58
2007-01-31,0.6,1.79
2008-05-19,0.6,26.51
2011-06-06,0.6,29.77
2012-05-18,0.6,26.44
2012-09-11,0.6,27.46
2014-10-27,0.6,21.08
2017-11-29,0.6,13.92
2019-02-19,0.6,1.15
2019-03-20,0.6,13.45
2020-05-07,0.6,21.13
2020-08-18,0.6,31.97
2020-10-09,0.6,25.36
2024-02-22,0.6,15.14
1973-10-25,0.61,19.93
1976-02-20,0.61,11.85
1976-05-03,0.61,19.5
1976-08-24,0.61,30.06
1981-01-12,0.61,2.38
1984-01-31,0.61,6.92
1986-12-05,0.61,6.6
1987-08-21,0.61,30.65
1987-12-13,0.61,6.06
1990-03-25,0.61,9.76
1990-05-01,0.61,17.1
1990-11-01,0.61,20.3
1991-11-07,0.61,9.58
1992-10-24,0.61,22.29
1995-11-16,0.61,12.18
1996-01-05,0.61,1.84
1996-03-21,0.61,11.34
1997-03-21,0.61,18.81
1997-07-05,0.61,28.44
1997-09-08,0.61,28.77
1998-04-11,0.61,17.55
1998-12-18,0.61,10.31
2000-01-07,0.61,6.27
2001-11-12,0.61,16.42
2004-03-18,0.61,16.02
2005-02-26,0.61,9.67
2005-03-07,0.61,15.64
2005-11-03,0.61,18.35
2006-11-21,0.61,12.33
2007-05-13,0.61,26.49
2007-09-03,0.61,30.4
2007-11-14,0.61,17.39
2009-03-05,0.61,13.29
2009-05-30,0.61,27.08
2010-08-26,0.61,29.44
2011-06-01,0.61,26.56
2011-10-31,0.61,15.99
2012-05-17,0.61,26.91
2013-10-28,0.61,17.09
2016-12-21,0.61,7.27
2017-12-03,0.61,13.84
2018-04-18,0.61,15.72
2018-10-21,0.61,18.37
2019-10-14,0.61,18.82
2020-12-27,0.61,8.0
2021-03-06,0.61,13.65
2021-09-26,0.61,26.29
2021-11-16,0.61,16.24
2022-09-24,0.61,23.84
2023-10-17,0.61,19.48
2024-09-08,0.61,27.33
1973-01-05,0.62,-0.63
1973-10-17,0.62,19.61
1974-10-27,0.62,18.91
1976-11-16,0.62,8.35
1976-11-25,0.62,11.69
1979-12-05,0.62,12.89
1979-12-10,0.62,11.97
1981-03-13,0.62,13.7
1982-09-07,0.62,27.19
1984-09-20,0.62,27.82
1985-01-13,0.62,-0.77
1986-01-15,0.62,7.49
1987-04-23,0.62,22.45
1988-05-16,0.62,27.29
1988-09-27,0.62,24.83
1989-04-18,0.62,20.94
1990-06-05,0.62,25.74
1990-06-06,0.62,26.4
1991-12-05,0.62,5.0
1992-03-12,0.62,9.68
1993-01-29,0.62,7.02
1993-11-04,0.62,14.76
1996-08-14,0.62,30.67
1999-12-08,0.62,9.31
2002-11-27,0.62,5.98
2003-09-25,0.62,24.79
2005-05-03,0.62,15.56
2006-01-27,0.62,9.25
2006-10-23,0.62,13.76
2007-11-04,0.62,17.09
2010-11-19,0.62,10.95
2011-03-02,0.62,11.13
2011-03-12,0.62,14.05
2011-03-18,0.62,17.3
2013-03-08,0.62,10.8
2014-01-07,0.62,-1.35
2015-01-25,0.62,10.0
2015-10-17,0.62,20.33
2019-01-30,0.62,1.53
2021-03-22,0.62,15.44
2022-01-12,0.62,7.95
2023-04-13,0.62,22.24
2023-11-08,0.62,18.3
2024-09-11,0.62,28.76
2024-10-01,0.62,26.17
1974-09-15,0.63,23.17
1974-10-03,0.63,19.72
1976-05-09,0.63,20.54
1976-09-22,0.63,23.14
1981-02-13,0.63,4.23
1981-12-24,0.63,3.78
1985-01-16,0.63,2.74
1986-01-09,0.63,4.39
1986-01-25,0.63,7.86
1986-04-24,0.63,19.34
1986-12-17,0.63,8.12
1990-04-13,0.63,15.66
1990-11-14,0.63,16.73
1994-03-07,0.63,14.71
1996-04-04,0.63,15.58
1996-12-18,0.63,0.09
1998-01-31,0.63,9.65
1998-10-12,0.63,20.81
2000-09-30,0.63,25.24
2001-03-24,0.63,14.39
2001-06-25,0.63,29.38
2002-02-09,0.63,10.55
2002-03-04,0.63,4.58
2002-11-30,0.63,11.18
2004-02-21,0.63,10.35
2004-12-12,0.63,11.76
2006-03-24,0.63,9.9
2006-04-11,0.63,20.36
2006-12-19,0.63,8.15
2008-11-24,0.63,10.94
2009-02-02,0.63,9.3
2009-02-08,0.63,12.61
2010-03-04,0.63,9.43
2010-12-08,0.63,4.88
2017-05-08,0.63,22.15
2017-12-26,0.63,1.02
2017-12-28,0.63,0.36
2018-10-30,0.63,17.85
2018-11-17,0.63,11.08
2019-01-29,0.63,5.43
2019-05-15,0.63,23.66
2021-01-06,0.63,8.81
2021-05-15,0.63,23.87
2021-11-27,0.63,11.17
2023-03-07,0.63,11.86
2024-11-17,0.63,13.02
1973-02-17,0.64,2.21
1974-02-27,0.64,10.29
1976-03-07,0.64,8.81
1976-04-11,0.64,19.53
1979-11-16,0.64,13.08
1984-08-26,0.64,28.81
1985-03-06,0.64,8.46
1985-03-08,0.64,12.07
1986-12-29,0.64,6.31
1989-07-10,0.64,31.37
1989-10-04,0.64,18.82
1989-10-25,0.64,21.52
1991-08-23,0.64,31.15
1991-09-22,0.64,22.04
1991-10-18,0.64,21.61
1993-02-28,0.64,4.44
1993-10-27,0.64,15.47
1994-12-19,0.64,8.63
1995-03-17,0.64,18.32
1995-09-11,0.64,25.18
1996-03-03,0.64,8.26
1996-07-02,0.64,32.23
1997-02-16,0.64,9.25
1998-10-14,0.64,20.84
1998-12-16,0.64,10.3
1998-12-31,0.64,4.79
1999-07-30,0.64,33.22
2000-10-20,0.64,21.84
2002-03-24,0.64,12.38
2002-11-21,0.64,15.25
2004-03-07,0.64,13.53
2006-01-09,0.64,10.64
2006-01-16,0.64,8.58
2009-11-07,0.64,18.28
2011-01-03,0.64,2.94
2011-11-11,0.64,12.13
2012-10-08,0.64,16.3
2013-04-21,0.64,15.41
2014-05-18,0.64,22.29
2014-11-21,0.64,8.38
2016-04-05,0.64,18.44
2016-07-21,0.64,32.61
2017-09-09,0.64,26.68
2019-09-04,0.64,30.19
2019-12-03,0.64,7.22
2020-01-09,0.64,7.82
2020-10-16,0.64,18.78
2021-01-20,0.64,6.78
2021-12-05,0.64,12.59
2022-03-02,0.64,16.22
2022-09-27,0.64,25.79
2023-11-02,0.64,12.07
2024-09-30,0.64,27.83
1975-04-20,0.65,15.88
1976-11-19,0.65,14.47
1978-02-25,0.65,9.45
1978-10-29,0.65,18.36
1979-03-08,0.65,12.46
1979-10-11,0.65,20.2
1979-11-06,0.65,11.98
1980-05-04,0.65,24.13
1981-03-14,0.65,13.41
1984-12-02,0.65,7.53
1986-01-29,0.65,7.92
1990-12-13,0.65,10.18
1996-10-14,0.65,23.26
1996-11-10,0.65,12.38
1999-03-02,0.65,14.46
2002-11-24,0.65,11.22
2003-01-10,0.65,7.95
2005-01-26,0.65,11.12
2005-10-30,0.65,16.07
2006-07-18,0.65,34.24
2007-01-09,0.65,9.0
2007-05-19,0.65,23.72
2008-11-01,0.65,20.09
2009-01-10,0.65,7.49
2009-06-23,0.65,29.31
2012-11-28,0.65,9.12
2014-01-01,0.65,4.64
2014-02-25,0.65,8.0
2015-09-01,0.65,29.39
2016-01-01,0.65,2.83
2017-06-11,0.65,27.91
2017-12-22,0.65,6.34
2021-09-11,0.65,28.95
2022-02-08,0.65,9.4
2022-04-10,0.65,17.37
2022-10-06,0.65,23.96
2023-01-27,0.65,5.31
2024-10-07,0.65,25.92
1973-02-26,0.66,10.41
1973-05-18,0.66,24.91
1974-09-05,0.66,24.42
1976-12-14,0.66,6.74
1978-10-25,0.66,17.57
1980-01-01,0.66,5.95
1980-04-20,0.66,24.33
1980-07-12,0.66,33.02
1980-10-29,0.66,10.37
1980-11-04,0.66,18.22
1985-03-26,0.66,14.29
1985-07-10,0.66,32.98
1989-05-08,0.66,23.81
1989-12-06,0.66,12.37
1990-01-22,0.66,7.91
1991-08-22,0.66,30.65
1992-03-25,0.66,14.38
1992-11-28,0.66,5.78
1992-12-24,0.66,6.51
1995-04-01,0.66,13.22
1997-05-12,0.66,22.44
1999-01-28,0.66,8.98
1999-03-05,0.66,10.25
1999-10-20,0.66,16.66
2000-04-07,0.66,18.97
2000-04-29,0.66,21.02
2000-10-19,0.66,22.03
2006-03-04,0.66,10.67
2008-03-02,0.66,13.97
2009-07-19,0.66,29.6
2011-11-25,0.66,14.01
2015-01-26,0.66,10.82
2016-10-23,0.66,20.15
2021-01-15,0.66,9.34
2021-02-04,0.66,9.46
2021-04-21,0.66,14.84
2022-11-23,0.66,11.34
2023-11-25,0.66,5.94
2024-08-25,0.66,29.3
1975-09-29,0.67,22.93
1976-11-17,0.67,10.61
1978-01-02,0.67,-0.15
1978-01-22,0.67,0.48
1979-04-08,0.67,16.72
1979-10-18,0.67,20.29
1980-03-23,0.67,11.77
1981-01-22,0.67,8.26
1981-11-08,0.67,15.82
1983-05-25,0.67,25.89
1983-07-11,0.67,29.44
1983-07-13,0.67,31.54
1983-10-25,0.67,16.39
1985-01-18,0.67,5.57
1987-04-29,0.67,24.52
1988-02-21,0.67,9.89
1988-09-07,0.67,26.53
1990-09-02,0.67,30.55
1991-11-09,0.67,9.27
1992-01-25,0.67,7.77
1992-03-20,0.67,12.07
1997-09-30,0.67,26.07
1999-01-26,0.67,7.61
1999-03-20,0.67,14.95
1999-04-07,0.67,18.1
1999-10-24,0.67,17.82
1999-12-17,0.67,7.92
2000-08-14,0.67,31.02
2002-08-07,0.67,28.72
2003-04-01,0.67,18.15
2005-03-10,0.67,12.33
2006-07-01,0.67,31.28
2007-04-21,0.67,19.82
2007-11-23,0.67,6.21
2010-01-03,0.67,0.69
2010-04-19,0.67,19.5
2010-10-08,0.67,23.39
2011-11-12,0.67,13.22
2012-11-04,0.67,15.86
2012-12-06,0.67,13.18
2014-07-26,0.67,30.46
2016-12-31,0.67,7.2
2017-10-13,0.67,20.26
2020-05-02,0.67,23.8
2022-04-03,0.67,17.11
2023-01-07,0.67,7.77
2023-04-10,0.67,19.3
2023-09-29,0.67,25.27
2024-03-12,0.67,15.96
1974-09-30,0.68,21.91
1975-01-17,0.68,5.94
1976-03-23,0.68,14.54
1976-05-04,0.68,19.33
1976-12-30,0.68,2.83
1978-09-30,0.68,23.98
1980-02-05,0.68,6.19
1980-05-03,0.68,22.91
1980-12-30,0.68,10.17
1982-04-23,0.68,17.13
1982-09-04,0.68,28.47
1982-09-23,0.68,23.46
1984-01-04,0.68,7.58
1984-02-06,0.68,5.98
1984-11-07,0.68,14.09
1984-12-25,0.68,5.12
1985-06-20,0.68,27.84
1987-01-14,0.68,9.77
1988-10-07,0.68,18.77
1988-12-07,0.68,11.29
1989-09-24,0.68,21.59
1990-11-30,0.68,9.46
1993-03-10,0.68,13.69
1993-11-22,0.68,11.49
1994-09-11,0.68,26.58
1995-01-03,0.68,1.15
1995-09-02,0.68,30.81
1997-08-02,0.68,30.48
1997-09-07,0.68,28.37
1999-02-11,0.68,12.36
2000-02-10,0.68,12.94
2000-04-26,0.68,20.5
2000-12-21,0.68,2.08
2000-12-24,0.68,2.01
2002-01-05,0.68,5.27
2002-02-10,0.68,8.67
2003-11-10,0.68,10.9
2003-11-26,0.68,7.39
2003-12-31,0.68,6.71
2006-01-26,0.68,9.68
2008-05-01,0.68,19.71
2010-09-06,0.68,27.0
2011-01-30,0.68,9.49
2011-08-23,0.68,31.74
2011-09-01,0.68,30.78
2012-10-07,0.68,15.77
2014-12-30,0.68,1.45
2015-11-26,0.68,10.57
2017-12-27,0.68,-0.1
2019-12-27,0.68,8.62
2021-04-20,0.68,16.1
2023-11-23,0.68,12.08
2024-02-26,0.68,16.08
1973-01-31,0.69,6.0
1973-05-05,0.69,19.34
1975-12-09,0.69,8.99
1976-10-19,0.69,12.6
1977-10-03,0.69,20.43
1978-02-16,0.69,1.06
1979-03-26,0.69,10.43
1979-10-28,0.69,17.69
1980-10-03,0.69,22.82
1980-12-06,0.69,8.96
1981-02-15,0.69,11.72
1981-04-25,0.69,20.9
1982-12-18,0.69,8.73
1983-07-12,0.69,30.25
1983-10-16,0.69,18.26
1984-06-03,0.69,25.17
1986-04-23,0.69,19.2
1988-05-13,0.69,26.99
1990-03-04,0.69,11.78
1990-06-18,0.69,29.43
1991-10-02,0.69,25.64
1992-04-24,0.69,19.87
1993-12-20,0.69,5.3
1994-12-13,0.69,3.49
1995-04-15,0.69,16.91
1995-10-09,0.69,20.39
1997-04-15,0.69,15.22
2002-04-03,0.69,14.9
2003-10-06,0.69,23.37
2005-09-02,0.69,29.32
2005-09-08,0.69,28.86
2006-10-01,0.69,25.42
2008-10-21,0.69,18.58
2010-02-16,0.69,4.61
2010-12-07,0.69,4.53
2011-03-04,0.69,12.08
2013-10-20,0.69,17.04
2014-04-09,0.69,19.28
2016-06-25,0.69,30.33
2016-09-12,0.69,27.45
2016-09-28,0.69,25.2
2016-10-19,0.69,21.47
2016-11-14,0.69,17.1
2016-11-26,0.69,11.43
2018-02-13,0.69,3.99
2019-07-25,0.69,29.52
2020-01-06,0.69,8.69
2020-06-01,0.69,26.29
2022-02-01,0.69,9.96
2022-04-09,0.69,16.7
2022-10-19,0.69,16.23
2024-10-27,0.69,21.23
1973-03-19,0.7,11.82
1973-10-21,0.7,21.61
1975-10-28,0.7,16.19
1978-06-12,0.7,27.71
1979-11-19,0.7,14.3
1981-12-12,0.7,6.76
1983-01-17,0.7,4.99
1986-01-02,0.7,6.82
1988-02-06,0.7,-1.25
1990-01-16,0.7,10.56
1990-04-16,0.7,20.46
1990-09-03,0.7,30.22
1991-03-11,0.7,12.76
1992-05-06,0.7,22.67
1992-12-26,0.7,3.32
1994-02-27,0.7,5.04
1994-12-12,0.7,2.68
1994-12-20,0.7,8.52
1995-03-31,0.7,11.6
1996-01-13,0.7,10.69
1996-05-02,0.7,20.43
1998-03-14,0.7,10.89
1999-10-15,0.7,22.17
2000-01-22,0.7,4.95
2001-12-20,0.7,8.51
2003-02-05,0.7,4.9
2003-02-12,0.7,7.71
2003-05-30,0.7,29.12
2008-01-15,0.7,5.42
2010-01-14,0.7,7.65
2011-01-05,0.7,4.52
2011-06-05,0.7,28.51
2015-09-27,0.7,26.69
2017-10-14,0.7,20.72
2022-03-03,0.7,16.82
1973-02-04,0.71,9.45
1973-02-18,0.71,3.35
1973-12-03,0.71,11.01
1976-03-22,0.71,14.01
1976-04-09,0.71,17.28
1977-12-04,0.71,10.92
1977-12-08,0.71,4.31
1979-08-06,0.71,31.69
1979-10-09,0.71,22.76
1980-07-14,0.71,32.0
1981-03-11,0.71,12.06
1981-09-18,0.71,23.31
1982-02-06,0.71,-2.45
1987-07-16,0.71,29.69
1989-04-24,0.71,21.9
1990-03-21,0.71,15.3
1991-10-17,0.71,23.01
1997-05-15,0.71,23.36
1997-10-04,0.71,24.71
2000-12-20,0.71,2.59
2001-12-21,0.71,8.23
2002-01-01,0.71,0.9
2002-10-18,0.71,17.18
2003-01-25,0.71,3.02
2003-08-21,0.71,32.17
2004-10-04,0.71,22.92
2005-01-17,0.71,1.71
2005-03-14,0.71,10.64
2006-02-19,0.71,-1.12
2006-03-02,0.71,14.78
2006-03-05,0.71,11.35
2006-06-30,0.71,31.02
2006-09-07,0.71,27.82
2006-11-20,0.71,11.91
2009-05-19,0.71,25.36
2010-11-29,0.71,8.09
2011-01-08,0.71,5.75
2011-11-02,0.71,16.2
2012-02-10,0.71,7.97
2013-04-02,0.71,14.74
2014-03-08,0.71,11.14
2014-05-06,0.71,23.09
2015-12-20,0.71,7.47
2017-02-12,0.71,14.1
2018-01-26,0.71,9.1
2020-02-02,0.71,11.95
2020-12-04,0.71,8.48
2021-01-17,0.71,7.95
2021-05-13,0.71,20.53
2024-06-14,0.71,31.13
2024-10-25,0.71,21.01
1974-03-24,0.72,8.3
1975-03-04,0.72,6.89
1975-08-10,0.72,30.47
1977-04-12,0.72,21.5
1979-03-10,0.72,10.24
1980-03-10,0.72,12.45
1981-03-08,0.72,8.48
1981-11-11,0.72,14.07
1982-12-07,0.72,8.68
1983-05-24,0.72,25.62
1984-09-16,0.72,23.25
1985-09-16,0.72,23.36
1987-01-27,0.72,6.43
1988-10-20,0.72,17.97
1990-12-02,0.72,9.47
1991-04-17,0.72,18.64
1991-05-02,0.72,19.39
1991-09-30,0.72,24.39
1991-12-27,0.72,6.53
1992-04-15,0.72,20.0
1992-05-07,0.72,22.48
1992-10-15,0.72,18.93
1993-02-27,0.72,2.63
1993-12-18,0.72,5.54
1995-11-23,0.72,11.9
1996-10-15,0.72,21.85
1998-07-19,0.72,33.64
1998-08-31,0.72,31.92
2000-02-16,0.72,11.68
2000-07-14,0.72,32.18
2001-01-25,0.72,5.54
2001-02-20,0.72,10.04
2001-10-09,0.72,19.93
2003-09-20,0.72,23.98
2003-10-01,0.72,20.75
2006-03-22,0.72,7.26
2007-12-25,0.72,6.52
2009-08-25,0.72,28.4
2009-10-18,0.72,17.18
2010-08-28,0.72,29.14
2010-10-20,0.72,20.19
2011-05-07,0.72,23.02
2011-07-02,0.72,30.96
2011-07-21,0.72,32.59
2012-12-07,0.72,11.09
2015-02-27,0.72,1.24
2015-05-04,0.72,24.97
2017-01-26,0.72,6.2
2017-10-19,0.72,22.51
2018-01-16,0.72,2.78
2018-01-30,0.72,8.56
2018-02-27,0.72,11.35
2018-03-31,0.72,15.49
2018-04-11,0.72,16.87
2018-05-07,0.72,26.41
2022-03-11,0.72,6.57
2022-11-29,0.72,9.65
2024-09-29,0.72,28.49
1973-12-23,0.73,5.87
1974-10-11,0.73,22.45
1975-10-04,0.73,22.86
1977-01-12,0.73,-2.41
1977-01-22,0.73,4.51
1977-10-29,0.73,19.41
1980-07-17,0.73,33.77
1980-11-10,0.73,17.47
1980-12-27,0.73,7.74
1981-01-26,0.73,10.11
1981-04-08,0.73,17.97
1982-01-18,0.73,1.82
1983-02-24,0.73,12.06
1984-11-21,0.73,6.56
1985-03-07,0.73,9.34
1986-03-24,0.73,17.03
1987-10-21,0.73,16.18
1987-11-21,0.73,10.28
1989-01-03,0.73,6.71
1990-07-01,0.73,32.57
1993-10-29,0.73,14.13
1994-12-02,0.73,11.94
1994-12-30,0.73,5.62
1995-02-10,0.73,8.03
1998-11-19,0.73,12.67
2001-02-21,0.73,9.23
2001-05-14,0.73,25.4
2002-01-18,0.73,4.79
2002-04-30,0.73,20.76
2003-07-13,0.73,31.88
2005-10-17,0.73,21.42
2006-02-22,0.73,7.63
2008-10-03,0.73,22.93
2009-01-19,0.73,8.75
2011-09-09,0.73,27.18
2012-07-01,0.73,33.21
2012-11-17,0.73,12.52
2012-12-30,0.73,1.96
2014-10-05,0.73,20.22
2014-10-28,0.73,19.09
2015-01-17,0.73,9.35
2017-08-20,0.73,30.65
2018-02-09,0.73,8.44
2019-09-14,0.73,27.31
2021-02-08,0.73,2.75
2022-07-20,0.73,33.36
2024-01-20,0.73,1.04
2024-10-21,0.73,22.86
1973-06-11,0.74,28.89
1974-02-05,0.74,6.68
1977-07-06,0.74,30.72
1979-02-20,0.74,5.46
1980-03-16,0.74,13.57
1982-12-30,0.74,0.68
1984-08-27,0.74,30.25
1985-03-17,0.74,12.96
1985-09-15,0.74,22.56
1985-12-09,0.74,6.84
1986-10-20,0.74,18.95
1988-03-28,0.74,16.83
1988-05-14,0.74,25.43
1988-11-08,0.74,14.69
1990-02-06,0.74,8.91
1990-04-01,0.74,16.95
1991-08-24,0.74,30.45
1992-12-22,0.74,5.68
1994-01-31,0.74,-0.14
1994-09-19,0.74,26.82
1995-04-16,0.74,16.17
1996-03-02,0.74,6.84
1997-01-18,0.74,-0.28
1997-08-29,0.74,29.64
1997-12-13,0.74,4.16
1998-03-04,0.74,8.16
1998-04-25,0.74,21.2
1999-01-27,0.74,8.75
2002-01-28,0.74,10.37
2002-02-26,0.74,7.32
2002-11-02,0.74,7.97
2003-10-31,0.74,14.12
2003-11-21,0.74,14.81
2005-05-02,0.74,15.43
2006-01-20,0.74,9.27
2006-06-16,0.74,28.18
2006-11-10,0.74,16.14
2007-01-24,0.74,5.3
2007-05-14,0.74,25.77
2009-02-03,0.74,7.51
2009-03-06,0.74,14.66
2012-01-30,0.74,10.06
2013-01-25,0.74,5.77
2014-01-05,0.74,4.06
2017-09-04,0.74,30.42
2018-02-03,0.74,7.05
2018-02-06,0.74,6.19
2018-03-26,0.74,12.33
2020-11-06,0.74,21.96
2021-04-19,0.74,17.78
2024-11-25,0.74,12.08
1975-12-17,0.75,3.41
1975-12-23,0.75,3.69
1977-03-10,0.75,15.54
1977-07-14,0.75,31.49
1977-11-14,0.75,12.2
1977-11-15,0.75,13.35
1980-09-16,0.75,26.28
1980-10-22,0.75,17.95
1980-10-23,0.75,16.79
1980-11-21,0.75,9.43
1981-03-07,0.75,8.65
1982-01-27,0.75,6.46
1982-02-28,0.75,8.68
1983-09-17,0.75,26.18
1984-01-16,0.75,-1.42
1985-03-15,0.75,12.72
1985-05-04,0.75,22.78
1985-06-21,0.75,28.95
1986-11-15,0.75,7.18
1987-03-04,0.75,13.75
1987-10-12,0.75,18.85
1988-12-16,0.75,3.54
1989-07-08,0.75,32.96
1991-12-26,0.75,6.67
1993-02-07,0.75,8.1
1993-10-06,0.75,24.29
1994-03-18,0.75,15.47
1996-10-01,0.75,23.81
1997-02-03,0.75,10.39
1997-08-27,0.75,29.85
1999-03-21,0.75,15.43
1999-11-17,0.75,16.02
2000-09-14,0.75,29.73
2000-10-02,0.75,25.7
2001-02-03,0.75,5.69
2001-08-21,0.75,29.78
2002-04-02,0.75,17.85
2003-04-12,0.75,20.73
2006-02-07,0.75,7.9
2007-02-19,0.75,8.29
2007-03-13,0.75,19.78
2008-01-02,0.75,2.0
2008-02-09,0.75,9.03
2010-03-27,0.75,12.97
2010-09-21,0.75,26.76
2012-06-30,0.75,33.75
2013-02-14,0.75,8.94
2014-12-09,0.75,9.49
2014-12-14,0.75,10.58
2015-11-15,0.75,15.05
2016-01-26,0.75,7.64
2018-07-11,0.75,31.7
2018-10-23,0.75,18.13
2021-01-21,0.75,8.38
2021-09-06,0.75,29.07
2022-12-26,0.75,3.93
2023-05-04,0.75,21.8
2023-05-22,0.75,25.38
2023-10-23,0.75,20.84
2023-12-29,0.75,8.06
2024-10-29,0.75,20.36
1973-01-30,0.76,4.29
1974-06-18,0.76,28.67
1974-11-15,0.76,9.34
1975-11-16,0.76,15.29
1978-01-01,0.76,2.49
1978-03-28,0.76,16.9
1978-10-02,0.76,23.81
1979-12-04,0.76,10.12
1982-03-09,0.76,9.07
1982-10-24,0.76,17.24
1983-12-31,0.76,0.45
1984-07-09,0.76,30.01
1984-11-17,0.76,9.99
1985-05-19,0.76,23.27
1988-01-30,0.76,11.09
1988-03-01,0.76,13.93
1990-06-27,0.76,32.48
1992-04-09,0.76,19.02
1993-02-04,0.76,8.13
1994-02-28,0.76,6.83
1994-08-28,0.76,29.99
1995-06-17,0.76,26.9
1995-07-08,0.76,30.57
1996-07-01,0.76,31.06
1996-11-14,0.76,9.47
1997-04-07,0.76,13.49
1999-10-19,0.76,15.44
2000-01-29,0.76,1.25
2000-05-14,0.76,21.5
2000-12-25,0.76,0.83
2001-04-02,0.76,15.5
2002-11-19,0.76,12.4
2003-05-29,0.76,28.47
2006-03-03,0.76,12.39
2006-10-25,0.76,14.84
2007-08-14,0.76,32.88
2008-05-13,0.76,19.95
2008-05-20,0.76,26.76
2008-09-30,0.76,25.13
2011-02-09,0.76,0.13
2011-03-03,0.76,10.73
2015-01-27,0.76,11.56
2015-04-01,0.76,21.36
2019-07-27,0.76,30.71
2019-07-28,0.76,31.2
2020-06-03,0.76,29.28
2022-09-08,0.76,31.1
2022-10-12,0.76,23.59
2023-09-07,0.76,28.99
2024-03-13,0.76,17.39
2024-04-14,0.76,23.25
1973-10-15,0.77,22.46
1974-05-28,0.77,25.64
1974-06-20,0.77,30.92
1975-01-21,0.77,6.48
1975-02-08,0.77,3.42
1976-11-18,0.77,13.47
1977-01-08,0.77,0.82
1978-04-15,0.77,17.06
1979-09-23,0.77,24.83
1980-11-09,0.77,18.82
1981-11-05,0.77,18.08
1982-01-08,0.77,0.67
1982-05-04,0.77,23.64
1983-06-02,0.77,22.07
1983-09-08,0.77,29.28
1983-12-17,0.77,0.84
1984-04-18,0.77,18.29
1984-09-07,0.77,25.96
1984-11-06,0.77,14.46
1986-04-10,0.77,16.08
1988-03-07,0.77,13.16
1990-12-10,0.77,13.61
1992-08-30,0.77,25.87
1992-10-28,0.77,18.19
1993-12-17,0.77,5.14
1996-09-01,0.77,28.53
1996-10-10,0.77,22.36
1997-01-12,0.77,-4.16
1997-01-20,0.77,7.64
1997-10-23,0.77,14.66
1998-06-02,0.77,27.94
2001-01-24,0.77,6.35
2001-03-26,0.77,9.53
2003-01-11,0.77,3.86
2003-03-12,0.77,14.09
2003-10-07,0.77,24.12
2005-02-18,0.77,7.38
2005-05-22,0.77,26.27
2005-09-07,0.77,28.46
2008-10-18,0.77,19.74
2009-07-11,0.77,30.45
2009-10-17,0.77,16.18
2012-09-16,0.77,26.15
2012-10-22,0.77,20.02
2015-09-21,0.77,26.76
2018-04-05,0.77,13.48
2020-06-12,0.77,28.76
2021-09-08,0.77,30.2
2022-03-29,0.77,15.99
2022-12-17,0.77,3.2
2023-09-01,0.77,29.0
2023-11-17,0.77,16.28
2024-10-05,0.77,26.76
1973-04-14,0.78,16.38
1973-05-13,0.78,21.57
1973-12-08,0.78,7.41
1974-02-18,0.78,10.29
1974-03-23,0.78,8.78
1974-06-13,0.78,28.38
1974-06-29,0.78,29.99
1975-03-05,0.78,8.76
1975-12-21,0.78,5.2
1976-10-18,0.78,13.49
1976-10-23,0.78,14.58
1977-01-01,0.78,-2.22
1977-10-13,0.78,18.04
1977-12-26,0.78,2.69
1978-03-11,0.78,11.01
1979-01-29,0.78,-2.41
1979-11-28,0.78,7.92
1982-10-03,0.78,22.05
1985-02-04,0.78,-3.81
1985-06-14,0.78,26.03
1985-10-06,0.78,19.62
1986-07-29,0.78,31.88
1987-10-19,0.78,19.25
1988-04-27,0.78,18.36
1989-01-16,0.78,6.0
1990-01-27,0.78,8.9
1992-01-11,0.78,6.88
1992-02-02,0.78,10.9
1992-11-08,0.78,9.69
1992-12-27,0.78,4.13
1993-10-02,0.78,22.61
1997-11-16,0.78,4.06
1998-03-02,0.78,8.45
1998-06-07,0.78,21.85
1998-11-12,0.78,10.34
1999-10-27,0.78,20.99
1999-11-11,0.78,18.93
2000-03-26,0.78,19.55
2001-03-23,0.78,15.72
2001-05-10,0.78,26.0
2002-11-22,0.78,14.45
2003-01-14,0.78,5.86
2004-05-08,0.78,25.61
2005-03-15,0.78,8.81
2005-12-17,0.78,2.05
2010-10-29,0.78,15.69
2012-03-26,0.78,19.63
2012-10-09,0.78,17.99
2015-09-20,0.78,25.96
2016-04-06,0.78,17.36
2016-06-21,0.78,31.35
2017-06-10,0.78,27.65
2019-11-13,0.78,6.68
2020-02-26,0.78,8.19
2020-08-06,0.78,29.85
2020-12-06,0.78,10.28
2022-06-24,0.78,31.09
1975-11-06,0.79,20.62
1976-02-12,0.79,11.91
1976-08-19,0.79,28.36
1977-01-25,0.79,3.83
1979-12-15,0.79,7.92
1980-02-27,0.79,9.2
1981-01-31,0.79,3.52
1981-03-15,0.79,13.77
1983-05-05,0.79,20.14
1983-10-30,0.79,17.98
1986-01-07,0.79,3.46
1986-01-08,0.79,2.07
1987-10-17,0.79,19.49
1987-11-08,0.79,14.92
1989-12-15,0.79,1.87
1990-03-23,0.79,15.42
1990-11-02,0.79,18.16
1993-01-26,0.79,6.46
1993-05-21,0.79,21.99
1993-09-10,0.79,27.22
1994-04-23,0.79,21.06
1994-06-04,0.79,27.24
1995-09-01,0.79,30.91
1997-03-07,0.79,10.41
1997-03-30,0.79,16.49
1997-10-29,0.79,13.75
1997-12-05,0.79,6.16
1999-02-20,0.79,8.49
1999-07-27,0.79,32.02
1999-09-01,0.79,27.55
1999-09-23,0.79,24.66
2000-09-08,0.79,27.16
2001-09-22,0.79,26.71
2002-11-23,0.79,12.97
2003-07-17,0.79,32.35
2005-11-09,0.79,18.5
2006-05-18,0.79,26.6
2006-06-21,0.79,29.86
2007-10-04,0.79,24.34
2011-11-10,0.79,12.4
2012-01-28,0.79,8.79
2013-01-06,0.79,4.75
2013-03-04,0.79,10.05
2014-11-11,0.79,13.72
2016-06-09,0.79,28.91
2017-03-16,0.79,12.63
2019-11-25,0.79,12.5
2019-12-26,0.79,9.65
2024-08-26,0.79,29.96
1978-06-14,0.8,26.99
1979-10-15,0.8,19.54
1980-08-28,0.8,28.04
1980-12-01,0.8,11.9
1982-05-01,0.8,20.64
1985-07-12,0.8,31.99
1986-11-10,0.8,9.28
1986-12-30,0.8,7.32
1987-04-07,0.8,15.8
1987-07-20,0.8,29.45
1988-10-29,0.8,13.95
1988-12-10,0.8,4.63
1989-10-11,0.8,22.91
1990-05-08,0.8,22.04
1993-12-16,0.8,5.62
1998-04-12,0.8,19.32
1999-01-01,0.8,3.88
1999-02-16,0.8,11.26
1999-11-08,0.8,20.19
2000-04-11,0.8,17.22
2000-08-26,0.8,31.2
2000-12-23,0.8,1.7
2002-10-13,0.8,18.63
2003-08-20,0.8,32.07
2003-09-17,0.8,25.42
2003-09-30,0.8,21.09
2004-04-29,0.8,21.86
2006-01-04,0.8,10.82
2006-07-15,0.8,33.84
2009-02-07,0.8,12.17
2012-03-27,0.8,18.18
2012-12-31,0.8,2.19
2013-03-01,0.8,7.48
2015-08-16,0.8,31.55
2017-09-14,0.8,27.83
2021-09-27,0.8,27.26
2022-10-04,0.8,22.91
2023-04-25,0.8,16.75
2024-10-22,0.8,23.18
2024-12-23,0.8,8.81
1973-06-26,0.81,30.33
1973-10-24,0.81,21.47
1973-11-30,0.81,11.72
1974-07-02,0.81,30.82
1974-08-19,0.81,29.8
1976-06-06,0.81,26.17
1981-07-10,0.81,31.18
1982-01-25,0.81,4.72
1982-03-25,0.81,14.08
1984-02-20,0.81,8.68
1984-09-13,0.81,27.31
1985-12-07,0.81,6.48
1987-12-31,0.81,2.4
1988-07-29,0.81,32.34
1989-03-11,0.81,18.37
1989-12-12,0.81,0.38
1990-04-05,0.81,17.08
1992-04-02,0.81,13.18
1992-10-11,0.81,21.25
1993-11-24,0.81,7.57
1995-07-09,0.81,30.97
1996-03-01,0.81,3.43
1996-09-30,0.81,23.2
1996-11-05,0.81,13.33
1997-12-02,0.81,7.0
1999-04-17,0.81,14.6
1999-11-30,0.81,11.79
1999-12-02,0.81,11.08
2000-11-23,0.81,7.21
2001-10-30,0.81,17.35
2001-11-03,0.81,19.86
2004-02-19,0.81,12.05
2004-03-25,0.81,19.49
2005-04-17,0.81,21.76
2007-04-09,0.81,10.67
2009-02-16,0.81,6.12
2009-05-20,0.81,25.59
2010-01-31,0.81,1.57
2013-09-04,0.81,29.41
2014-04-17,0.81,14.87
2014-11-15,0.81,3.78
2015-11-25,0.81,11.49
2016-04-10,0.81,16.59
2016-11-05,0.81,19.58
2016-12-28,0.81,8.82
2017-03-11,0.81,11.18
2017-10-26,0.81,19.85
2018-01-20,0.81,9.92
2019-02-09,0.81,1.15
2020-10-18,0.81,18.9
2021-03-20,0.81,14.15
2021-03-21,0.81,15.4
2021-12-08,0.81,6.98
2022-02-21,0.81,12.3
2022-03-05,0.81,13.37
2023-10-22,0.81,22.57
1975-02-14,0.82,6.77
1975-04-13,0.82,12.5
1975-09-15,0.82,22.98
1975-12-18,0.82,1.61
1976-08-31,0.82,28.71
1977-06-04,0.82,28.29
1977-06-05,0.82,30.3
1978-08-18,0.82,28.78
1979-09-17,0.82,26.04
1979-09-25,0.82,25.63
1979-10-13,0.82,20.43
1980-04-21,0.82,25.36
1981-04-27,0.82,23.1
1982-03-10,0.82,12.26
1982-08-03,0.82,29.76
1982-08-20,0.82,30.71
1982-12-14,0.82,4.71
1983-04-26,0.82,18.39
1984-12-23,0.82,6.04
1985-04-04,0.82,18.68
1986-05-03,0.82,21.18
1987-02-18,0.82,4.97
1988-02-08,0.82,3.5
1988-05-26,0.82,24.87
1988-11-07,0.82,14.78
1989-03-01,0.82,5.75
1990-08-28,0.82,31.42
1991-10-07,0.82,19.89
1996-08-15,0.82,30.36
1997-07-27,0.82,31.86
1997-10-19,0.82,19.32
1997-10-22,0.82,15.37
1998-04-05,0.82,13.92
1998-09-05,0.82,31.58
1998-09-24,0.82,24.09
1999-11-12,0.82,18.48
1999-12-22,0.82,3.01
2000-02-29,0.82,14.53
2001-11-01,0.82,18.51
2002-01-14,0.82,8.86
2004-02-22,0.82,9.8
2005-09-09,0.82,29.11
2010-01-08,0.82,-1.73
2010-04-04,0.82,17.65
2012-11-22,0.82,16.39
2012-12-12,0.82,6.24
2014-05-21,0.82,25.12
2014-09-26,0.82,26.35
2015-02-25,0.82,5.45
2016-03-03,0.82,12.79
2016-11-18,0.82,14.43
2018-01-18,0.82,3.9
2020-06-14,0.82,27.0
2021-09-25,0.82,25.1
2021-10-20,0.82,19.22
2023-02-05,0.82,9.06
2023-08-19,0.82,31.09
1973-11-03,0.83,12.1
1974-04-28,0.83,21.53
1974-11-23,0.83,12.67
1975-07-03,0.83,30.2
1976-02-01,0.83,9.42
1976-02-07,0.83,2.83
1976-03-11,0.83,11.74
1976-12-25,0.83,5.96
1977-03-24,0.83,14.04
1978-04-08,0.83,18.76
1978-11-09,0.83,16.5
1978-11-21,0.83,4.37
1979-08-04,0.83,31.16
1980-09-15,0.83,26.14
1985-05-25,0.83,26.54
1986-12-14,0.83,5.25
1987-10-29,0.83,18.29
1988-04-28,0.83,19.74
1988-12-12,0.83,4.23
1990-11-07,0.83,8.95
1992-01-30,0.83,10.32
1992-04-05,0.83,17.14
1992-12-02,0.83,7.64
1994-04-21,0.83,23.28
1994-09-07,0.83,27.51
1995-10-30,0.83,14.9
1996-02-17,0.83,8.69
1996-03-23,0.83,12.7
1998-05-18,0.83,26.01
1998-09-23,0.83,23.58
2001-04-14,0.83,17.83
2002-03-06,0.83,10.72
2002-06-17,0.83,28.21
2003-08-16,0.83,31.86
2003-10-03,0.83,20.07
2003-12-16,0.83,6.15
2004-04-15,0.83,18.46
2005-09-11,0.83,26.93
2006-01-24,0.83,8.83
2006-09-25,0.83,22.14
2007-05-18,0.83,23.14
2008-04-02,0.83,14.07
2008-10-17,0.83,18.93
2013-01-24,0.83,6.52
2013-11-03,0.83,15.45
2015-09-04,0.83,29.41
2015-12-06,0.83,10.67
2016-12-13,0.83,6.21
2022-04-27,0.83,18.49
2022-10-15,0.83,21.91
2024-11-29,0.83,6.3
1973-12-02,0.84,11.65
1974-02-14,0.84,10.63
1974-03-14,0.84,11.24
1975-02-28,0.84,10.75
1975-04-06,0.84,11.78
1975-04-16,0.84,15.23
1976-08-18,0.84,28.0
1976-12-09,0.84,4.69
1977-04-06,0.84,15.21
1978-09-03,0.84,29.97
1979-12-16,0.84,7.74
1981-11-26,0.84,9.97
1981-12-03,0.84,9.34
1983-01-16,0.84,5.17
1983-05-27,0.84,26.3
1985-02-03,0.84,-4.09
1985-08-28,0.84,29.17
1985-12-08,0.84,7.16
1987-04-18,0.84,23.8
1987-10-11,0.84,18.17
1989-12-18,0.84,-1.68
1990-01-23,0.84,9.67
1990-09-24,0.84,21.47
1990-10-26,0.84,18.91
1991-06-09,0.84,26.84
1993-12-06,0.84,8.67
1995-11-06,0.84,11.12
1996-06-29,0.84,29.07
1996-10-02,0.84,23.23
1997-03-05,0.84,9.61
1997-10-28,0.84,12.48
1997-12-26,0.84,3.98
1998-10-10,0.84,20.96
1998-12-20,0.84,2.08
2000-12-31,0.84,1.29
2001-08-05,0.84,31.83
2001-08-08,0.84,33.61
2001-12-30,0.84,2.39
2006-03-25,0.84,11.33
2006-09-28,0.84,23.61
2007-10-12,0.84,19.54
2008-10-29,0.84,16.59
2008-12-08,0.84,7.91
2009-01-01,0.84,5.66
2009-01-23,0.84,10.3
2009-09-03,0.84,27.95
2010-10-16,0.84,21.96
2010-12-04,0.84,8.91
2011-05-05,0.84,19.84
2011-11-13,0.84,14.61
2012-07-23,0.84,33.09
2014-05-05,0.84,23.19
2014-11-30,0.84,12.49
2016-03-01,0.84,14.54
2016-11-09,0.84,18.14
2017-09-05,0.84,29.19
2019-09-05,0.84,30.13
2019-09-17,0.84,28.34
2022-01-15,0.84,8.37
2022-06-18,0.84,30.46
2023-07-20,0.84,31.76
2024-06-07,0.84,29.83
1975-11-23,0.85,5.62
1979-03-09,0.85,11.65
1979-12-17,0.85,5.09
1980-06-12,0.85,27.11
1980-08-24,0.85,29.53
1981-02-27,0.85,12.77
1981-04-17,0.85,21.88
1982-10-21,0.85,15.24
1984-10-31,0.85,15.26
1986-07-18,0.85,30.36
1986-09-14,0.85,22.86
1987-04-22,0.85,21.78
1988-03-23,0.85,17.25
1988-07-25,0.85,32.03
1988-07-30,0.85,32.8
1990-09-04,0.85,29.85
1991-01-02,0.85,3.89
1991-04-07,0.85,22.55
1991-10-23,0.85,20.55
1992-08-20,0.85,28.9
1992-09-28,0.85,23.86
1996-05-13,0.85,21.79
1997-11-23,0.85,9.36
1999-02-13,0.85,8.82
1999-05-28,0.85,25.79
2001-06-26,0.85,29.24
2001-07-07,0.85,30.35
2001-08-07,0.85,33.68
2001-12-19,0.85,8.7
2002-05-21,0.85,19.98
2003-03-01,0.85,5.98
2004-09-01,0.85,29.17
2005-01-22,0.85,8.59
2006-02-16,0.85,8.79
2006-04-14,0.85,24.88
2007-11-21,0.85,13.26
2008-03-21,0.85,13.88
2008-08-02,0.85,32.23
2009-02-25,0.85,12.43
2009-11-27,0.85,11.89
2009-12-06,0.85,3.02
2010-02-28,0.85,8.05
2012-02-15,0.85,8.0
2012-11-06,0.85,15.47
2016-11-01,0.85,19.55
2019-03-08,0.85,7.45
2019-10-09,0.85,22.42
2020-04-07,0.85,19.38
2020-04-28,0.85,22.61
2021-01-30,0.85,6.29
2021-05-06,0.85,21.46
2022-07-23,0.85,33.52
2022-11-24,0.85,12.24
2023-04-11,0.85,21.82
2023-12-30,0.85,8.6
2024-10-17,0.85,18.56
2024-10-28,0.85,21.17
1973-04-13,0.86,16.31
1974-03-19,0.86,14.05
1974-11-09,0.86,12.25
1975-04-17,0.86,16.92
1976-02-27,0.86,16.14
1977-12-10,0.86,0.95
1980-02-07,0.86,5.58
1980-04-11,0.86,16.6
1980-10-30,0.86,12.3
1984-02-03,0.86,9.45
1984-11-22,0.86,7.27
1987-01-11,0.86,4.86
1987-11-05,0.86,19.32
1989-03-13,0.86,16.46
1990-03-05,0.86,12.14
1991-11-24,0.86,6.88
1991-11-28,0.86,9.69
1994-01-09,0.86,2.34
1994-01-14,0.86,5.06
1996-10-05,0.86,21.4
1996-10-31,0.86,12.59
1997-12-28,0.86,4.28
1998-09-07,0.86,31.22
2001-04-25,0.86,21.68
2002-01-15,0.86,7.02
2005-12-24,0.86,11.9
2006-10-08,0.86,21.36
2006-11-24,0.86,14.37
2007-11-20,0.86,16.1
2010-10-11,0.86,24.29
2011-09-10,0.86,27.5
2012-02-01,0.86,13.16
2013-03-05,0.86,10.03
2013-08-20,0.86,30.68
2017-02-03,0.86,4.66
2018-08-26,0.86,29.25
2018-09-13,0.86,26.75
2019-04-02,0.86,12.76
2020-08-20,0.86,31.17
2021-11-18,0.86,13.28
2023-03-20,0.86,8.3
2023-10-07,0.86,21.47
1974-10-05,0.87,19.23
1975-04-01,0.87,9.31
1975-12-03,0.87,10.31
1977-07-15,0.87,31.88
1978-02-15,0.87,1.15
1978-11-05,0.87,19.02
1978-12-11,0.87,2.33
1979-12-06,0.87,12.04
1983-08-15,0.87,30.74
1983-12-16,0.87,3.39
1983-12-20,0.87,-4.73
1986-04-22,0.87,19.48
1986-06-16,0.87,29.24
1987-01-24,0.87,1.63
1987-03-10,0.87,8.71
1987-07-23,0.87,30.18
1988-01-31,0.87,10.24
1988-04-13,0.87,20.97
1988-06-17,0.87,30.38
1988-06-19,0.87,31.73
1988-08-26,0.87,30.4
1989-04-11,0.87,12.35
1989-09-19,0.87,23.99
1989-11-12,0.87,18.48
1990-01-15,0.87,9.82
1990-03-20,0.87,14.19
1991-12-24,0.87,7.91
1994-07-01,0.87,31.31
1998-09-18,0.87,28.63
1998-11-06,0.87,7.99
2001-01-15,0.87,5.65
2001-12-04,0.87,12.75
2002-06-01,0.87,30.34
2003-01-28,0.87,7.73
2003-08-18,0.87,31.52
2003-09-07,0.87,28.03
2005-09-19,0.87,26.96
2010-01-12,0.87,5.62
2010-03-16,0.87,12.76
2010-12-09,0.87,5.67
2011-04-02,0.87,17.88
2012-05-21,0.87,26.78
2018-01-05,0.87,2.98
2018-03-09,0.87,10.39
2018-03-13,0.87,11.18
2018-04-30,0.87,20.71
2019-07-26,0.87,30.08
2020-02-09,0.87,8.36
2020-08-19,0.87,31.8
2020-09-06,0.87,31.28
2021-09-13,0.87,28.35
2022-11-03,0.87,17.79
2023-05-30,0.87,27.0
2023-10-20,0.87,23.6
1976-03-26,0.88,16.55
1976-08-12,0.88,30.51
1976-08-20,0.88,29.0
1978-03-31,0.88,20.11
1978-05-11,0.88,22.79
1978-09-02,0.88,28.79
1979-01-30,0.88,-3.42
1979-06-12,0.88,27.61
1979-10-03,0.88,24.37
1980-09-24,0.88,23.51
1983-01-18,0.88,3.56
1986-05-04,0.88,21.45
1987-05-07,0.88,24.47
1988-06-06,0.88,26.97
1988-11-09,0.88,14.91
1990-12-08,0.88,9.53
1994-09-12,0.88,26.32
1997-02-06,0.88,5.48
1997-03-28,0.88,18.44
1997-07-15,0.88,32.19
1997-10-03,0.88,25.05
1997-11-05,0.88,14.34
1999-11-10,0.88,19.53
2001-03-07,0.88,10.26
2002-08-08,0.88,28.76
2003-02-19,0.88,8.21
2005-10-29,0.88,15.62
2006-01-08,0.88,11.0
2006-02-18,0.88,0.5
2006-03-17,0.88,12.0
2007-09-02,0.88,29.88
2007-12-05,0.88,10.86
2009-02-13,0.88,9.18
2009-05-21,0.88,25.49
2009-06-29,0.88,30.39
2014-03-20,0.88,12.78
2014-05-04,0.88,22.83
2015-08-22,0.88,29.16
2018-02-14,0.88,8.45
2018-03-08,0.88,8.93
2018-06-07,0.88,28.87
2019-11-26,0.88,11.16
2020-08-23,0.88,31.47
2023-07-28,0.88,33.21
1973-02-05,0.89,10.46
1973-10-22,0.89,21.81
1974-06-14,0.89,29.58
1975-09-03,0.89,27.63
1979-02-11,0.89,4.12
1979-03-02,0.89,8.68
1980-06-11,0.89,26.73
1982-01-06,0.89,4.1
1984-09-08,0.89,25.67
1986-06-26,0.89,29.6
1987-07-25,0.89,31.72
1987-10-01,0.89,24.4
1988-10-27,0.89,17.36
1989-04-23,0.89,22.81
1990-08-08,0.89,29.6
1990-09-05,0.89,29.77
1991-11-14,0.89,13.56
1992-03-21,0.89,12.06
1993-05-14,0.89,24.0
1994-01-22,0.89,5.8
1994-05-09,0.89,21.82
1994-10-26,0.89,16.07
1996-02-25,0.89,13.0
1997-05-16,0.89,23.91
1998-10-22,0.89,17.27
2000-08-13,0.89,31.19
2001-01-27,0.89,5.08
2001-04-30,0.89,23.54
2001-06-19,0.89,29.17
2001-11-19,0.89,15.19
2001-12-24,0.89,4.83
2008-09-24,0.89,25.02
2011-01-20,0.89,4.17
2013-10-10,0.89,20.26
2014-04-21,0.89,22.1
2014-12-26,0.89,7.04
2016-03-17,0.89,16.37
2018-12-13,0.89,8.22
2019-01-08,0.89,10.2
2019-11-19,0.89,14.49
2020-06-13,0.89,28.82
2021-06-05,0.89,30.46
2022-09-28,0.89,25.09
2023-11-15,0.89,16.15
1973-06-10,0.9,29.46
1973-09-16,0.9,21.67
1974-04-24,0.9,19.63
1975-12-12,0.9,8.27
1976-08-25,0.9,29.98
1978-04-24,0.9,18.25
1978-09-04,0.9,30.05
1980-02-03,0.9,4.17
1980-04-23,0.9,23.09
1981-12-05,0.9,8.69
1982-01-19,0.9,4.95
1982-12-19,0.9,8.47
1983-10-07,0.9,22.01
1986-02-12,0.9,-1.33
1987-03-05,0.9,15.32
1988-09-06,0.9,26.43
1989-04-25,0.9,21.76
1991-03-06,0.9,13.62
1992-03-17,0.9,13.67
1992-06-23,0.9,27.76
1993-11-03,0.9,12.43
1994-05-21,0.9,22.99
1994-05-28,0.9,23.7
1994-09-08,0.9,28.29
1996-01-30,0.9,1.33
1996-03-16,0.9,15.6
1998-01-21,0.9,4.87
1998-04-06,0.9,15.14
1998-09-02,0.9,29.73
1998-12-27,0.9,6.12
1999-05-22,0.9,25.4
1999-07-23,0.9,32.11
2000-01-02,0.9,10.26
2000-03-14,0.9,13.31
2000-08-25,0.9,31.07
2003-09-16,0.9,26.04
2004-01-19,0.9,3.56
2006-02-24,0.9,10.48
2007-10-28,0.9,17.23
2010-07-16,0.9,32.34
2010-09-04,0.9,28.0
2011-04-03,0.9,19.03
2013-03-17,0.9,13.64
2014-11-28,0.9,8.93
2015-09-03,0.9,30.24
2016-05-04,0.9,22.07
2017-06-09,0.9,27.41
2017-09-10,0.9,26.46
2019-10-24,0.9,16.85
2020-02-14,0.9,4.9
2020-02-16,0.9,8.77
2020-09-07,0.9,30.69
2021-07-22,0.9,30.11
2021-11-02,0.9,13.53
2021-11-09,0.9,17.19
2023-06-06,0.9,27.49
2023-10-02,0.9,24.71
2024-01-04,0.9,5.73
2024-01-16,0.9,-3.58
1973-03-27,0.91,12.71
1974-05-04,0.91,20.76
1975-12-22,0.91,3.99
1978-01-07,0.91,7.96
1978-06-10,0.91,27.23
1979-06-27,0.91,29.4
1979-10-26,0.91,17.5
1983-09-27,0.91,25.24
1983-12-01,0.91,4.11
1983-12-19,0.91,-3.0
1984-03-07,0.91,7.02
1984-03-31,0.91,10.81
1984-04-14,0.91,18.57
1985-01-29,0.91,1.75
1985-07-14,0.91,31.98
1985-09-01,0.91,28.81
1986-09-08,0.91,23.4
1987-10-04,0.91,22.23
1987-10-07,0.91,21.8
1990-01-02,0.91,6.2
1990-01-03,0.91,6.66
1992-08-31,0.91,25.46
1993-03-11,0.91,10.76
1993-04-28,0.91,19.88
1995-07-12,0.91,31.74
1995-09-05,0.91,30.18
1997-10-02,0.91,25.52
2000-03-04,0.91,14.08
2000-05-30,0.91,26.5
2000-11-29,0.91,10.05
2001-10-07,0.91,19.17
2002-02-22,0.91,12.35
2003-01-05,0.91,9.41
2004-09-03,0.91,27.03
2004-11-08,0.91,17.33
2005-05-27,0.91,24.12
2005-09-10,0.91,28.18
2005-09-12,0.91,26.84
2005-11-05,0.91,16.9
2005-11-12,0.91,16.91
2005-12-14,0.91,6.18
2006-12-10,0.91,9.6
2007-07-23,0.91,31.04
2009-04-22,0.91,22.58
2010-11-07,0.91,16.3
2010-11-28,0.91,8.01
2011-01-27,0.91,6.57
2011-07-03,0.91,32.2
2012-06-14,0.91,28.15
2013-08-31,0.91,31.8
2015-04-12,0.91,19.92
2016-03-21,0.91,13.37
2016-08-23,0.91,28.64
2016-10-30,0.91,20.8
2017-01-14,0.91,4.71
2019-03-28,0.91,16.98
2021-11-07,0.91,16.82
2021-12-21,0.91,6.21
2022-07-21,0.91,33.65
2023-03-30,0.91,12.11
2023-09-03,0.91,30.09
2023-11-12,0.91,13.13
1973-08-24,0.92,27.89
1974-02-06,0.92,5.62
1974-12-22,0.92,8.0
1976-01-20,0.92,5.73
1977-01-05,0.92,0.84
1977-05-13,0.92,23.78
1978-12-28,0.92,2.6
1980-06-10,0.92,25.73
1982-01-26,0.92,5.91
1984-09-05,0.92,26.57
1984-11-20,0.92,7.16
1985-02-07,0.92,0.12
1985-04-11,0.92,19.38
1987-08-02,0.92,32.25
1987-11-12,0.92,11.82
1988-08-31,0.92,28.09
1989-03-08,0.92,7.95
1989-11-03,0.92,11.15
1991-02-15,0.92,8.83
1992-01-22,0.92,8.22
1992-06-22,0.92,26.69
1992-08-10,0.92,31.28
1992-12-03,0.92,6.32
1994-04-03,0.92,17.23
1994-04-05,0.92,14.79
1995-08-29,0.92,30.72
1996-03-11,0.92,12.61
1996-03-14,0.92,15.85
1998-05-17,0.92,25.26
1999-02-04,0.92,11.73
2000-03-18,0.92,11.04
2000-10-01,0.92,25.77
2001-02-11,0.92,3.0
2002-05-05,0.92,21.46
2002-11-15,0.92,11.82
2003-05-28,0.92,27.12
2003-07-25,0.92,31.59
2003-10-05,0.92,22.2
2003-10-13,0.92,21.23
2005-04-14,0.92,18.01
2005-11-23,0.92,12.89
2006-12-28,0.92,8.43
2007-02-10,0.92,3.36
2007-11-12,0.92,15.89
2010-04-01,0.92,18.86
2010-12-24,0.92,4.69
2011-10-03,0.92,23.57
2012-04-24,0.92,22.52
2012-05-19,0.92,26.09
2015-03-12,0.92,17.58
2015-09-14,0.92,27.07
2016-02-20,0.92,15.24
2017-12-04,0.92,13.73
2018-01-21,0.92,10.15
2019-01-15,0.92,4.12
2019-03-11,0.92,9.84
2023-01-24,0.92,4.69
2023-05-03,0.92,20.37
1975-04-02,0.93,9.57
1975-06-02,0.93,25.24
1977-03-01,0.93,8.17
1977-12-24,0.93,7.43
1978-08-24,0.93,29.52
1979-02-17,0.93,-0.49
1983-04-17,0.93,14.96
1984-12-17,0.93,7.16
1986-10-07,0.93,20.18
1987-02-03,0.93,11.51
1987-04-21,0.93,21.82
1987-10-20,0.93,17.44
1988-02-11,0.93,4.05
1988-08-01,0.93,32.3
1991-10-15,0.93,20.97
1994-10-01,0.93,23.72
1994-12-21,0.93,9.54
1995-09-24,0.93,19.95
1995-09-25,0.93,20.49
1995-12-05,0.93,12.52
1996-01-15,0.93,11.0
1998-11-18,0.93,12.93
1999-02-26,0.93,12.93
1999-03-26,0.93,14.51
1999-08-19,0.93,30.69
2000-11-20,0.93,6.42
2002-08-10,0.93,30.13
2003-12-03,0.93,9.45
2004-07-21,0.93,31.4
2004-09-25,0.93,25.48
2005-09-22,0.93,28.17
2005-11-25,0.93,10.8
2006-04-12,0.93,21.02
2007-09-13,0.93,26.29
2008-01-16,0.93,5.07
2009-11-06,0.93,17.9
2009-11-26,0.93,11.53
2011-11-14,0.93,15.35
2012-02-26,0.93,8.72
2012-11-24,0.93,11.29
2013-01-08,0.93,6.77
2013-12-20,0.93,7.41
2016-03-05,0.93,14.04
2017-05-15,0.93,23.7
2017-09-23,0.93,24.67
2020-01-05,0.93,9.57
2020-11-02,0.93,16.74
2021-01-23,0.93,5.93
2021-01-24,0.93,5.09
2021-06-13,0.93,30.41
2022-06-22,0.93,30.06
2023-06-07,0.93,27.71
2023-10-31,0.93,10.28
2024-03-11,0.93,13.62
2024-04-06,0.93,15.5
1973-06-24,0.94,29.14
1973-08-19,0.94,30.57
1976-10-04,0.94,22.16
1977-11-19,0.94,9.72
1978-06-11,0.94,27.18
1979-05-15,0.94,24.02
1979-12-18,0.94,5.61
1980-09-05,0.94,29.45
1980-11-12,0.94,12.87
1982-01-12,0.94,-3.43
1983-04-19,0.94,14.92
1984-01-26,0.94,8.38
1985-03-25,0.94,14.66
1989-10-07,0.94,20.18
1989-10-26,0.94,20.37
1990-05-06,0.94,21.91
1990-07-02,0.94,32.22
1992-01-01,0.94,5.69
1992-07-07,0.94,28.86
1993-02-18,0.94,-0.9
1993-05-16,0.94,24.73
1994-11-25,0.94,9.22
1994-12-18,0.94,9.09
1997-01-11,0.94,-0.93
1997-06-20,0.94,28.98
1997-08-28,0.94,29.96
1999-03-07,0.94,8.61
2000-04-27,0.94,22.21
2000-05-16,0.94,23.73
2002-05-26,0.94,24.34
2005-01-19,0.94,6.65
2007-04-20,0.94,17.46
2008-11-10,0.94,10.35
2010-11-20,0.94,10.26
2012-09-22,0.94,26.26
2012-10-05,0.94,20.48
2012-11-29,0.94,10.75
2013-09-06,0.94,29.82
2013-09-07,0.94,30.06
2014-07-21,0.94,30.32
2014-10-17,0.94,21.08
2015-04-29,0.94,20.13
2015-11-14,0.94,13.81
2016-03-26,0.94,13.85
2017-09-13,0.94,28.11
2017-10-27,0.94,18.01
2018-05-01,0.94,20.93
2019-12-25,0.94,9.97
2020-03-26,0.94,15.31
2020-04-02,0.94,14.91
2020-05-03,0.94,24.42
2021-03-10,0.94,16.03
2023-07-17,0.94,31.91
1974-10-22,0.95,16.69
1975-02-11,0.95,5.77
1976-09-29,0.95,21.03
1978-03-06,0.95,6.58
1978-08-22,0.95,29.02
1978-10-04,0.95,21.96
1979-12-27,0.95,7.42
1980-05-02,0.95,21.24
1981-10-30,0.95,16.74
1982-08-04,0.95,30.24
1983-09-10,0.95,28.93
1983-10-10,0.95,20.07
1987-01-29,0.95,8.64
1987-03-20,0.95,12.66
1987-07-26,0.95,31.86
1987-11-07,0.95,14.26
1988-03-08,0.95,13.28
1988-06-08,0.95,28.82
1989-12-03,0.95,7.57
1989-12-16,0.95,-0.04
1990-12-11,0.95,13.39
1994-05-05,0.95,20.61
1994-10-11,0.95,19.9
1995-01-04,0.95,-1.09
1995-06-15,0.95,27.73
1996-08-21,0.95,29.38
1996-11-06,0.95,13.78
1999-11-22,0.95,13.46
2000-01-15,0.95,7.82
2000-12-19,0.95,2.17
2000-12-22,0.95,0.94
2001-04-05,0.95,16.4
2002-02-24,0.95,12.88
2002-06-18,0.95,28.53
2002-08-01,0.95,32.14
2002-10-14,0.95,18.21
2003-09-06,0.95,28.37
2004-12-02,0.95,6.59
2005-04-10,0.95,18.62
2006-03-15,0.95,10.97
2008-01-24,0.95,1.03
2009-04-25,0.95,21.8
2012-08-02,0.95,32.87
2013-08-21,0.95,31.22
2014-03-26,0.95,10.88
2014-12-27,0.95,5.75
2016-09-15,0.95,25.06
2017-09-30,0.95,22.57
2017-11-20,0.95,11.1
2019-01-22,0.95,3.22
2020-06-15,0.95,26.74
2022-07-12,0.95,31.96
2023-09-20,0.95,26.43
2024-01-15,0.95,-3.36
1974-06-25,0.96,27.77
1974-07-14,0.96,32.02
1976-05-21,0.96,24.15
1979-04-19,0.96,18.44
1980-08-23,0.96,29.11
1980-11-30,0.96,10.94
1981-02-08,0.96,5.54
1981-04-10,0.96,20.54
1981-07-08,0.96,30.08
1983-06-23,0.96,29.33
1985-01-30,0.96,1.77
1985-06-24,0.96,29.58
1986-10-21,0.96,19.13
1988-01-13,0.96,3.87
1988-03-06,0.96,11.59
1988-06-04,0.96,26.55
1988-11-29,0.96,7.75
1990-11-20,0.96,14.09
1992-05-13,0.96,24.21
1992-07-29,0.96,29.72
1992-08-21,0.96,28.15
1993-09-09,0.96,26.74
1995-02-05,0.96,8.6
1995-08-11,0.96,30.84
1997-01-29,0.96,3.28
1999-07-24,0.96,32.88
2000-10-09,0.96,14.78
2000-10-13,0.96,19.7
2000-12-10,0.96,6.34
2001-03-17,0.96,9.9
2001-10-17,0.96,18.35
2002-03-11,0.96,9.84
2003-08-26,0.96,31.94
2004-05-04,0.96,22.17
2007-01-02,0.96,6.76
2007-03-11,0.96,16.82
2007-09-20,0.96,24.57
2008-04-30,0.96,19.64
2008-07-02,0.96,30.39
2009-01-26,0.96,0.53
2011-10-02,0.96,22.99
2013-05-12,0.96,22.41
2014-04-20,0.96,20.29
2015-12-12,0.96,12.71
2016-06-10,0.96,29.38
2017-05-09,0.96,22.07
2017-11-15,0.96,14.05
2018-04-27,0.96,21.46
2019-01-10,0.96,6.42
2019-09-26,0.96,25.93
2021-06-24,0.96,30.15
2021-11-15,0.96,14.27
2023-02-13,0.96,11.5
2023-07-30,0.96,32.21
2023-08-20,0.96,30.66
2023-10-28,0.96,15.47
2023-11-13,0.96,15.15
2023-12-08,0.96,12.71
2024-07-12,0.96,32.85
1973-11-17,0.97,12.11
1976-11-01,0.97,14.8
1978-11-03,0.97,19.92
1978-11-22,0.97,5.04
1978-12-20,0.97,6.89
1979-04-30,0.97,17.84
1980-01-07,0.97,3.71
1982-02-22,0.97,15.03
1983-01-04,0.97,3.82
1983-07-17,0.97,29.81
1983-09-03,0.97,29.83
1983-10-06,0.97,22.68
1983-10-08,0.97,21.34
1983-11-01,0.97,18.24
1985-01-20,0.97,1.59
1987-01-15,0.97,6.72
1988-04-14,0.97,20.47
1991-04-03,0.97,17.89
1991-07-19,0.97,31.37
1995-01-22,0.97,4.09
1996-01-10,0.97,8.0
1997-12-29,0.97,4.58
2000-03-10,0.97,12.49
2001-03-14,0.97,14.2
2001-05-13,0.97,25.78
2001-09-13,0.97,27.2
2002-09-06,0.97,29.35
2003-08-19,0.97,31.99
2004-09-02,0.97,28.83
2005-01-15,0.97,0.89
2005-01-23,0.97,5.93
2005-02-16,0.97,10.8
2005-09-21,0.97,29.02
2006-02-12,0.97,5.48
2010-10-21,0.97,20.95
2011-01-22,0.97,3.54
2014-02-01,0.97,4.97
2015-01-16,0.97,6.72
2016-09-21,0.97,27.99
2016-10-02,0.97,23.03
2017-03-23,0.97,14.97
2018-06-30,0.97,30.44
2021-11-25,0.97,10.86
2022-12-03,0.97,9.7
2023-08-17,0.97,31.53
2023-12-20,0.97,9.39
1973-07-03,0.98,31.34
1973-08-29,0.98,30.33
1974-11-06,0.98,12.0
1977-02-13,0.98,11.89
1978-10-03,0.98,22.82
1978-11-10,0.98,14.17
1980-09-22,0.98,25.81
1981-02-25,0.98,14.84
1981-03-12,0.98,12.67
1982-03-24,0.98,13.8
1984-08-25,0.98,28.05
1986-06-14,0.98,28.43
1988-07-15,0.98,32.57
1988-12-09,0.98,4.41
1990-10-02,0.98,23.59
1991-01-14,0.98,7.4
1991-02-03,0.98,12.99
1992-02-10,0.98,6.67
1992-08-19,0.98,28.67
1992-09-14,0.98,25.28
1994-01-23,0.98,8.31
1994-12-14,0.98,3.79
1995-10-02,0.98,22.64
1996-11-27,0.98,3.95
1997-04-09,0.98,10.07
1997-07-17,0.98,32.91
1999-03-27,0.98,14.1
1999-08-22,0.98,29.82
2000-03-02,0.98,13.63
2000-03-07,0.98,16.34
2002-03-15,0.98,12.47
2002-09-30,0.98,23.69
2003-08-15,0.98,31.65
2004-08-09,0.98,28.84
2007-02-20,0.98,9.9
2007-11-24,0.98,4.79
2008-04-22,0.98,19.23
2008-09-21,0.98,24.99
2009-01-09,0.98,8.51
2009-03-22,0.98,17.42
2010-10-10,0.98,23.83
2010-10-15,0.98,22.47
2011-07-01,0.98,30.18
2011-10-26,0.98,18.25
2012-04-02,0.98,20.93
2013-02-28,0.98,7.27
2016-11-25,0.98,10.93
2018-08-05,0.98,31.04
2020-08-24,0.98,32.02
2020-12-18,0.98,5.9
2021-04-27,0.98,19.94
2022-09-21,0.98,27.86
2023-08-16,0.98,31.17
2023-08-27,0.98,30.35
2023-12-22,0.98,11.09
1974-06-19,0.99,30.24
1974-07-01,0.99,30.94
1976-04-23,0.99,20.42
1978-04-22,0.99,14.39
1978-10-15,0.99,19.04
1979-06-26,0.99,28.26
1979-12-03,0.99,6.86
1981-03-17,0.99,13.34
1981-03-18,0.99,12.13
1981-12-13,0.99,5.75
1981-12-18,0.99,2.13
1982-02-12,0.99,3.63
1982-08-22,0.99,29.69
1982-11-06,0.99,11.21
1984-08-29,0.99,31.25
1985-06-30,0.99,28.48
1987-01-06,0.99,7.11
1987-12-17,0.99,2.04
1988-06-25,0.99,33.02
1988-12-29,0.99,1.4
1992-10-21,0.99,19.41
1994-02-26,0.99,6.13
1994-09-21,0.99,26.33
1995-03-28,0.99,11.96
1995-03-29,0.99,10.21
1997-05-07,0.99,22.99
1997-11-25,0.99,11.73
1998-10-15,0.99,20.03
1999-01-13,0.99,7.6
1999-05-29,0.99,27.0
1999-08-18,0.99,31.55
1999-09-18,0.99,25.63
2000-04-28,0.99,22.08
2000-11-14,0.99,5.6
2001-05-02,0.99,23.99
2002-01-27,0.99,11.49
2002-11-07,0.99,14.26
2003-11-09,0.99,9.15
2003-11-30,0.99,10.8
2005-05-04,0.99,17.41
2008-04-20,0.99,20.02
2008-07-01,0.99,30.07
2009-12-17,0.99,5.61
2011-02-18,0.99,13.22
2011-10-04,0.99,24.03
2011-10-17,0.99,21.38
2011-10-23,0.99,20.12
2011-11-07,0.99,12.63
2012-07-03,0.99,32.58
2015-04-24,0.99,18.0
2016-01-05,0.99,3.9
2016-02-14,0.99,6.92
2017-09-03,0.99,29.2
2017-12-25,0.99,2.87
2019-10-29,0.99,10.62
2020-01-08,0.99,8.63
2021-08-05,0.99,30.14
2022-10-27,0.99,15.5
2022-12-25,0.99,0.08
2024-10-14,0.99,23.22
1973-02-23,1.0,8.22
1975-05-19,1.0,25.58
1976-03-19,1.0,16.39
1978-01-27,1.0,0.72
1978-02-17,1.0,0.98
1979-01-05,1.0,-3.0
1980-10-04,1.0,22.46
1981-12-10,1.0,8.95
1982-04-10,1.0,11.61
1984-04-07,1.0,15.54
1984-06-02,1.0,24.78
1986-04-29,1.0,21.66
1986-08-01,1.0,31.15
1990-07-05,1.0,31.2
1990-12-14,1.0,7.28
1992-08-02,1.0,29.64
1992-10-03,1.0,24.74
1994-11-19,1.0,9.29
1995-07-30,1.0,32.38
1995-10-18,1.0,21.6
1995-11-10,1.0,13.16
1995-12-29,1.0,3.13
1997-11-11,1.0,6.99
1999-09-09,1.0,27.57
2001-03-18,1.0,10.05
2003-10-04,1.0,20.86
2004-01-31,1.0,2.12
2005-03-18,1.0,10.4
2005-09-28,1.0,25.86
2006-11-04,1.0,12.38
2009-10-20,1.0,18.14
2010-01-05,1.0,0.47
2010-10-02,1.0,25.11
2010-10-04,1.0,21.02
2011-02-27,1.0,7.16
2011-04-07,1.0,17.27
2011-08-17,1.0,30.15
2011-09-14,1.0,27.34
2012-10-27,1.0,11.95
2013-11-28,1.0,6.46
2014-02-17,1.0,10.54
2014-05-19,1.0,23.27
2014-10-31,1.0,17.25
2015-11-21,1.0,11.04
2016-12-20,1.0,2.77
2017-11-14,1.0,13.72
2019-07-13,1.0,31.4
2019-11-16,1.0,12.41
2020-04-16,1.0,13.33
2020-07-03,1.0,30.86
2021-09-10,1.0,29.4
2022-01-08,1.0,4.78
2022-05-10,1.0,22.45
2023-02-06,1.0,10.95
2024-08-22,1.0,28.97
2024-11-24,1.0,11.84
1973-04-29,1.01,18.1
1974-07-12,1.01,29.41
1979-07-03,1.01,28.74
1979-09-11,1.01,26.59
1979-12-30,1.01,5.53
1982-09-06,1.01,27.44
1982-12-13,1.01,3.37
1984-07-03,1.01,30.25
1984-11-14,1.01,12.95
1984-12-01,1.01,8.14
1986-01-11,1.01,9.58
1986-04-01,1.01,21.49
1986-10-31,1.01,17.05
1987-06-07,1.01,28.01
1988-05-12,1.01,25.72
1988-06-07,1.01,28.21
1989-01-23,1.01,9.66
1989-05-28,1.01,24.84
1990-04-09,1.01,16.45
1990-06-26,1.01,32.13
1991-11-26,1.01,7.46
1992-04-13,1.01,16.49
1993-01-03,1.01,4.62
1994-03-04,1.01,15.08
1997-02-19,1.01,13.07
1997-04-02,1.01,13.89
1997-05-13,1.01,22.09
1997-08-30,1.01,29.17
2000-01-16,1.01,10.26
2000-10-15,1.01,20.22
2001-01-13,1.01,5.83
2001-02-05,1.01,9.42
2001-12-29,1.01,5.2
2003-09-21,1.01,24.99
2004-12-05,1.01,9.16
2005-06-25,1.01,30.3
2006-06-07,1.01,29.84
2008-08-30,1.01,29.55
2009-06-28,1.01,30.41
2009-11-14,1.01,12.86
2009-11-28,1.01,12.08
2009-12-20,1.01,5.11
2010-11-10,1.01,14.89
2010-11-14,1.01,11.61
2011-07-10,1.01,31.41
2011-11-24,1.01,13.75
2014-01-15,1.01,9.08
2014-02-06,1.01,-2.48
2014-07-07,1.01,31.32
2015-10-18,1.01,18.81
2015-11-22,1.01,8.78
2017-08-25,1.01,27.69
2020-04-22,1.01,19.99
2022-06-19,1.01,28.42
2023-04-18,1.01,18.29
2023-12-07,1.01,12.38
2024-06-25,1.01,32.28
1973-08-20,1.02,30.57
1974-12-12,1.02,7.8
1978-12-29,1.02,2.4
1980-08-29,1.02,28.68
1981-09-22,1.02,24.43
1982-01-20,1.02,4.53
1983-02-20,1.02,12.19
1983-09-23,1.02,20.26
1985-02-20,1.02,10.55
1986-08-25,1.02,28.21
1989-03-16,1.02,13.0
1989-09-25,1.02,22.38
1989-11-14,1.02,16.37
1989-12-20,1.02,-1.59
1991-07-20,1.02,31.32
1994-08-23,1.02,28.38
1994-09-28,1.02,25.8
1995-08-18,1.02,30.59
1995-10-26,1.02,17.68
1997-09-01,1.02,29.61
1998-01-02,1.02,9.94
1998-11-17,1.02,14.32
1998-12-10,1.02,6.72
1999-04-08,1.02,20.07
1999-10-16,1.02,20.27
2000-03-01,1.02,14.52
2001-02-08,1.02,7.48
2001-03-19,1.02,11.56
2001-11-17,1.02,17.91
2002-05-20,1.02,20.91
2002-08-18,1.02,29.73
2002-10-06,1.02,21.32
2003-07-20,1.02,32.47
2004-01-06,1.02,-0.96
2004-03-12,1.02,12.92
2004-03-13,1.02,13.18
2005-03-19,1.02,11.03
2005-10-22,1.02,18.28
2005-12-21,1.02,5.3
2006-06-06,1.02,29.09
2008-02-08,1.02,7.22
2008-09-28,1.02,25.9
2010-10-12,1.02,23.22
2011-01-11,1.02,-1.71
2011-06-30,1.02,30.27
2012-11-01,1.02,17.22
2016-01-14,1.02,6.64
2016-12-29,1.02,9.42
2017-03-13,1.02,9.86
2019-04-17,1.02,19.23
2020-01-30,1.02,5.83
2020-12-22,1.02,11.7
1973-02-21,1.03,7.95
1973-12-12,1.03,8.19
1975-08-12,1.03,30.6
1977-10-27,1.03,20.68
1978-09-09,1.03,27.5
1979-09-26,1.03,25.59
1980-08-02,1.03,33.06
1981-08-25,1.03,29.48
1983-09-28,1.03,24.46
1984-02-22,1.03,10.69
1985-03-16,1.03,12.3
1985-05-06,1.03,23.53
1987-09-04,1.03,27.31
1988-01-21,1.03,4.2
1988-05-28,1.03,26.94
1989-08-11,1.03,28.4
1989-12-10,1.03,6.6
1991-04-24,1.03,18.71
1991-11-13,1.03,12.49
1991-12-08,1.03,11.85
1994-10-25,1.03,17.37
1994-11-11,1.03,12.51
1994-12-31,1.03,3.96
1995-04-14,1.03,18.37
1995-06-16,1.03,27.29
1995-12-08,1.03,5.38
1997-11-24,1.03,10.22
1998-04-21,1.03,18.99
1999-02-21,1.03,7.69
1999-05-09,1.03,21.49
1999-10-21,1.03,19.45
2000-09-15,1.03,28.88
2000-09-18,1.03,28.55
2003-09-24,1.03,25.92
2003-12-09,1.03,8.01
2004-03-14,1.03,13.52
2004-06-04,1.03,27.66
2005-03-09,1.03,11.49
2006-10-03,1.03,25.34
2007-12-18,1.03,5.4
2009-11-19,1.03,12.79
2010-01-15,1.03,8.05
2010-12-28,1.03,3.94
2011-08-11,1.03,29.92
2012-07-30,1.03,32.41
2013-04-06,1.03,17.1
2015-01-30,1.03,9.32
2015-02-24,1.03,1.62
2015-08-26,1.03,29.02
2015-10-11,1.03,24.38
2016-01-28,1.03,8.69
2017-05-30,1.03,25.8
2018-09-30,1.03,21.36
2020-05-31,1.03,26.63
2021-12-09,1.03,9.36
2022-09-07,1.03,31.14
2022-10-05,1.03,23.21
2024-02-21,1.03,14.33
2024-05-11,1.03,22.48
2024-09-15,1.03,28.17
2024-11-12,1.03,16.3
1973-11-04,1.04,10.27
1975-02-15,1.04,6.1
1975-04-12,1.04,11.69
1975-09-22,1.04,21.27
1975-10-29,1.04,16.71
1976-01-09,1.04,-0.72
1976-06-05,1.04,25.83
1976-08-23,1.04,30.76
1977-11-10,1.04,11.32
1978-08-17,1.04,29.22
1978-09-27,1.04,24.81
1979-02-01,1.04,-2.98
1981-11-25,1.04,10.76
1982-04-15,1.04,19.95
1984-02-17,1.04,10.68
1984-09-06,1.04,26.86
1985-06-23,1.04,29.41
1987-03-07,1.04,17.48
1987-10-13,1.04,19.39
1987-10-15,1.04,18.38
1989-05-21,1.04,25.93
1989-09-03,1.04,27.68
1990-01-28,1.04,7.6
1990-08-31,1.04,30.4
1993-10-14,1.04,18.22
1994-10-20,1.04,19.34
1994-11-03,1.04,14.02
1995-09-27,1.04,23.4
1996-05-20,1.04,26.18
1997-01-17,1.04,-0.85
1997-11-09,1.04,11.0
1999-03-23,1.04,14.51
2000-01-17,1.04,9.55
2000-07-13,1.04,31.64
2000-08-21,1.04,28.4
2000-11-15,1.04,5.98
2001-08-22,1.04,29.92
2001-12-31,1.04,1.0
2003-05-13,1.04,22.1
2004-02-10,1.04,5.57
2006-03-18,1.04,10.8
2006-05-19,1.04,27.24
2008-05-04,1.04,19.26
2009-02-15,1.04,5.15
2010-01-07,1.04,1.44
2010-12-03,1.04,8.23
2011-09-25,1.04,26.87
2011-11-06,1.04,12.07
2014-04-22,1.04,22.68
2017-10-12,1.04,20.2
2018-12-26,1.04,7.1
2020-03-02,1.04,12.17
2020-07-19,1.04,32.5
2021-06-15,1.04,31.8
2021-08-24,1.04,30.69
2023-12-09,1.04,11.17
1973-07-01,1.05,29.63
1974-02-04,1.05,6.35
1975-07-28,1.05,31.75
1975-11-22,1.05,5.61
1976-04-07,1.05,18.03
1977-11-11,1.05,11.85
1977-11-18,1.05,12.07
1979-11-18,1.05,15.17
1981-11-03,1.05,18.14
1982-04-13,1.05,19.15
1983-06-09,1.05,26.05
1983-08-05,1.05,32.06
1984-01-03,1.05,5.07
1984-01-27,1.05,8.04
1984-03-30,1.05,10.27
1984-04-24,1.05,18.11
1987-02-05,1.05,9.24
1987-07-24,1.05,31.15
1988-04-08,1.05,20.49
1989-08-04,1.05,30.92
1989-09-05,1.05,27.99
1989-09-06,1.05,28.16
1990-10-15,1.05,20.4
1991-08-01,1.05,31.07
1992-11-06,1.05,7.61
1994-02-06,1.05,6.97
1994-03-11,1.05,11.0
1996-03-13,1.05,15.08
1997-01-30,1.05,5.36
1997-12-20,1.05,8.73
1998-02-28,1.05,8.63
1999-09-26,1.05,25.42
1999-12-20,1.05,6.46
2001-01-09,1.05,5.73
2001-06-24,1.05,29.44
2002-02-23,1.05,13.12
2002-04-16,1.05,22.84
2003-11-02,1.05,14.02
2004-01-07,1.05,-0.51
2004-10-25,1.05,16.81
2005-04-19,1.05,21.55
2007-04-05,1.05,13.89
2007-11-30,1.05,7.54
2008-03-17,1.05,10.49
2008-09-22,1.05,24.61
2009-11-24,1.05,11.08
2010-05-06,1.05,21.39
2012-03-02,1.05,11.83
2013-03-30,1.05,17.68
2015-01-11,1.05,3.17
2015-08-15,1.05,32.02
2017-06-27,1.05,28.53
2019-06-29,1.05,30.32
2019-09-16,1.05,29.12
2020-04-17,1.05,14.05
2021-02-20,1.05,4.48
2023-06-29,1.05,29.96
2023-07-19,1.05,31.95
1973-02-06,1.06,9.43
1973-02-25,1.06,9.94
1975-11-24,1.06,6.22
1976-12-27,1.06,8.23
1978-09-16,1.06,25.84
1979-02-03,1.06,-0.52
1980-01-26,1.06,4.05
1985-07-13,1.06,32.01
1986-11-29,1.06,11.34
1987-12-05,1.06,10.49
1988-01-02,1.06,0.96
1989-04-19,1.06,22.02
1990-02-08,1.06,10.52
1991-02-02,1.06,10.77
1991-03-15,1.06,8.3
1992-04-07,1.06,16.86
1993-12-01,1.06,9.28
1994-07-31,1.06,30.0
1994-12-26,1.06,9.05
1995-07-10,1.06,30.86
1995-11-17,1.06,12.99
1996-05-03,1.06,21.27
1997-09-13,1.06,26.45
1998-01-29,1.06,10.84
2000-01-27,1.06,2.2
2000-02-17,1.06,10.08
2001-11-21,1.06,13.01
2003-09-15,1.06,25.1
2005-05-23,1.06,26.76
2005-08-25,1.06,28.5
2007-08-11,1.06,31.98
2007-11-06,1.06,16.37
2007-11-11,1.06,15.99
2009-12-21,1.06,5.93
2010-12-16,1.06,5.53
2013-08-25,1.06,29.79
2013-10-01,1.06,23.79
2013-11-25,1.06,4.11
2014-10-09,1.06,23.37
2017-04-09,1.06,19.29
2017-08-21,1.06,30.11
2018-03-18,1.06,12.55
2018-11-14,1.06,6.76
2019-10-15,1.06,20.01
2020-02-04,1.06,8.81
2020-04-19,1.06,17.12
2020-05-06,1.06,21.05
2022-10-18,1.06,17.03
1973-07-07,1.07,31.61
1974-10-07,1.07,19.13
1975-01-23,1.07,5.62
1975-09-02,1.07,27.46
1977-02-04,1.07,7.04
1977-05-08,1.07,22.33
1978-08-25,1.07,29.77
1979-02-12,1.07,5.71
1981-08-01,1.07,29.9
1982-01-15,1.07,2.56
1982-12-31,1.07,0.95
1983-02-19,1.07,12.27
1984-01-14,1.07,-0.27
1984-02-09,1.07,8.37
1984-09-01,1.07,27.83
1985-05-20,1.07,24.28
1986-04-09,1.07,18.23
1986-06-18,1.07,28.88
1986-07-20,1.07,31.51
1987-04-30,1.07,25.06
1987-11-24,1.07,11.67
1989-01-20,1.07,10.13
1989-01-25,1.07,7.55
1989-11-24,1.07,7.95
1992-02-07,1.07,8.36
1994-12-08,1.07,6.52
1995-02-13,1.07,-0.67
1995-12-02,1.07,14.33
1996-04-11,1.07,19.16
1996-06-05,1.07,26.98
1998-12-14,1.07,11.27
1999-06-19,1.07,26.35
2002-05-23,1.07,20.79
2002-06-08,1.07,27.38
2004-08-08,1.07,27.83
2004-12-27,1.07,5.37
2007-10-21,1.07,20.49
2008-06-25,1.07,29.96
2008-09-23,1.07,24.57
2009-02-22,1.07,7.89
2011-04-30,1.07,19.13
2011-11-20,1.07,10.2
2012-09-12,1.07,26.7
2017-02-25,1.07,9.83
2017-03-21,1.07,19.36
2020-08-10,1.07,31.68
2021-08-06,1.07,30.23
2021-11-05,1.07,14.52
2022-06-17,1.07,31.22
2023-03-08,1.07,10.05
2024-01-29,1.07,11.27
2024-06-13,1.07,30.47
1973-05-14,1.08,20.88
1975-10-20,1.08,19.59
1975-12-08,1.08,8.83
1976-08-13,1.08,30.53
1978-09-23,1.08,23.42
1979-02-16,1.08,4.67
1979-12-21,1.08,10.5
1982-04-30,1.08,18.69
1982-09-17,1.08,22.71
1982-09-24,1.08,24.28
1983-12-09,1.08,6.43
1984-06-01,1.08,24.53
1988-03-17,1.08,7.38
1989-06-18,1.08,27.74
1989-07-26,1.08,31.08
1989-11-05,1.08,15.07
1990-07-18,1.08,30.26
1992-04-23,1.08,18.39
1992-10-17,1.08,15.95
1993-10-03,1.08,22.92
1994-01-13,1.08,5.5
1994-04-22,1.08,22.15
1994-05-24,1.08,27.7
1997-07-03,1.08,28.26
1997-10-05,1.08,25.67
1997-10-07,1.08,24.32
1998-11-16,1.08,14.57
1999-01-04,1.08,-0.09
1999-02-05,1.08,10.72
2002-09-22,1.08,24.52
2003-04-02,1.08,19.16
2003-09-29,1.08,22.67
2003-11-15,1.08,10.94
2005-03-06,1.08,13.81
2006-07-02,1.08,31.65
2007-02-09,1.08,3.86
2008-01-25,1.08,0.35
2008-06-24,1.08,29.34
2009-06-01,1.08,27.19
2009-07-10,1.08,29.47
2009-09-30,1.08,21.57
2009-12-27,1.08,2.27
2010-02-11,1.08,2.23
2010-12-06,1.08,4.52
2011-06-03,1.08,26.15
2011-11-05,1.08,12.74
2012-08-13,1.08,30.7
2014-06-16,1.08,26.65
2015-09-15,1.08,26.49
2016-06-19,1.08,29.92
2017-02-26,1.08,7.83
2018-09-14,1.08,27.23
2018-11-22,1.08,10.25
2019-12-07,1.08,9.16
2019-12-16,1.08,5.41
2020-08-09,1.08,31.18
2020-09-04,1.08,29.88
2020-09-14,1.08,26.88
2021-05-08,1.08,21.49
2022-05-17,1.08,26.69
2022-06-20,1.08,27.86
2022-09-15,1.08,25.94
2023-09-21,1.08,25.75
2024-08-29,1.08,29.95
1973-03-01,1.09,11.38
1974-04-27,1.09,21.32
1976-02-25,1.09,14.92
1976-04-06,1.09,17.75
1976-05-18,1.09,22.92
1977-03-08,1.09,14.12
1978-06-21,1.09,28.08
1980-10-12,1.09,20.65
1982-10-31,1.09,17.27
1983-06-01,1.09,20.83
1986-07-31,1.09,31.54
1986-11-28,1.09,10.78
1987-11-13,1.09,14.05
1988-01-25,1.09,4.84
1990-07-07,1.09,29.7
1992-01-02,1.09,6.25
1995-03-25,1.09,13.68
1996-11-15,1.09,8.82
1996-12-03,1.09,6.19
1996-12-20,1.09,0.25
1997-01-15,1.09,-0.13
1997-06-28,1.09,29.51
1997-07-26,1.09,31.42
1997-08-25,1.09,28.61
1998-01-25,1.09,7.4
1998-04-24,1.09,22.21
1998-05-20,1.09,27.57
1998-10-20,1.09,18.26
1999-01-07,1.09,5.32
2000-10-08,1.09,14.55
2001-01-26,1.09,4.74
2004-02-28,1.09,10.41
2005-09-23,1.09,26.95
2006-06-29,1.09,30.35
2006-12-11,1.09,10.07
2009-09-04,1.09,27.93
2009-09-29,1.09,23.39
2011-08-31,1.09,30.54
2011-12-26,1.09,8.08
2012-12-13,1.09,8.07
2014-07-06,1.09,30.51
2014-10-26,1.09,22.56
2016-03-22,1.09,15.59
2017-01-06,1.09,-1.67
2018-06-06,1.09,28.79
2018-12-18,1.09,9.97
2020-12-03,1.09,7.25
2022-05-18,1.09,26.31
2022-09-26,1.09,26.03
2022-09-29,1.09,24.2
2022-10-03,1.09,22.98
2023-03-05,1.09,11.17
2023-05-31,1.09,27.57
1977-01-11,1.1,-3.05
1977-05-14,1.1,24.15
1978-01-03,1.1,0.53
1979-12-29,1.1,5.37
1980-02-26,1.1,8.05
1981-12-17,1.1,4.69
1982-10-11,1.1,17.17
1982-12-09,1.1,4.29
1983-02-25,1.1,10.26
1985-05-26,1.1,26.59
1985-12-06,1.1,6.54
1987-01-30,1.1,9.79
1988-06-23,1.1,33.49
1989-08-10,1.1,27.83
1989-10-03,1.1,19.41
1990-02-07,1.1,10.1
1990-06-24,1.1,30.01
1995-02-02,1.1,12.88
1995-02-20,1.1,14.51
1995-03-24,1.1,15.41
1995-07-11,1.1,31.33
1995-09-26,1.1,21.83
1996-09-23,1.1,23.0
1997-12-11,1.1,3.74
1999-09-10,1.1,26.99
2000-11-16,1.1,5.97
2003-02-02,1.1,12.4
2003-11-11,1.1,13.72
2004-04-18,1.1,21.32
2004-09-10,1.1,27.48
2005-03-02,1.1,8.55
2006-05-02,1.1,22.28
2007-05-11,1.1,26.48
2007-10-13,1.1,19.38
2008-05-17,1.1,24.52
2012-03-08,1.1,13.8
2012-05-16,1.1,26.65
2012-11-27,1.1,9.6
2013-11-19,1.1,13.84
2014-01-13,1.1,10.64
2015-08-01,1.1,31.79
2015-11-13,1.1,13.12
2017-03-19,1.1,18.16
2017-05-07,1.1,22.68
2017-11-27,1.1,16.27
2019-09-27,1.1,25.56
2020-07-17,1.1,31.76
2020-08-17,1.1,32.07
2020-12-15,1.1,3.33
2022-10-28,1.1,15.33
2023-07-06,1.1,29.64
2023-10-21,1.1,24.21
2024-06-08,1.1,29.9
1974-03-04,1.11,14.25
1974-04-06,1.11,14.97
1974-08-25,1.11,28.91
1977-09-11,1.11,26.86
1979-03-15,1.11,11.64
1981-04-03,1.11,19.29
1985-04-16,1.11,23.08
1988-09-01,1.11,28.66
1992-04-01,1.11,13.79
1994-02-07,1.11,6.4
1995-10-12,1.11,25.27
1996-06-30,1.11,30.32
1996-10-03,1.11,21.08
1998-09-17,1.11,28.6
1998-09-25,1.11,25.44
1998-10-25,1.11,19.23
2000-01-19,1.11,8.39
2001-03-11,1.11,9.85
2002-10-21,1.11,16.34
2005-06-16,1.11,28.2
2005-10-21,1.11,19.19
2008-03-01,1.11,12.86
2008-04-21,1.11,18.84
2009-03-04,1.11,10.35
2009-04-07,1.11,13.02
2012-02-28,1.11,9.36
2012-03-10,1.11,13.22
2013-12-05,1.11,5.83
2014-02-07,1.11,-3.72
2014-10-21,1.11,21.13
2015-03-06,1.11,6.53
2015-04-23,1.11,18.6
2017-10-21,1.11,21.73
2019-10-18,1.11,18.63
2020-03-12,1.11,16.05
2022-08-14,1.11,30.08
2023-09-08,1.11,29.35
1973-07-13,1.12,29.56
1973-11-02,1.12,13.67
1974-01-02,1.12,-3.97
1976-02-28,1.12,15.9
1976-02-29,1.12,14.23
1976-09-24,1.12,23.11
1977-04-30,1.12,22.21
1979-08-08,1.12,31.45
1979-10-01,1.12,26.55
1981-04-28,1.12,23.54
1987-08-20,1.12,30.25
1987-12-18,1.12,3.41
1988-01-01,1.12,1.71
1990-02-05,1.12,8.63
1990-02-18,1.12,5.17
1990-04-04,1.12,16.99
1990-10-31,1.12,20.68
1992-11-27,1.12,5.83
1993-01-23,1.12,9.0
1994-01-24,1.12,9.2
1994-11-07,1.12,15.53
1996-01-22,1.12,5.23
1996-03-12,1.12,14.09
1997-11-21,1.12,10.38
1998-01-03,1.12,10.65
1998-11-04,1.12,10.84
2000-06-23,1.12,29.64
2003-01-26,1.12,4.62
2004-09-30,1.12,22.37
2004-12-28,1.12,5.83
2005-12-08,1.12,-1.27
2006-09-09,1.12,25.92
2006-10-04,1.12,24.67
2007-08-16,1.12,32.44
2010-03-15,1.12,11.56
2010-06-25,1.12,30.53
2010-11-09,1.12,16.48
2011-02-10,1.12,-0.7
2012-06-24,1.12,30.47
2012-07-04,1.12,32.48
2013-09-27,1.12,22.57
2013-10-27,1.12,16.94
2014-04-02,1.12,14.7
2015-10-06,1.12,20.51
2018-05-09,1.12,27.36
2018-10-18,1.12,16.49
2019-04-16,1.12,18.01
2019-09-15,1.12,28.37
2020-11-19,1.12,14.99
2023-09-06,1.12,29.03
2023-09-19,1.12,26.82
1973-03-23,1.13,11.04
1973-09-19,1.13,22.58
1974-02-17,1.13,10.14
1975-11-09,1.13,16.75
1976-04-05,1.13,17.53
1977-01-06,1.13,-0.43
1977-04-13,1.13,21.93
1978-08-19,1.13,28.47
1979-10-16,1.13,20.71
1981-11-19,1.13,13.11
1981-12-07,1.13,11.22
1982-01-16,1.13,2.37
1982-10-22,1.13,15.63
1982-10-23,1.13,16.49
1983-10-15,1.13,17.38
1984-05-12,1.13,24.41
1984-08-30,1.13,31.08
1984-10-03,1.13,21.02
1986-12-16,1.13,8.21
1987-04-24,1.13,22.29
1987-07-29,1.13,31.28
1988-05-11,1.13,24.99
1988-07-03,1.13,29.43
1989-05-07,1.13,22.69
1993-05-28,1.13,24.35
1993-08-02,1.13,30.93
1994-02-19,1.13,12.54
1994-04-08,1.13,14.24
1994-09-10,1.13,27.72
1996-09-25,1.13,21.82
1997-08-03,1.13,31.17
1997-12-16,1.13,9.57
2001-05-11,1.13,25.82
2002-02-05,1.13,5.21
2003-03-10,1.13,8.98
2004-05-09,1.13,25.71
2010-02-02,1.13,3.93
2010-09-14,1.13,28.06
2010-09-25,1.13,26.41
2011-01-06,1.13,5.7
2011-10-30,1.13,15.19
2012-08-16,1.13,30.34
2012-11-09,1.13,14.28
2014-05-07,1.13,22.2
2016-03-19,1.13,12.86
2016-03-23,1.13,15.9
2017-05-27,1.13,24.63
2017-11-23,1.13,13.32
2018-03-07,1.13,9.63
2018-12-12,1.13,7.38
2019-03-24,1.13,14.38
2019-07-19,1.13,31.76
2020-12-29,1.13,6.04
2022-01-25,1.13,6.89
2022-06-16,1.13,29.93
1974-12-09,1.14,5.45
1975-04-05,1.14,11.13
1975-12-05,1.14,12.95
1976-03-10,1.14,10.91
1976-03-15,1.14,10.43
1977-01-24,1.14,3.98
1977-01-31,1.14,0.2
1977-09-10,1.14,26.58
1979-01-28,1.14,-0.79
1980-01-08,1.14,0.83
1980-08-07,1.14,32.07
1981-01-23,1.14,10.15
1981-06-28,1.14,29.36
1981-07-09,1.14,30.5
1982-06-08,1.14,24.73
1984-02-04,1.14,9.81
1984-02-25,1.14,10.61
1984-08-17,1.14,30.48
1985-11-07,1.14,13.47
1986-02-09,1.14,0.87
1988-01-03,1.14,0.87
1989-11-04,1.14,12.72
1990-09-16,1.14,26.66
1991-07-16,1.14,30.76
1992-04-29,1.14,22.73
1992-11-09,1.14,10.87
1993-07-29,1.14,31.43
1994-03-19,1.14,16.38
1994-06-19,1.14,30.01
1994-12-24,1.14,8.57
1995-05-20,1.14,23.02
1996-01-29,1.14,3.44
1996-04-27,1.14,20.04
1996-08-04,1.14,28.73
1997-05-10,1.14,22.04
1997-08-31,1.14,29.66
2000-05-29,1.14,26.46
2001-10-16,1.14,18.22
2002-01-08,1.14,8.65
2003-03-31,1.14,14.92
2003-07-18,1.14,32.54
2003-09-08,1.14,27.37
2005-01-31,1.14,5.37
2007-04-08,1.14,8.78
2007-06-24,1.14,29.53
2007-09-01,1.14,29.67
2008-02-21,1.14,5.58
2008-03-29,1.14,12.69
2008-10-10,1.14,20.03
2008-11-09,1.14,12.29
2009-12-10,1.14,0.28
2010-09-18,1.14,25.92
2011-05-08,1.14,23.85
2013-01-17,1.14,6.29
2015-08-02,1.14,31.65
2016-01-19,1.14,2.25
2017-03-09,1.14,14.89
2017-10-16,1.14,20.32
2019-04-22,1.14,20.74
2021-11-28,1.14,11.89
2022-10-22,1.14,21.94
2023-05-02,1.14,19.85
2024-01-19,1.14,3.97
2024-07-13,1.14,33.29
1973-09-21,1.15,22.84
1974-01-06,1.15,-1.56
1975-06-30,1.15,29.51
1978-12-06,1.15,5.24
1979-12-28,1.15,6.37
1981-02-26,1.15,14.0
1981-12-26,1.15,4.81
1982-12-20,1.15,8.12
1984-11-08,1.15,14.19
1984-11-23,1.15,8.67
1985-06-10,1.15,28.95
1986-04-06,1.15,19.39
1987-03-11,1.15,7.28
1987-08-22,1.15,30.07
1989-03-10,1.15,15.09
1989-12-04,1.15,7.51
1990-10-07,1.15,21.27
1990-12-05,1.15,8.15
1992-01-29,1.15,8.65
1992-12-06,1.15,1.01
1993-08-25,1.15,29.85
1993-09-02,1.15,27.38
1994-03-26,1.15,12.53
1994-12-01,1.15,10.3
1995-11-18,1.15,13.65
1996-02-01,1.15,-2.79
1996-02-26,1.15,11.15
2002-04-19,1.15,21.13
2003-01-22,1.15,3.91
2003-10-21,1.15,25.34
2005-06-21,1.15,30.24
2005-07-31,1.15,31.6
2006-03-26,1.15,12.11
2008-11-27,1.15,11.31
2009-01-03,1.15,8.4
2012-09-15,1.15,25.84
2012-12-14,1.15,8.55
2013-03-23,1.15,8.5
2014-05-22,1.15,25.47
2015-04-02,1.15,19.57
2015-08-27,1.15,28.87
2016-05-06,1.15,23.07
2018-10-19,1.15,17.49
2021-08-26,1.15,30.78
2021-11-19,1.15,11.55
2022-04-20,1.15,16.32
2023-02-11,1.15,8.75
2023-11-11,1.15,12.28
2023-12-05,1.15,11.55
2024-02-09,1.15,11.0
2024-02-27,1.15,17.41
2024-09-05,1.15,28.54
1976-09-03,1.16,27.98
1977-12-11,1.16,2.77
1978-06-24,1.16,29.64
1978-09-24,1.16,24.64
1980-02-23,1.16,10.84
1980-03-26,1.16,9.6
1980-07-08,1.16,31.72
1980-08-22,1.16,29.32
1981-02-03,1.16,1.97
1982-08-15,1.16,29.14
1983-09-09,1.16,28.74
1984-04-17,1.16,18.38
1985-11-08,1.16,13.21
1987-06-28,1.16,29.48
1987-08-01,1.16,31.84
1987-08-17,1.16,29.31
1987-09-01,1.16,27.81
1989-11-25,1.16,10.18
1990-11-29,1.16,9.11
1994-01-01,1.16,7.01
1995-03-30,1.16,10.08
1995-09-10,1.16,24.37
1995-10-07,1.16,18.94
1997-03-09,1.16,14.36
1997-08-24,1.16,29.07
1999-08-16,1.16,28.95
2000-02-01,1.16,4.7
2001-03-25,1.16,11.29
2002-01-26,1.16,11.03
2002-10-15,1.16,17.85
2002-12-03,1.16,7.95
2003-11-25,1.16,7.0
2006-05-17,1.16,24.85
2009-04-05,1.16,14.01
2009-09-05,1.16,27.87
2013-04-07,1.16,17.92
2016-01-31,1.16,12.03
2016-11-15,1.16,17.93
2018-02-02,1.16,7.69
2018-04-21,1.16,16.86
2020-07-14,1.16,31.44
2021-03-27,1.16,15.77
2021-12-22,1.16,7.81
2022-04-11,1.16,16.95
2022-04-15,1.16,14.92
2022-09-09,1.16,29.23
2023-01-28,1.16,6.59
2023-02-10,1.16,9.83
2024-08-20,1.16,30.14
1973-11-23,1.17,10.82
1974-11-17,1.17,11.48
1974-12-19,1.17,5.75
1975-10-14,1.17,20.9
1976-03-06,1.17,8.52
1976-10-27,1.17,10.18
1978-06-29,1.17,30.86
1978-07-29,1.17,30.71
1979-10-24,1.17,16.76
1979-11-05,1.17,12.3
1980-07-11,1.17,33.04
1980-08-25,1.17,30.0
1980-12-23,1.17,6.09
1981-03-06,1.17,9.25
1982-03-21,1.17,12.07
1983-01-31,1.17,6.57
1983-07-21,1.17,31.8
1983-08-06,1.17,32.79
1983-08-16,1.17,31.04
1983-09-04,1.17,29.84
1983-09-05,1.17,29.2
1984-12-10,1.17,11.38
1985-05-08,1.17,23.97
1986-02-01,1.17,10.18
1986-06-19,1.17,28.27
1987-05-11,1.17,27.41
1987-10-14,1.17,19.08
1988-10-15,1.17,21.47
1989-01-19,1.17,10.85
1989-10-16,1.17,20.92
1990-02-24,1.17,12.34
1991-11-25,1.17,6.59
1994-05-18,1.17,22.07
1994-08-01,1.17,30.38
1995-04-26,1.17,18.07
1996-03-15,1.17,15.85
1996-03-26,1.17,7.75
1997-09-14,1.17,27.36
1998-09-27,1.17,25.86
1999-06-08,1.17,27.63
2000-02-21,1.17,11.43
2000-07-08,1.17,29.97
2000-11-11,1.17,6.0
2001-06-20,1.17,28.75
2002-07-31,1.17,32.48
2003-04-13,1.17,21.83
2003-04-22,1.17,18.76
2005-08-02,1.17,31.77
2005-08-06,1.17,30.73
2006-05-14,1.17,23.43
2006-07-24,1.17,32.71
2007-01-19,1.17,2.57
2007-06-09,1.17,26.16
2008-03-11,1.17,12.92
2009-12-22,1.17,6.56
2010-02-15,1.17,4.63
2010-04-12,1.17,20.13
2010-09-29,1.17,26.9
2011-01-15,1.17,4.99
2011-07-22,1.17,32.42
2012-02-24,1.17,12.53
2012-12-28,1.17,1.39
2013-04-22,1.17,16.95
2014-05-20,1.17,24.0
2014-07-27,1.17,31.47
2014-11-03,1.17,13.34
2015-10-20,1.17,20.03
2016-04-09,1.17,16.84
2017-04-15,1.17,21.08
2017-11-13,1.17,12.29
2018-06-15,1.17,29.85
2023-01-31,1.17,-0.51
2023-04-15,1.17,19.83
2023-07-14,1.17,31.67
2023-11-26,1.17,6.06
2024-03-04,1.17,14.43
2024-06-24,1.17,32.08
1975-07-27,1.18,31.17
1975-10-06,1.18,23.67
1976-06-10,1.18,28.68
1976-06-27,1.18,28.71
1976-08-04,1.18,27.5
1976-12-21,1.18,4.08
1977-01-23,1.18,3.27
1978-04-14,1.18,17.31
1978-07-08,1.18,30.37
1979-05-01,1.18,18.99
1979-06-11,1.18,27.22
1980-04-28,1.18,20.19
1980-05-28,1.18,24.8
1981-01-24,1.18,11.19
1981-03-28,1.18,16.0
1981-08-22,1.18,28.5
1985-06-29,1.18,27.38
1985-07-02,1.18,30.02
1986-01-23,1.18,7.85
1987-04-12,1.18,18.28
1988-02-09,1.18,5.86
1988-03-19,1.18,10.56
1988-07-04,1.18,30.53
1988-07-14,1.18,32.05
1990-08-01,1.18,29.35
1992-04-30,1.18,24.1
1993-11-01,1.18,10.74
1994-01-11,1.18,4.79
1995-01-24,1.18,3.92
1995-01-25,1.18,5.49
1996-02-04,1.18,-5.31
1996-11-02,1.18,11.3
1998-03-03,1.18,8.45
1999-02-22,1.18,6.41
1999-07-28,1.18,32.92
2000-01-13,1.18,9.35
2002-09-02,1.18,29.73
2004-05-20,1.18,25.32
2005-08-03,1.18,31.78
2006-03-07,1.18,13.88
2006-04-27,1.18,19.77
2007-02-16,1.18,2.14
2007-09-29,1.18,24.48
2008-08-04,1.18,31.35
2009-11-25,1.18,11.14
2009-12-07,1.18,1.01
2010-11-27,1.18,6.95
2011-02-15,1.18,13.09
2012-04-06,1.18,17.28
2012-10-03,1.18,24.56
2014-04-18,1.18,16.7
2014-07-23,1.18,31.34
2014-11-16,1.18,4.35
2017-08-24,1.18,28.74
2017-09-17,1.18,24.64
2019-12-18,1.18,4.04
2022-03-25,1.18,16.49
2023-11-03,1.18,14.83
2024-03-18,1.18,12.79
1973-02-27,1.19,10.22
1973-02-28,1.19,9.91
1975-11-25,1.19,5.09
1975-12-10,1.19,9.99
1976-06-11,1.19,28.07
1979-09-30,1.19,26.58
1982-08-29,1.19,27.16
1983-03-11,1.19,10.55
1985-06-03,1.19,24.81
1985-09-17,1.19,24.47
1986-02-08,1.19,2.41
1986-05-24,1.19,22.83
1988-01-09,1.19,-2.72
1988-01-14,1.19,2.76
1988-05-10,1.19,23.07
1989-04-10,1.19,12.43
1990-08-29,1.19,31.84
1990-10-01,1.19,23.32
1991-02-21,1.19,13.35
1991-09-23,1.19,21.96
1992-02-03,1.19,10.69
1992-04-25,1.19,19.78
1992-12-21,1.19,4.35
1994-02-05,1.19,5.31
1995-08-23,1.19,31.02
1995-11-25,1.19,12.83
1996-09-05,1.19,28.01
1999-03-18,1.19,15.19
1999-03-30,1.19,16.81
2000-03-05,1.19,15.94
2000-06-09,1.19,27.76
2001-01-08,1.19,7.39
2001-07-23,1.19,31.82
2001-08-25,1.19,29.97
2002-07-12,1.19,30.94
2003-04-03,1.19,16.77
2003-07-26,1.19,31.69
2003-07-27,1.19,31.68
2004-04-01,1.19,17.09
2004-09-13,1.19,27.97
2004-11-14,1.19,9.69
2005-12-20,1.19,3.15
2008-01-22,1.19,0.15
2008-08-31,1.19,29.32
2010-03-01,1.19,8.49
2013-10-19,1.19,16.07
2014-02-24,1.19,9.19
2015-02-28,1.19,0.87
2016-01-11,1.19,2.19
2016-10-10,1.19,22.08
2016-12-30,1.19,7.9
2019-06-01,1.19,26.47
2019-12-31,1.19,5.8
2020-01-07,1.19,8.76
2020-02-23,1.19,11.4
2021-11-10,1.19,16.59
2022-02-05,1.19,3.35
2022-07-01,1.19,30.65
2023-07-07,1.19,29.67
2023-10-01,1.19,25.21
2024-07-15,1.19,33.43
2024-09-19,1.19,26.62
2024-11-28,1.19,8.84
2024-12-08,1.19,11.14
1973-12-07,1.2,6.66
1975-09-09,1.2,26.52
1975-10-02,1.2,21.85
1978-03-13,1.2,9.84
1979-03-17,1.2,10.66
1982-12-29,1.2,3.24
1983-07-19,1.2,31.69
1983-09-24,1.2,21.65
1984-05-15,1.2,23.45
1985-02-10,1.2,3.67
1985-08-27,1.2,29.42
1986-01-03,1.2,7.72
1987-09-21,1.2,24.6
1989-07-07,1.2,32.67
1990-02-20,1.2,7.45
1990-11-24,1.2,14.55
1992-09-17,1.2,26.89
1993-01-02,1.2,2.43
1993-01-15,1.2,1.84
1993-10-10,1.2,16.52
1995-11-14,1.2,12.23
1997-11-19,1.2,8.79
1998-07-20,1.2,33.84
2002-06-20,1.2,28.93
2002-07-06,1.2,30.92
2003-02-24,1.2,3.08
2003-04-14,1.2,22.23
2003-07-15,1.2,32.1
2003-12-08,1.2,8.89
2003-12-27,1.2,7.93
2004-07-14,1.2,31.62
2005-07-23,1.2,32.79
2008-04-23,1.2,21.22
2010-03-28,1.2,13.99
2011-04-06,1.2,16.82
2011-08-24,1.2,32.56
2014-08-25,1.2,28.45
2015-03-18,1.2,15.6
2018-08-06,1.2,31.17
2018-12-25,1.2,7.69
2021-01-11,1.2,3.93
2021-11-14,1.2,13.82
2022-11-02,1.2,19.23
2022-12-22,1.2,1.89
2023-12-06,1.2,11.97
2024-05-12,1.2,23.49
1974-08-20,1.21,29.11
1975-01-14,1.21,2.68
1976-05-25,1.21,21.99
1978-04-29,1.21,20.03
1980-10-13,1.21,18.98
1980-11-13,1.21,12.58
1981-04-30,1.21,24.52
1982-04-19,1.21,17.33
1983-08-27,1.21,31.48
1984-05-18,1.21,23.2
1987-03-26,1.21,12.31
1987-08-19,1.21,29.86
1987-10-31,1.21,19.33
1988-01-12,1.21,4.19
1988-03-24,1.21,17.75
1988-04-15,1.21,18.25
1988-05-04,1.21,19.34
1988-07-07,1.21,30.97
1989-08-03,1.21,29.97
1990-06-30,1.21,32.69
1991-03-12,1.21,12.43
1991-09-02,1.21,28.22
1992-01-15,1.21,3.61
1993-10-12,1.21,17.76
1996-08-18,1.21,29.25
1996-10-07,1.21,22.58
1997-03-16,1.21,9.05
1998-03-05,1.21,7.99
1998-07-16,1.21,32.04
1999-04-12,1.21,17.3
2002-09-01,1.21,29.44
2003-01-04,1.21,9.03
2003-12-04,1.21,8.94
2004-02-16,1.21,5.0
2005-02-10,1.21,7.19
2005-05-24,1.21,26.42
2007-04-10,1.21,12.54
2010-03-24,1.21,14.79
2010-12-10,1.21,8.13
2011-03-19,1.21,16.57
2012-05-20,1.21,25.94
2012-07-22,1.21,32.37
2013-03-07,1.21,8.7
2013-11-20,1.21,12.21
2015-08-28,1.21,28.78
2018-01-27,1.21,9.6
2019-07-02,1.21,30.29
2021-09-28,1.21,27.17
2022-05-15,1.21,26.66
2023-02-01,1.21,0.54
2023-07-03,1.21,31.35
2023-11-18,1.21,15.57
2024-01-21,1.21,0.84
1973-06-09,1.22,29.74
1974-07-29,1.22,31.69
1974-11-19,1.22,12.44
1975-07-05,1.22,30.97
1976-01-02,1.22,2.62
1976-08-11,1.22,29.87
1979-12-31,1.22,5.62
1980-01-04,1.22,3.8
1980-07-06,1.22,31.61
1980-12-05,1.22,9.72
1982-03-01,1.22,10.51
1983-07-29,1.22,31.69
1983-10-17,1.22,19.01
1984-01-15,1.22,-1.25
1985-06-01,1.22,25.2
1987-01-31,1.22,9.59
1989-11-10,1.22,16.24
1990-01-10,1.22,12.39
1990-04-30,1.22,17.21
1991-11-05,1.22,6.95
1991-12-11,1.22,10.24
1992-12-04,1.22,5.33
1994-03-16,1.22,16.86
1995-11-13,1.22,12.05
1997-12-14,1.22,6.69
1998-02-14,1.22,8.48
1998-05-14,1.22,23.23
1999-12-11,1.22,8.03
2000-08-12,1.22,31.46
2000-11-12,1.22,6.03
2001-04-20,1.22,19.36
2001-08-06,1.22,32.91
2002-08-03,1.22,30.27
2003-01-12,1.22,3.43
2003-05-27,1.22,25.2
2003-11-14,1.22,10.2
2004-01-15,1.22,7.75
2004-08-10,1.22,29.02
2006-02-27,1.22,10.39
2006-03-28,1.22,14.0
2007-03-22,1.22,17.43
2007-11-17,1.22,13.83
2008-11-28,1.22,10.58
2009-05-22,1.22,25.01
2012-02-11,1.22,5.7
2012-08-03,1.22,32.7
2014-07-03,1.22,29.34
2014-09-20,1.22,26.26
2017-02-11,1.22,13.95
2017-11-08,1.22,10.27
2018-01-25,1.22,8.12
2019-03-26,1.22,14.5
2020-03-06,1.22,14.27
2020-03-09,1.22,14.59
2021-01-16,1.22,8.13
2023-03-06,1.22,12.49
2023-09-09,1.22,29.0
2024-03-30,1.22,15.55
1974-02-28,1.23,12.41
1976-03-14,1.23,9.62
1976-06-28,1.23,30.39
1976-07-19,1.23,29.29
1976-07-23,1.23,30.72
1976-09-13,1.23,26.2
1977-03-25,1.23,13.48
1977-06-06,1.23,30.81
1977-12-07,1.23,2.78
1980-06-14,1.23,27.85
1981-04-13,1.23,20.77
1983-04-18,1.23,16.11
1983-10-31,1.23,17.77
1984-09-10,1.23,26.8
1985-01-27,1.23,2.58
1986-01-21,1.23,11.16
1986-07-30,1.23,32.12
1988-02-13,1.23,7.1
1989-02-02,1.23,5.1
1989-09-07,1.23,27.25
1991-09-17,1.23,26.28
1993-04-12,1.23,16.91
1993-05-20,1.23,21.72
1993-10-22,1.23,17.28
1995-06-19,1.23,26.94
1996-11-21,1.23,10.87
1997-03-11,1.23,16.02
1998-01-18,1.23,7.37
1998-10-11,1.23,20.45
1998-10-30,1.23,17.03
2000-08-11,1.23,31.88
2001-02-06,1.23,9.92
2001-05-12,1.23,26.1
2004-02-01,1.23,2.07
2004-03-21,1.23,18.28
2005-02-03,1.23,7.79
2005-10-28,1.23,15.58
2006-07-08,1.23,29.52
2007-10-26,1.23,18.24
2008-01-12,1.23,8.28
2008-02-24,1.23,8.72
2008-04-03,1.23,14.84
2009-06-24,1.23,30.66
2009-09-07,1.23,27.09
2009-12-05,1.23,2.94
2012-01-13,1.23,4.21
2014-04-06,1.23,14.43
2014-08-15,1.23,28.15
2018-06-14,1.23,30.01
2019-11-15,1.23,10.18
2021-02-03,1.23,8.96
2021-02-22,1.23,8.51
2023-02-21,1.23,13.14
2024-08-23,1.23,28.82
1974-06-28,1.24,29.0
1976-04-02,1.24,16.14
1977-01-13,1.24,-0.28
1978-10-05,1.24,22.14
1980-10-14,1.24,18.25
1981-08-24,1.24,29.39
1981-09-30,1.24,22.93
1982-04-07,1.24,8.18
1982-04-14,1.24,19.66
1983-10-04,1.24,22.21
1984-07-20,1.24,30.43
1985-05-07,1.24,23.61
1986-07-08,1.24,29.85
1987-10-16,1.24,18.78
1987-11-03,1.24,18.03
1988-09-23,1.24,24.34
1989-01-22,1.24,8.09
1989-02-23,1.24,5.78
1990-01-13,1.24,6.83
1990-04-03,1.24,16.69
1990-07-06,1.24,30.21
1990-08-30,1.24,31.34
1991-03-07,1.24,10.43
1992-05-03,1.24,24.13
1993-09-01,1.24,26.53
1995-02-04,1.24,10.17
1995-03-16,1.24,18.25
1996-02-18,1.24,9.62
1996-03-27,1.24,8.51
1996-08-08,1.24,30.44
1997-12-15,1.24,8.45
1999-01-10,1.24,4.19
2000-05-31,1.24,25.96
2000-07-02,1.24,29.71
2000-08-20,1.24,28.48
2001-03-06,1.24,9.46
2004-01-16,1.24,6.41
2011-08-21,1.24,30.76
2011-08-27,1.24,32.34
2011-11-19,1.24,10.65
2012-02-17,1.24,9.39
2012-10-04,1.24,23.31
2013-03-22,1.24,9.11
2016-07-23,1.24,33.3
2016-11-27,1.24,11.44
2017-02-27,1.24,8.33
2017-12-18,1.24,7.13
2018-07-10,1.24,31.84
2019-06-26,1.24,28.67
2020-07-13,1.24,31.99
2021-07-05,1.24,31.2
2021-08-07,1.24,30.27
2023-07-31,1.24,31.98
2024-02-18,1.24,5.09
2024-04-13,1.24,21.23
2024-06-12,1.24,28.76
1973-05-30,1.25,24.81
1973-11-07,1.25,9.79
1975-03-02,1.25,10.95
1976-07-27,1.25,30.88
1978-09-07,1.25,28.75
1978-10-06,1.25,21.03
1978-12-17,1.25,6.52
1980-02-28,1.25,12.09
1981-03-25,1.25,15.72
1982-06-20,1.25,26.35
1983-02-16,1.25,10.33
1983-04-20,1.25,14.59
1987-03-06,1.25,16.19
1987-04-03,1.25,12.73
1988-01-05,1.25,-1.47
1988-11-18,1.25,9.0
1990-09-09,1.25,29.5
1991-02-13,1.25,11.65
1993-01-06,1.25,2.39
1993-03-25,1.25,16.33
1993-04-22,1.25,18.08
1993-08-01,1.25,31.36
1994-05-02,1.25,16.98
1994-12-22,1.25,10.67
1998-11-25,1.25,15.03
1999-09-22,1.25,23.5
2000-03-31,1.25,14.96
2000-05-21,1.25,24.21
2001-03-10,1.25,9.79
2001-04-01,1.25,14.6
2003-03-02,1.25,6.42
2003-06-27,1.25,28.26
2003-08-14,1.25,30.89
2005-11-10,1.25,16.81
2006-04-19,1.25,19.85
2006-08-24,1.25,30.48
2006-09-06,1.25,27.61
2006-11-05,1.25,14.47
2007-04-19,1.25,17.27
2009-04-16,1.25,15.83
2011-02-07,1.25,6.41
2011-03-29,1.25,10.4
2013-10-17,1.25,16.17
2013-12-08,1.25,-3.7
2014-02-20,1.25,13.34
2014-04-13,1.25,21.53
2022-06-29,1.25,30.01
2022-09-18,1.25,26.59
2022-09-30,1.25,23.5
2023-04-19,1.25,18.39
2024-08-28,1.25,30.48
1974-03-07,1.26,15.66
1974-10-17,1.26,21.4
1977-07-23,1.26,30.59
1977-10-06,1.26,19.16
1978-01-11,1.26,-2.9
1978-07-12,1.26,28.84
1979-01-10,1.26,-1.66
1979-02-15,1.26,7.7
1979-07-11,1.26,30.39
1980-04-27,1.26,18.75
1980-07-30,1.26,32.79
1982-09-25,1.26,22.88
1982-10-28,1.26,16.43
1983-09-18,1.26,26.62
1986-01-16,1.26,8.67
1986-12-06,1.26,7.0
1987-10-30,1.26,19.03
1988-10-16,1.26,22.37
1989-02-27,1.26,9.33
1990-04-22,1.26,22.69
1990-06-29,1.26,32.09
1991-07-15,1.26,30.21
1992-06-24,1.26,29.15
1994-10-23,1.26,19.24
1996-02-24,1.26,13.28
1996-07-05,1.26,30.17
1996-09-02,1.26,28.0
1997-03-18,1.26,14.11
1998-09-01,1.26,30.67
1998-11-27,1.26,17.02
1999-07-14,1.26,29.93
1999-11-21,1.26,14.26
2000-09-10,1.26,27.79
2001-07-17,1.26,29.78
2002-05-24,1.26,21.34
2005-07-19,1.26,32.17
2007-02-23,1.26,11.71
2007-05-21,1.26,23.81
2007-06-08,1.26,24.99
2008-01-23,1.26,1.32
2008-12-30,1.26,9.53
2009-01-24,1.26,6.84
2011-06-08,1.26,28.71
2011-12-25,1.26,6.63
2012-07-07,1.26,32.63
2013-08-30,1.26,31.42
2013-11-08,1.26,13.31
2014-11-10,1.26,15.2
2016-02-18,1.26,12.62
2016-12-22,1.26,8.39
2017-07-09,1.26,32.13
2019-12-21,1.26,7.95
2021-01-12,1.26,5.46
2022-03-20,1.26,16.31
2023-07-11,1.26,30.51
2024-08-11,1.26,28.82
1973-08-07,1.27,29.26
1975-01-02,1.27,4.24
1975-09-14,1.27,21.67
1977-10-15,1.27,19.7
1978-07-13,1.27,30.16
1979-08-17,1.27,26.07
1980-08-26,1.27,29.06
1981-04-06,1.27,16.25
1981-10-05,1.27,20.04
1981-11-12,1.27,15.25
1982-03-28,1.27,8.87
1983-05-28,1.27,26.97
1984-12-18,1.27,5.77
1986-01-18,1.27,12.12
1987-03-14,1.27,13.07
1987-12-04,1.27,11.97
1988-03-13,1.27,8.65
1988-12-20,1.27,9.21
1989-03-15,1.27,13.87
1990-04-07,1.27,13.67
1990-07-28,1.27,30.24
1992-06-21,1.27,26.5
1993-03-21,1.27,11.51
1993-07-30,1.27,30.77
1993-08-26,1.27,29.01
1994-09-29,1.27,26.13
1995-01-30,1.27,4.89
1995-04-07,1.27,17.88
1995-05-16,1.27,24.42
1995-08-09,1.27,29.9
1995-11-24,1.27,11.46
1996-01-26,1.27,2.87
1996-07-03,1.27,32.31
1998-12-21,1.27,1.49
1999-02-27,1.27,12.63
2000-01-14,1.27,8.29
2001-10-22,1.27,21.08
2002-06-02,1.27,29.14
2003-11-23,1.27,8.9
2006-05-21,1.27,26.23
2006-08-06,1.27,31.09
2007-07-17,1.27,31.75
2007-10-10,1.27,23.4
2008-06-19,1.27,28.34
2009-08-30,1.27,27.26
2010-01-06,1.27,1.48
2010-04-02,1.27,18.81
2011-08-26,1.27,31.96
2011-09-28,1.27,26.87
2012-07-05,1.27,32.34
2014-04-01,1.27,15.45
2014-09-16,1.27,25.0
2016-06-11,1.27,29.66
2017-02-17,1.27,13.18
2017-11-24,1.27,15.76
2019-01-09,1.27,9.54
2020-11-24,1.27,10.65
2021-10-21,1.27,19.0
2024-04-16,1.27,22.22
1973-06-08,1.28,28.73
1973-08-17,1.28,30.56
1975-10-19,1.28,18.89
1976-05-19,1.28,22.86
1976-08-26,1.28,29.88
1976-12-15,1.28,8.54
1978-11-19,1.28,8.79
1979-02-08,1.28,1.59
1979-11-08,1.28,10.6
1979-12-02,1.28,5.83
1981-06-27,1.28,29.79
1981-08-23,1.28,28.81
1981-09-23,1.28,23.7
1983-01-08,1.28,8.95
1983-03-29,1.28,10.2
1985-01-09,1.28,2.13
1986-03-07,1.28,12.62
1987-01-28,1.28,8.15
1987-04-25,1.28,22.51
1989-12-29,1.28,7.54
1990-03-24,1.28,10.88
1990-08-09,1.28,30.53
1994-06-03,1.28,25.95
1995-08-22,1.28,31.42
1996-01-06,1.28,-0.19
1997-12-06,1.28,4.03
1998-09-19,1.28,27.87
1999-05-20,1.28,24.45
1999-12-07,1.28,9.18
2000-05-22,1.28,26.35
2000-07-01,1.28,29.2
2001-07-03,1.28,30.22
2002-03-14,1.28,13.68
2003-03-03,1.28,6.29
2003-04-27,1.28,19.76
2003-06-28,1.28,29.09
2004-05-10,1.28,25.71
2005-10-13,1.28,20.06
2005-10-14,1.28,21.66
2006-04-20,1.28,20.66
2006-07-09,1.28,30.16
2007-03-03,1.28,7.24
2009-08-26,1.28,29.05
2010-07-17,1.28,32.95
2010-08-03,1.28,31.51
2012-10-17,1.28,21.32
2014-02-22,1.28,10.41
2014-09-24,1.28,25.07
2014-12-02,1.28,6.75
2015-09-22,1.28,26.76
2015-09-26,1.28,27.24
2017-05-31,1.28,25.94
2017-09-22,1.28,25.77
2018-04-12,1.28,19.35
2019-08-29,1.28,29.76
2019-12-12,1.28,5.41
2021-01-08,1.28,6.29
2021-11-06,1.28,15.51
1973-01-20,1.29,7.74
1973-12-10,1.29,6.74
1975-11-14,1.29,11.03
1977-06-08,1.29,26.96
1980-06-18,1.29,28.3
1981-02-21,1.29,15.18
1983-03-12,1.29,10.99
1985-12-14,1.29,-0.23
1986-04-07,1.29,21.06
1988-09-14,1.29,24.98
1988-10-31,1.29,15.64
1989-04-14,1.29,18.24
1989-08-16,1.29,28.2
1990-09-06,1.29,30.38
1991-02-07,1.29,12.35
1993-03-19,1.29,8.51
1993-07-28,1.29,30.46
1994-07-30,1.29,30.29
1994-08-11,1.29,29.12
1995-10-29,1.29,16.32
1997-01-31,1.29,9.32
1997-04-10,1.29,9.14
1997-11-20,1.29,10.42
1999-01-17,1.29,10.37
1999-07-06,1.29,30.98
2000-01-30,1.29,2.51
2000-03-15,1.29,14.78
2000-04-01,1.29,15.51
2000-06-07,1.29,26.68
2000-08-29,1.29,29.81
2001-01-10,1.29,5.16
2002-05-19,1.29,20.68
2003-02-06,1.29,3.08
2003-03-09,1.29,10.3
2003-10-17,1.29,20.01
2004-07-10,1.29,29.45
2005-01-18,1.29,3.17
2005-10-03,1.29,25.05
2005-10-19,1.29,22.77
2007-02-28,1.29,9.82
2009-05-12,1.29,22.03
2011-11-18,1.29,10.24
2013-04-30,1.29,23.26
2014-11-07,1.29,15.72
2015-12-07,1.29,11.87
2016-03-18,1.29,15.34
2018-05-10,1.29,26.88
2018-12-24,1.29,7.3
2019-10-04,1.29,21.62
2020-02-18,1.29,10.22
2020-04-06,1.29,17.08
2022-09-02,1.29,31.19
2022-09-17,1.29,25.93
2024-02-10,1.29,9.95
2024-02-20,1.29,11.8
2024-09-04,1.29,28.2
2024-11-13,1.29,14.32
1973-07-12,1.3,30.51
1976-09-12,1.3,25.69
1978-02-03,1.3,1.4
1979-03-25,1.3,11.63
1980-03-15,1.3,12.3
1980-07-01,1.3,30.05
1980-11-28,1.3,7.32
1982-05-11,1.3,20.5
1982-09-22,1.3,22.1
1984-04-25,1.3,18.38
1984-08-16,1.3,30.28
1984-11-26,1.3,10.15
1985-08-21,1.3,27.44
1985-10-03,1.3,19.68
1986-02-21,1.3,9.12
1987-03-21,1.3,13.78
1987-07-14,1.3,29.22
1988-11-11,1.3,12.78
1990-01-14,1.3,7.57
1990-05-18,1.3,22.45
1992-05-15,1.3,24.85
1993-05-17,1.3,23.88
1994-02-17,1.3,12.48
1994-05-19,1.3,22.19
1996-04-18,1.3,19.19
1996-07-07,1.3,31.3
1997-09-19,1.3,26.59
1997-11-03,1.3,13.94
1998-08-24,1.3,30.91
1999-10-14,1.3,23.2
1999-12-18,1.3,8.38
2000-05-17,1.3,23.23
2001-01-16,1.3,4.43
2003-01-29,1.3,8.32
2005-09-06,1.3,28.74
2005-11-08,1.3,18.29
2006-11-02,1.3,11.61
2007-02-22,1.3,12.93
2008-07-17,1.3,30.89
2010-01-13,1.3,6.28
2010-09-15,1.3,27.39
2010-12-17,1.3,4.03
2012-03-15,1.3,20.35
2014-09-14,1.3,21.95
2014-11-14,1.3,2.68
2015-07-23,1.3,29.72
2015-08-24,1.3,28.13
2016-01-24,1.3,5.73
2016-09-11,1.3,27.61
2016-11-20,1.3,11.02
2018-04-09,1.3,12.14
2019-03-21,1.3,13.99
2019-03-29,1.3,16.21
2019-04-03,1.3,14.65
2021-07-23,1.3,30.83
2022-08-03,1.3,32.3
2022-09-19,1.3,27.5
2023-07-01,1.3,30.93
2023-08-01,1.3,31.43
2024-02-01,1.3,13.27
2024-09-01,1.3,30.09
1973-01-10,1.31,-5.06
1974-07-17,1.31,30.43
1976-04-13,1.31,17.55
1977-07-19,1.31,32.42
1979-11-17,1.31,14.18
1981-03-21,1.31,10.65
1981-09-14,1.31,29.26
1982-03-11,1.31,15.05
1982-05-09,1.31,20.88
1982-08-19,1.31,30.03
1983-03-10,1.31,10.24
1984-02-21,1.31,8.89
1986-09-09,1.31,23.37
1988-12-26,1.31,4.62
1990-06-28,1.31,31.97
1995-10-11,1.31,24.25
1996-04-25,1.31,21.81
2000-05-06,1.31,25.57
2000-05-23,1.31,28.05
2001-07-14,1.31,29.79
2003-08-22,1.31,31.45
2006-11-03,1.31,10.86
2007-03-20,1.31,16.89
2008-02-25,1.31,10.21
2008-05-31,1.31,26.43
2008-07-15,1.31,30.43
2008-10-11,1.31,18.58
2010-03-20,1.31,13.49
2011-01-12,1.31,-1.75
2011-01-21,1.31,2.72
2011-08-20,1.31,30.76
2013-06-15,1.31,27.46
2013-08-28,1.31,30.53
2014-03-11,1.31,16.85
2014-06-03,1.31,27.78
2016-03-08,1.31,15.94
2017-08-19,1.31,30.31
2017-11-01,1.31,12.71
2017-12-29,1.31,1.93
2018-08-25,1.31,28.72
2018-12-30,1.31,3.69
2019-01-28,1.31,7.9
2019-06-27,1.31,29.4
2019-08-20,1.31,32.11
2019-09-07,1.31,28.58
2019-12-05,1.31,10.1
2020-03-30,1.31,16.63
2020-08-03,1.31,30.54
2020-11-18,1.31,14.63
2022-12-29,1.31,9.73
2023-03-21,1.31,10.08
2023-07-09,1.31,29.54
2023-07-15,1.31,31.69
2023-07-16,1.31,31.64
1973-10-27,1.32,18.36
1974-07-31,1.32,29.95
1975-06-04,1.32,26.2
1975-10-01,1.32,22.52
1976-10-16,1.32,17.87
1976-11-13,1.32,4.99
1978-03-21,1.32,16.94
1978-07-30,1.32,30.46
1979-02-27,1.32,7.69
1979-06-16,1.32,28.19
1979-09-12,1.32,26.17
1979-12-26,1.32,8.49
1983-01-25,1.32,5.04
1984-05-13,1.32,25.67
1984-05-14,1.32,25.74
1985-08-20,1.32,27.6
1987-03-12,1.32,9.33
1987-03-27,1.32,12.33
1987-05-13,1.32,25.84
1987-11-15,1.32,13.48
1988-09-22,1.32,23.65
1991-07-21,1.32,31.41
1992-02-21,1.32,11.13
1992-09-24,1.32,24.4
1992-10-25,1.32,21.75
1994-03-20,1.32,16.16
1994-03-24,1.32,15.21
1994-07-11,1.32,30.42
1995-04-28,1.32,18.01
1995-09-12,1.32,26.76
1996-09-10,1.32,28.51
2000-08-09,1.32,32.16
2004-04-08,1.32,19.33
2004-07-20,1.32,30.95
2005-10-18,1.32,22.74
2007-04-03,1.32,19.05
2008-04-08,1.32,15.79
2008-09-29,1.32,25.8
2011-04-13,1.32,18.91
2013-02-09,1.32,7.21
2013-08-17,1.32,29.04
2014-01-09,1.32,3.01
2014-02-04,1.32,1.84
2016-01-21,1.32,4.55
2016-12-09,1.32,1.05
2018-09-12,1.32,26.68
2022-03-17,1.32,17.45
2022-06-30,1.32,30.74
2022-10-16,1.32,21.83
2023-06-01,1.32,27.25
2023-10-08,1.32,21.31
2023-10-11,1.32,21.31
1974-04-10,1.33,15.14
1974-06-26,1.33,27.81
1974-08-21,1.33,28.48
1975-07-01,1.33,29.77
1975-11-04,1.33,20.28
1976-01-15,1.33,6.7
1976-06-13,1.33,26.78
1980-03-09,1.33,11.43
1981-04-21,1.33,17.32
1981-06-25,1.33,30.72
1983-06-24,1.33,29.44
1983-07-14,1.33,32.01
1983-08-21,1.33,30.44
1983-11-08,1.33,14.6
1984-09-15,1.33,25.26
1988-02-16,1.33,8.91
1988-08-27,1.33,29.46
1990-07-30,1.33,30.47
1991-01-13,1.33,6.18
1991-03-16,1.33,8.87
1992-05-19,1.33,26.02
1993-08-23,1.33,29.26
1994-01-06,1.33,5.18
1994-01-30,1.33,2.13
1995-03-19,1.33,17.74
1996-01-04,1.33,3.26
1996-03-17,1.33,14.27
1997-07-18,1.33,31.84
1998-06-29,1.33,31.37
2000-09-09,1.33,27.65
2000-10-04,1.33,23.79
2001-08-03,1.33,31.92
2002-08-02,1.33,30.88
2006-03-01,1.33,14.8
2006-03-08,1.33,13.29
2007-01-03,1.33,8.07
2007-02-27,1.33,9.24
2009-08-23,1.33,28.95
2010-10-07,1.33,21.97
2012-07-17,1.33,31.53
2014-07-02,1.33,29.78
2015-12-19,1.33,5.86
2016-11-07,1.33,18.82
2017-05-03,1.33,21.01
2021-01-04,1.33,8.25
2021-05-30,1.33,22.4
2021-10-17,1.33,20.09
2023-02-14,1.33,12.21
2023-04-24,1.33,15.43
2023-07-12,1.33,30.66
2023-07-29,1.33,32.98
1973-11-14,1.34,16.17
1974-09-26,1.34,23.57
1975-03-21,1.34,15.88
1975-10-11,1.34,21.58
1977-07-13,1.34,31.04
1978-05-16,1.34,22.66
1978-07-18,1.34,30.95
1978-09-22,1.34,22.85
1980-08-27,1.34,28.34
1981-02-06,1.34,3.56
1982-02-21,1.34,15.08
1983-03-15,1.34,13.79
1983-06-10,1.34,26.77
1985-08-11,1.34,28.28
1986-07-24,1.34,30.49
1986-09-28,1.34,22.74
1986-11-03,1.34,13.44
1987-02-07,1.34,11.31
1987-11-04,1.34,19.36
1988-01-16,1.34,6.91
1988-03-11,1.34,11.16
1990-03-13,1.34,15.88
1991-06-08,1.34,25.91
1991-11-29,1.34,9.66
1993-09-22,1.34,24.08
1993-11-25,1.34,3.98
1994-06-15,1.34,28.18
1994-08-12,1.34,29.49
1994-09-06,1.34,26.6
1994-12-27,1.34,9.73
1995-06-13,1.34,26.46
1995-10-20,1.34,20.06
1996-08-16,1.34,30.16
1997-06-05,1.34,24.83
1997-08-23,1.34,28.82
1999-02-06,1.34,11.02
1999-03-25,1.34,15.09
2000-02-22,1.34,13.91
2001-07-08,1.34,31.14
2002-01-13,1.34,9.94
2003-02-03,1.34,10.54
2004-06-07,1.34,28.13
2005-09-20,1.34,28.64
2007-05-15,1.34,25.7
2007-12-26,1.34,5.5
2008-01-18,1.34,1.44
2010-12-27,1.34,2.68
2011-07-19,1.34,32.75
2013-05-01,1.34,21.88
2015-07-31,1.34,31.72
2015-09-28,1.34,26.38
2016-02-22,1.34,12.9
2016-05-24,1.34,23.94
2016-06-22,1.34,31.43
2016-09-13,1.34,25.09
2018-01-19,1.34,7.51
2019-08-04,1.34,31.33
2020-07-04,1.34,31.45
2020-09-16,1.34,26.78
2022-01-21,1.34,2.29
2022-04-04,1.34,17.21
2022-07-13,1.34,32.27
2022-09-16,1.34,25.64
2023-05-18,1.34,24.51
2023-08-24,1.34,30.89
1974-08-01,1.35,30.04
1974-10-24,1.35,18.29
1974-12-14,1.35,6.72
1975-09-04,1.35,27.7
1975-10-10,1.35,20.59
1976-08-09,1.35,28.11
1977-05-18,1.35,23.46
1977-10-22,1.35,19.94
1977-12-28,1.35,1.32
1978-06-15,1.35,26.81
1978-07-10,1.35,29.89
1979-10-05,1.35,22.75
1980-03-07,1.35,9.34
1981-09-17,1.35,23.7
1981-09-28,1.35,24.14
1983-08-26,1.35,31.05
1985-09-25,1.35,20.66
1985-10-13,1.35,19.2
1986-04-25,1.35,20.37
1986-07-07,1.35,29.24
1987-04-17,1.35,22.75
1987-08-30,1.35,27.99
1988-05-17,1.35,25.93
1988-08-17,1.35,31.59
1990-01-31,1.35,6.96
1992-12-23,1.35,7.11
1993-05-22,1.35,22.55
1994-07-24,1.35,31.29
1995-03-18,1.35,17.88
1996-11-01,1.35,11.3
1997-09-18,1.35,27.03
1998-01-10,1.35,3.17
1998-05-21,1.35,26.63
1999-09-19,1.35,25.54
2000-08-15,1.35,31.33
2000-10-14,1.35,20.3
2002-05-31,1.35,30.04
2002-12-23,1.35,5.41
2003-02-01,1.35,11.25
2004-01-08,1.35,2.41
2004-08-17,1.35,27.57
2006-05-13,1.35,22.36
2006-09-08,1.35,27.3
2007-07-16,1.35,31.48
2009-03-13,1.35,6.9
2009-11-18,1.35,12.87
2010-12-11,1.35,8.76
2011-03-17,1.35,16.37
2011-07-04,1.35,32.1
2011-07-18,1.35,32.36
2012-08-07,1.35,32.53
2012-08-21,1.35,29.24
2017-07-19,1.35,31.79
2018-06-08,1.35,29.12
2021-07-28,1.35,32.41
2021-10-31,1.35,16.66
2021-11-03,1.35,12.72
2021-12-20,1.35,6.51
2023-11-06,1.35,19.05
2023-12-14,1.35,9.04
2024-07-14,1.35,33.64
1974-01-18,1.36,11.06
1974-05-29,1.36,25.81
1974-07-18,1.36,31.35
1974-08-13,1.36,28.51
1974-10-25,1.36,18.64
1976-04-27,1.36,14.25
1976-06-04,1.36,25.44
1978-05-23,1.36,24.84
1979-09-04,1.36,28.96
1980-04-06,1.36,16.28
1980-10-01,1.36,25.54
1984-04-16,1.36,18.45
1985-05-09,1.36,23.98
1985-10-27,1.36,20.24
1986-05-12,1.36,22.83
1986-12-12,1.36,3.88
1988-11-01,1.36,17.1
1989-11-28,1.36,9.65
1991-01-17,1.36,7.18
1992-08-09,1.36,30.59
1993-05-27,1.36,24.22
1993-11-23,1.36,9.72
1997-01-06,1.36,4.67
1999-05-16,1.36,21.76
2000-05-03,1.36,23.97
2001-08-28,1.36,31.18
2001-09-17,1.36,24.64
2003-03-29,1.36,12.44
2004-04-07,1.36,19.07
2005-08-22,1.36,30.64
2006-01-22,1.36,7.77
2007-06-21,1.36,30.06
2007-06-25,1.36,29.61
2010-03-03,1.36,8.42
2010-09-12,1.36,26.55
2011-02-17,1.36,14.16
2011-09-29,1.36,27.15
2012-12-04,1.36,15.6
2012-12-23,1.36,6.24
2013-04-13,1.36,15.13
2013-11-16,1.36,13.55
2014-05-23,1.36,26.1
2014-07-20,1.36,28.94
2014-10-12,1.36,20.0
2014-11-29,1.36,11.46
2016-10-03,1.36,23.02
2017-02-13,1.36,11.99
2019-05-16,1.36,24.52
2019-06-15,1.36,27.53
2020-02-17,1.36,10.31
2021-02-06,1.36,6.1
2022-07-16,1.36,32.34
2022-09-01,1.36,31.18
2023-07-13,1.36,31.26
2024-02-17,1.36,6.44
2024-04-19,1.36,18.79
2024-10-30,1.36,18.89
1974-05-08,1.37,21.47
1975-05-02,1.37,19.21
1976-09-06,1.37,28.63
1976-10-17,1.37,15.1
1977-02-26,1.37,9.96
1977-04-25,1.37,21.14
1977-05-29,1.37,25.2
1977-12-27,1.37,0.81
1979-10-04,1.37,22.72
1980-06-28,1.37,30.83
1981-12-28,1.37,4.93
1982-07-13,1.37,30.49
1982-07-22,1.37,31.93
1984-05-17,1.37,21.7
1984-11-04,1.37,14.74
1985-05-24,1.37,25.85
1986-05-05,1.37,22.49
1986-08-04,1.37,30.38
1986-10-09,1.37,20.76
1987-07-27,1.37,32.03
1988-01-26,1.37,3.12
1988-07-02,1.37,27.89
1990-06-14,1.37,27.23
1990-11-26,1.37,14.25
1991-05-01,1.37,19.11
1993-04-23,1.37,18.89
1993-08-18,1.37,29.67
1996-02-29,1.37,2.78
1996-08-06,1.37,29.71
1997-07-14,1.37,31.12
1999-04-24,1.37,17.67
1999-07-22,1.37,31.0
2002-04-20,1.37,18.63
2004-10-17,1.37,17.25
2005-03-30,1.37,16.5
2009-02-17,1.37,7.33
2009-02-26,1.37,12.95
2011-02-22,1.37,7.55
2011-06-02,1.37,27.06
2011-08-30,1.37,30.33
2015-07-17,1.37,29.97
2015-10-21,1.37,20.69
2015-11-04,1.37,17.68
2016-05-05,1.37,22.55
2017-07-21,1.37,32.54
2017-11-07,1.37,12.29
2017-11-10,1.37,10.16
2018-08-31,1.37,29.19
2019-10-10,1.37,19.6
2020-12-05,1.37,10.58
2021-04-14,1.37,16.05
2021-04-26,1.37,19.04
2021-10-23,1.37,18.96
2022-04-22,1.37,20.32
2023-10-15,1.37,17.15
1973-08-06,1.38,29.27
1975-09-27,1.38,22.75
1975-11-15,1.38,13.15
1976-01-06,1.38,2.43
1976-02-26,1.38,15.4
1976-05-05,1.38,20.68
1976-07-26,1.38,30.89
1976-08-30,1.38,29.18
1977-02-21,1.38,11.51
1977-05-30,1.38,25.97
1977-07-16,1.38,32.82
1977-11-27,1.38,8.06
1978-10-21,1.38,21.88
1979-06-28,1.38,29.94
1982-02-25,1.38,8.95
1983-08-28,1.38,31.83
1985-04-13,1.38,21.57
1985-07-03,1.38,30.77
1986-01-04,1.38,7.01
1987-03-03,1.38,11.81
1987-08-05,1.38,31.19
1988-05-01,1.38,19.52
1989-06-19,1.38,29.83
1989-08-09,1.38,27.23
1991-08-25,1.38,30.74
1993-12-29,1.38,3.56
1995-03-02,1.38,2.7
1995-08-21,1.38,30.95
1997-01-14,1.38,-4.39
1997-01-21,1.38,9.22
1997-02-01,1.38,11.77
1998-01-20,1.38,5.46
1998-06-03,1.38,26.19
2000-07-06,1.38,29.5
2000-10-18,1.38,21.37
2000-10-31,1.38,16.54
2001-05-08,1.38,23.35
2003-03-23,1.38,16.79
2006-05-16,1.38,23.2
2007-01-28,1.38,4.55
2007-07-09,1.38,31.73
2007-10-09,1.38,23.93
2008-01-10,1.38,8.6
2008-06-21,1.38,29.53
2009-09-19,1.38,26.53
2009-11-22,1.38,12.63
2010-01-02,1.38,2.03
2010-05-05,1.38,22.4
2010-06-20,1.38,29.12
2010-09-20,1.38,26.1
2011-06-07,1.38,29.55
2011-08-25,1.38,32.68
2014-04-23,1.38,20.99
2014-12-17,1.38,5.97
2016-11-08,1.38,18.35
2017-04-16,1.38,21.78
2019-02-10,1.38,1.28
2019-04-28,1.38,19.64
2019-12-24,1.38,10.47
2021-01-29,1.38,4.68
2021-07-27,1.38,32.41
2022-06-28,1.38,29.5
2022-09-03,1.38,30.99
2023-03-09,1.38,9.06
2024-05-19,1.38,25.63
2024-07-28,1.38,30.47
2024-08-02,1.38,33.69
1973-03-28,1.39,11.8
1974-06-03,1.39,26.46
1974-12-05,1.39,8.01
1975-02-18,1.39,6.49
1975-08-08,1.39,29.04
1979-08-30,1.39,28.85
1979-08-31,1.39,28.84
1980-06-22,1.39,28.89
1980-07-10,1.39,32.48
1980-09-19,1.39,25.28
1982-03-22,1.39,11.39
1983-07-28,1.39,30.98
1983-08-08,1.39,32.57
1983-12-23,1.39,-6.51
1984-11-30,1.39,8.53
1985-09-07,1.39,27.18
1986-01-31,1.39,8.16
1986-06-13,1.39,28.15
1987-04-06,1.39,14.04
1987-05-02,1.39,22.66
1988-06-13,1.39,28.4
1989-11-01,1.39,13.09
1990-07-31,1.39,29.84
1991-11-06,1.39,9.43
1994-05-31,1.39,28.19
1994-07-25,1.39,31.1
1995-06-21,1.39,27.7
1996-03-04,1.39,8.7
1999-08-31,1.39,28.16
2000-07-28,1.39,31.5
2001-05-01,1.39,24.37
2003-12-18,1.39,7.74
2004-01-29,1.39,1.23
2005-04-09,1.39,18.98
2005-10-12,1.39,18.79
2005-10-24,1.39,15.71
2006-08-07,1.39,31.62
2007-03-14,1.39,20.4
2007-07-08,1.39,32.14
2007-08-09,1.39,31.72
2009-10-03,1.39,18.23
2010-04-18,1.39,18.74
2011-04-14,1.39,17.74
2012-08-29,1.39,31.37
2013-03-21,1.39,10.44
2013-04-25,1.39,16.58
2015-04-11,1.39,19.02
2017-10-25,1.39,18.35
2019-08-15,1.39,30.39
2021-08-10,1.39,31.12
2022-02-27,1.39,6.14
2023-02-26,1.39,8.95
2023-04-14,1.39,20.96
2023-09-28,1.39,25.26
2024-10-10,1.39,25.72
2024-12-31,1.39,10.58
1973-08-05,1.4,29.46
1974-11-08,1.4,12.34
1974-12-30,1.4,5.78
1975-10-12,1.4,21.87
1975-10-21,1.4,20.63
1976-09-04,1.4,28.58
1977-07-04,1.4,29.95
1977-07-17,1.4,33.39
1978-05-26,1.4,25.78
1978-11-08,1.4,15.88
1979-01-09,1.4,-1.99
1979-06-18,1.4,25.18
1980-07-13,1.4,32.09
1980-11-29,1.4,9.49
1981-07-22,1.4,31.08
1981-07-23,1.4,30.65
1981-11-15,1.4,16.06
1983-01-05,1.4,5.85
1985-08-09,1.4,29.58
1985-10-05,1.4,19.77
1988-05-30,1.4,25.73
1989-04-01,1.4,14.42
1990-04-20,1.4,19.67
1990-06-21,1.4,29.72
1990-10-20,1.4,15.99
1992-01-26,1.4,7.44
1992-02-06,1.4,8.6
1994-03-23,1.4,16.34
1994-06-20,1.4,30.8
1995-10-23,1.4,16.64
1996-04-28,1.4,19.18
1996-07-04,1.4,30.78
1997-03-12,1.4,15.44
1997-03-20,1.4,16.76
1998-03-26,1.4,18.37
1998-04-13,1.4,18.14
1998-12-06,1.4,11.12
1999-03-10,1.4,8.76
1999-05-19,1.4,23.97
2000-08-23,1.4,30.23
2000-09-05,1.4,28.17
2000-12-29,1.4,2.93
2001-06-17,1.4,29.37
2001-11-20,1.4,13.42
2003-09-09,1.4,26.09
2004-03-31,1.4,17.54
2004-07-15,1.4,31.42
2005-02-01,1.4,5.73
2005-07-29,1.4,30.28
2008-05-21,1.4,25.27
2008-06-22,1.4,29.89
2009-11-13,1.4,13.97
2011-07-17,1.4,31.34
2012-03-14,1.4,20.29
2012-06-09,1.4,27.65
2012-09-07,1.4,29.45
2013-04-16,1.4,15.65
2014-01-02,1.4,4.58
2016-10-29,1.4,21.02
2018-10-01,1.4,21.28
2020-02-27,1.4,7.82
2020-08-08,1.4,30.33
2020-11-23,1.4,11.86
2021-03-12,1.4,14.2
2021-10-15,1.4,18.57
2022-04-29,1.4,19.81
2022-08-13,1.4,30.35
2022-10-02,1.4,22.87
2023-06-08,1.4,26.96
2024-10-18,1.4,18.21
1973-04-30,1.41,17.67
1973-07-08,1.41,31.45
1974-01-23,1.41,7.93
1976-05-20,1.41,23.2
1977-03-19,1.41,12.12
1978-04-03,1.41,16.05
1978-09-26,1.41,24.89
1979-02-04,1.41,0.32
1979-04-17,1.41,19.81
1979-08-16,1.41,24.55
1980-06-09,1.41,25.57
1981-06-19,1.41,27.58
1981-08-21,1.41,28.31
1982-08-16,1.41,29.97
1984-03-18,1.41,10.85
1984-12-04,1.41,3.96
1987-06-15,1.41,31.43
1987-12-11,1.41,12.88
1988-04-25,1.41,17.54
1989-10-23,1.41,20.09
1989-11-17,1.41,8.32
1989-12-19,1.41,-1.86
1995-08-10,1.41,30.61
1996-02-23,1.41,13.27
1996-05-05,1.41,21.4
1996-05-14,1.41,22.05
1997-11-26,1.41,12.94
1999-02-25,1.41,12.13
1999-10-29,1.41,19.02
2001-05-17,1.41,25.8
2003-04-15,1.41,22.28
2003-10-08,1.41,24.16
2004-02-14,1.41,4.71
2004-08-02,1.41,31.55
2004-08-18,1.41,28.14
2004-09-24,1.41,24.72
2004-12-22,1.41,4.84
2005-02-25,1.41,8.57
2005-05-05,1.41,19.7
2005-06-15,1.41,27.97
2006-05-23,1.41,25.05
2006-12-02,1.41,6.52
2007-08-10,1.41,32.35
2008-09-08,1.41,25.68
2008-11-08,1.41,13.54
2009-06-26,1.41,31.55
2009-07-24,1.41,30.49
2009-09-06,1.41,27.4
2011-07-31,1.41,32.56
2013-01-18,1.41,6.98
2014-03-05,1.41,6.35
2015-02-04,1.41,6.89
2015-03-19,1.41,14.0
2015-12-30,1.41,2.92
2016-07-13,1.41,30.4
2016-09-04,1.41,26.61
2016-10-13,1.41,19.96
2017-10-20,1.41,23.19
2018-07-08,1.41,30.81
2019-09-25,1.41,26.2
2020-01-01,1.41,6.49
2020-12-21,1.41,9.79
2021-05-02,1.41,24.56
2021-07-26,1.41,32.12
2021-12-13,1.41,10.35
2022-05-19,1.41,26.27
2022-06-23,1.41,30.57
2022-07-22,1.41,33.4
2022-12-05,1.41,8.7
2023-01-14,1.41,7.18
2023-05-23,1.41,25.72
1974-01-31,1.42,10.72
1974-10-23,1.42,17.26
1974-11-02,1.42,15.57
1975-01-30,1.42,6.73
1976-01-11,1.42,4.91
1976-10-01,1.42,24.68
1976-11-20,1.42,12.73
1977-02-03,1.42,5.45
1980-07-16,1.42,33.13
1981-03-19,1.42,9.46
1981-07-31,1.42,29.01
1983-01-03,1.42,3.13
1983-01-09,1.42,8.57
1983-02-04,1.42,2.17
1983-06-12,1.42,26.28
1986-08-19,1.42,31.06
1987-12-23,1.42,7.35
1989-11-22,1.42,11.9
1991-02-04,1.42,13.96
1991-04-21,1.42,16.25
1991-07-18,1.42,31.51
1993-02-24,1.42,2.28
1993-06-15,1.42,27.95
1993-09-17,1.42,21.49
1994-01-25,1.42,8.93
1994-07-18,1.42,30.82
1995-07-29,1.42,33.52
1995-09-13,1.42,28.04
1995-09-28,1.42,24.76
1997-09-04,1.42,25.91
2001-06-29,1.42,30.31
2001-07-15,1.42,29.62
2001-11-13,1.42,16.56
2002-07-18,1.42,31.87
2003-04-21,1.42,19.2
2003-10-16,1.42,18.85
2004-01-01,1.42,7.72
2004-03-17,1.42,14.02
2004-04-06,1.42,17.26
2005-07-20,1.42,33.25
2005-07-21,1.42,33.36
2006-05-20,1.42,27.12
2006-06-04,1.42,28.3
2007-07-15,1.42,31.05
2008-07-16,1.42,30.9
2008-08-01,1.42,31.65
2008-12-13,1.42,7.31
2010-01-28,1.42,4.91
2010-04-29,1.42,18.58
2010-12-15,1.42,5.73
2011-07-20,1.42,32.58
2011-10-15,1.42,21.32
2012-05-12,1.42,21.96
2012-06-19,1.42,29.71
2013-09-17,1.42,24.89
2013-10-12,1.42,20.21
2014-07-05,1.42,29.59
2014-11-02,1.42,12.73
2015-03-16,1.42,19.6
2018-03-16,1.42,12.98
2018-05-14,1.42,24.89
2019-02-02,1.42,8.55
2019-05-14,1.42,22.97
2019-06-04,1.42,27.0
2019-08-19,1.42,31.0
2020-04-18,1.42,15.73
2021-08-25,1.42,30.88
2022-03-01,1.42,13.36
2022-08-02,1.42,31.89
2023-08-12,1.42,30.96
2023-09-04,1.42,30.36
2024-08-24,1.42,29.07
1973-10-16,1.43,21.35
1974-02-02,1.43,8.54
1974-07-28,1.43,31.86
1974-08-15,1.43,28.23
1974-09-19,1.43,25.82
1975-01-05,1.43,5.02
1976-06-12,1.43,27.27
1976-07-25,1.43,31.35
1977-06-02,1.43,28.06
1979-04-22,1.43,20.13
1982-03-26,1.43,12.53
1982-09-30,1.43,20.58
1982-11-01,1.43,17.79
1983-10-03,1.43,22.26
1985-04-25,1.43,19.17
1985-12-10,1.43,5.56
1986-01-10,1.43,7.69
1987-05-01,1.43,23.1
1988-08-10,1.43,31.6
1989-01-30,1.43,10.48
1989-10-05,1.43,19.26
1991-04-16,1.43,17.74
1991-08-29,1.43,29.93
1995-06-18,1.43,26.46
1995-10-24,1.43,16.15
1998-03-01,1.43,8.65
1999-05-08,1.43,21.27
1999-11-24,1.43,11.24
2000-08-27,1.43,30.75
2002-03-25,1.43,11.22
2002-06-25,1.43,31.76
2002-07-30,1.43,31.94
2003-02-18,1.43,7.03
2004-07-22,1.43,31.4
2005-02-27,1.43,9.92
2006-05-07,1.43,21.02
2006-06-05,1.43,28.5
2007-03-21,1.43,17.0
2007-09-04,1.43,30.92
2010-01-16,1.43,8.5
2010-04-15,1.43,20.72
2011-09-03,1.43,30.14
2011-10-18,1.43,19.91
2012-03-29,1.43,20.28
2012-07-02,1.43,32.88
2013-10-18,1.43,16.69
2014-10-07,1.43,23.6
2015-07-12,1.43,29.55
2015-10-08,1.43,23.38
2016-10-01,1.43,23.05
2017-04-14,1.43,20.91
2017-05-14,1.43,22.65
2018-07-09,1.43,31.37
2019-07-20,1.43,31.94
2019-09-02,1.43,29.77
2020-02-01,1.43,8.64
2020-04-05,1.43,14.22
2020-05-30,1.43,27.82
2022-01-05,1.43,6.24
2022-05-14,1.43,25.15
2023-06-05,1.43,27.21
2023-07-08,1.43,29.41
2023-11-16,1.43,16.72
2024-06-15,1.43,30.04
2024-06-17,1.43,29.0
1973-10-07,1.44,21.98
1974-03-25,1.44,8.8
1975-07-02,1.44,29.9
1976-08-28,1.44,28.92
1977-03-09,1.44,16.21
1978-03-12,1.44,10.72
1978-03-15,1.44,10.98
1978-06-17,1.44,28.33
1978-08-26,1.44,29.39
1980-05-29,1.44,25.44
1981-11-06,1.44,16.93
1983-08-25,1.44,30.36
1984-07-21,1.44,30.33
1984-09-27,1.44,17.28
1987-07-28,1.44,31.5
1987-07-31,1.44,32.09
1989-04-16,1.44,20.25
1990-07-03,1.44,31.25
1990-11-21,1.44,14.14
1991-02-23,1.44,12.0
1991-06-13,1.44,28.07
1992-09-09,1.44,25.93
1994-04-24,1.44,21.96
1994-12-23,1.44,9.65
1995-11-27,1.44,12.35
1996-08-19,1.44,28.6
1998-01-26,1.44,8.23
1999-06-20,1.44,27.1
2000-02-02,1.44,6.47
2000-04-22,1.44,20.9
2000-12-11,1.44,3.25
2001-06-27,1.44,28.79
2003-04-29,1.44,21.16
2004-03-30,1.44,18.29
2005-06-18,1.44,26.45
2005-07-03,1.44,30.06
2005-07-30,1.44,30.99
2006-03-30,1.44,16.52
2007-05-01,1.44,25.13
2007-12-14,1.44,5.32
2008-03-27,1.44,15.64
2008-06-16,1.44,29.19
2009-01-25,1.44,1.85
2009-08-31,1.44,26.7
2009-09-28,1.44,25.96
2012-07-29,1.44,32.01
2014-12-13,1.44,10.63
2015-02-16,1.44,5.22
2016-05-08,1.44,22.47
2017-09-29,1.44,23.39
2018-02-19,1.44,10.52
2018-08-23,1.44,27.72
2019-08-30,1.44,29.52
2019-10-28,1.44,12.79
2020-01-10,1.44,8.17
2022-07-14,1.44,32.19
2023-01-20,1.44,7.02
2023-03-28,1.44,11.35
2024-06-16,1.44,29.17
1973-07-10,1.45,32.24
1973-07-18,1.45,29.83
1973-08-10,1.45,30.61
1977-05-01,1.45,23.18
1977-10-30,1.45,18.5
1977-12-21,1.45,2.81
1978-01-04,1.45,3.28
1978-06-28,1.45,30.68
1980-06-27,1.45,30.86
1980-07-02,1.45,30.02
1982-09-21,1.45,21.48
1984-06-26,1.45,29.92
1984-08-24,1.45,27.85
1986-03-17,1.45,12.23
1986-08-18,1.45,30.75
1986-08-23,1.45,28.56
1987-08-06,1.45,30.75
1988-12-08,1.45,7.53
1991-03-20,1.45,14.92
1991-08-16,1.45,29.13
1991-08-27,1.45,30.14
1992-11-10,1.45,11.36
1993-04-21,1.45,17.38
1993-05-26,1.45,23.78
1993-08-24,1.45,30.04
1994-08-13,1.45,30.57
1998-06-22,1.45,29.27
1999-06-18,1.45,25.12
2000-09-19,1.45,28.32
2000-11-18,1.45,4.32
2001-12-09,1.45,9.11
2002-05-22,1.45,20.04
2002-09-12,1.45,27.0
2002-12-29,1.45,9.61
2003-07-12,1.45,31.29
2003-08-27,1.45,31.39
2003-11-07,1.45,9.55
2004-04-27,1.45,21.59
2005-07-24,1.45,32.68
2006-10-05,1.45,23.04
2010-04-05,1.45,18.98
2012-10-24,1.45,18.97
2014-02-26,1.45,5.86
2014-03-12,1.45,15.1
2014-08-26,1.45,28.07
2015-04-06,1.45,16.69
2016-08-28,1.45,28.88
2016-10-06,1.45,21.11
2017-08-01,1.45,30.9
2017-08-02,1.45,30.74
2018-03-15,1.45,12.57
2018-09-19,1.45,27.86
2018-10-29,1.45,18.48
2021-09-17,1.45,27.13
2022-03-13,1.45,9.44
2022-12-21,1.45,1.5
2023-09-30,1.45,25.7
1973-09-18,1.46,22.23
1975-01-24,1.46,8.28
1975-02-06,1.46,2.06
1975-02-07,1.46,2.09
1975-10-27,1.46,15.76
1976-06-07,1.46,26.4
1977-12-23,1.46,5.74
1979-10-29,1.46,17.2
1981-08-04,1.46,30.3
1982-04-29,1.46,18.82
1985-11-23,1.46,4.66
1987-04-01,1.46,14.02
1989-12-05,1.46,11.01
1991-03-21,1.46,14.79
1991-07-06,1.46,31.48
1992-03-03,1.46,16.51
1993-04-24,1.46,18.85
1993-07-10,1.46,30.12
1993-08-09,1.46,29.21
1995-12-06,1.46,9.41
1999-03-29,1.46,14.83
1999-08-28,1.46,31.42
1999-09-13,1.46,25.48
2000-02-11,1.46,10.48
2000-08-19,1.46,28.6
2000-09-04,1.46,28.58
2001-01-31,1.46,6.48
2001-03-08,1.46,11.29
2002-01-02,1.46,0.75
2002-12-09,1.46,6.54
2002-12-30,1.46,9.67
2004-11-26,1.46,10.44
2005-08-07,1.46,31.39
2005-09-17,1.46,26.12
2005-10-16,1.46,21.63
2006-05-25,1.46,27.6
2008-01-04,1.46,4.34
2008-07-06,1.46,30.06
2009-08-24,1.46,28.05
2010-05-27,1.46,25.92
2011-01-14,1.46,2.99
2011-01-31,1.46,5.53
2011-04-18,1.46,18.08
2012-03-28,1.46,19.41
2012-08-09,1.46,32.57
2012-10-28,1.46,12.66
2013-07-31,1.46,28.86
2015-06-23,1.46,30.31
2015-11-11,1.46,13.82
2016-04-24,1.46,20.93
2016-11-04,1.46,20.18
2017-02-23,1.46,15.09
2018-12-19,1.46,10.01
2020-01-27,1.46,9.05
2020-06-16,1.46,27.02
2023-09-18,1.46,26.67
2024-02-23,1.46,14.32
2024-09-14,1.46,27.13
1975-09-10,1.47,26.89
1975-12-02,1.47,7.87
1975-12-24,1.47,3.53
1976-02-14,1.47,12.82
1978-07-14,1.47,31.23
1978-11-07,1.47,15.59
1979-05-27,1.47,23.64
1980-01-20,1.47,5.53
1980-01-27,1.47,-0.12
1980-03-01,1.47,4.43
1980-07-05,1.47,31.21
1981-10-19,1.47,16.88
1982-07-17,1.47,30.57
1984-02-19,1.47,9.3
1984-04-28,1.47,17.12
1985-03-11,1.47,15.72
1986-05-13,1.47,23.02
1986-12-15,1.47,7.29
1987-03-15,1.47,12.45
1987-03-22,1.47,13.22
1987-07-30,1.47,31.83
1987-11-14,1.47,14.53
1988-07-26,1.47,32.26
1989-03-17,1.47,12.87
1989-04-02,1.47,14.93
1989-04-07,1.47,18.44
1991-06-18,1.47,28.59
1991-07-02,1.47,30.13
1993-03-15,1.47,6.77
1993-09-05,1.47,27.16
1994-08-02,1.47,30.5
1994-09-30,1.47,24.54
1994-10-10,1.47,20.55
1996-09-09,1.47,27.94
1997-07-13,1.47,29.68
2000-05-05,1.47,25.72
2000-05-07,1.47,25.19
2000-07-23,1.47,30.13
2000-11-30,1.47,9.0
2001-02-27,1.47,8.04
2003-03-04,1.47,6.71
2005-10-01,1.47,25.6
2005-10-23,1.47,17.28
2005-11-02,1.47,18.07
2007-10-07,1.47,22.9
2008-11-26,1.47,11.38
2009-02-24,1.47,9.6
2009-03-03,1.47,9.17
2009-04-06,1.47,13.6
2010-02-08,1.47,3.29
2010-08-29,1.47,28.19
2011-02-19,1.47,11.78
2011-06-14,1.47,27.7
2012-05-23,1.47,26.49
2012-10-06,1.47,18.31
2013-04-27,1.47,21.48
2013-08-24,1.47,29.87
2015-02-03,1.47,5.07
2015-09-13,1.47,26.8
2015-10-09,1.47,23.71
2016-07-30,1.47,31.54
2017-06-01,1.47,26.19
2017-10-01,1.47,21.98
2018-03-03,1.47,11.54
2018-05-06,1.47,25.64
2022-12-02,1.47,8.01
2024-04-18,1.47,20.31
1974-07-19,1.48,31.93
1974-10-12,1.48,21.41
1975-06-23,1.48,27.63
1975-08-27,1.48,28.77
1978-01-31,1.48,-0.16
1978-12-10,1.48,0.54
1979-10-06,1.48,23.31
1980-02-06,1.48,6.13
1981-05-01,1.48,24.39
1982-02-10,1.48,-0.51
1983-05-06,1.48,20.77
1983-06-16,1.48,26.88
1985-07-01,1.48,29.39
1986-04-19,1.48,17.55
1987-04-11,1.48,19.17
1987-10-23,1.48,15.89
1988-03-12,1.48,10.44
1988-08-18,1.48,31.53
1988-09-21,1.48,22.81
1989-03-26,1.48,17.56
1989-06-02,1.48,27.02
1989-08-17,1.48,28.56
1991-09-01,1.48,29.07
1991-10-03,1.48,25.0
1993-04-03,1.48,12.16
1993-08-20,1.48,29.71
1994-03-21,1.48,15.83
1997-03-17,1.48,12.47
1997-12-17,1.48,10.5
1999-07-29,1.48,33.29
1999-08-04,1.48,29.46
1999-10-17,1.48,17.69
2002-04-11,1.48,19.82
2005-02-09,1.48,6.36
2005-04-04,1.48,18.68
2006-06-12,1.48,27.3
2007-02-11,1.48,4.55
2007-04-17,1.48,17.98
2008-04-07,1.48,16.21
2008-06-17,1.48,28.65
2009-05-10,1.48,21.98
2009-07-01,1.48,29.25
2012-04-12,1.48,17.33
2015-12-16,1.48,7.75
2016-01-13,1.48,4.81
2016-03-29,1.48,15.86
2016-07-20,1.48,31.67
2017-03-18,1.48,17.0
2018-10-31,1.48,16.14
2019-10-19,1.48,17.95
2020-08-13,1.48,31.25
2024-02-16,1.48,9.17
1973-05-11,1.49,23.97
1974-12-29,1.49,5.98
1975-10-13,1.49,21.49
1976-12-31,1.49,0.87
1977-01-02,1.49,-2.23
1977-06-11,1.49,27.06
1979-04-29,1.49,17.75
1980-05-27,1.49,24.05
1980-12-07,1.49,8.16
1981-01-27,1.49,8.45
1982-02-18,1.49,10.94
1982-08-17,1.49,30.42
1983-12-21,1.49,-4.99
1984-05-31,1.49,24.46
1986-05-02,1.49,22.1
1989-04-08,1.49,18.43
1994-01-07,1.49,2.81
1994-06-16,1.49,27.75
1994-08-30,1.49,28.32
1995-04-27,1.49,17.8
1996-04-12,1.49,18.52
1997-03-29,1.49,16.99
1997-08-04,1.49,31.3
1998-07-17,1.49,32.66
1999-03-12,1.49,8.18
1999-03-31,1.49,17.01
1999-04-21,1.49,20.56
2001-04-09,1.49,17.96
2003-07-04,1.49,31.53
2003-07-21,1.49,32.73
2005-06-26,1.49,29.8
2005-11-14,1.49,14.6
2005-11-17,1.49,9.3
2007-05-08,1.49,23.12
2007-08-26,1.49,30.22
2007-12-17,1.49,4.38
2008-12-14,1.49,6.75
2010-02-23,1.49,4.69
2012-07-08,1.49,32.84
2013-11-05,1.49,11.67
2014-01-03,1.49,3.84
2014-02-27,1.49,5.01
2014-09-23,1.49,24.52
2014-10-22,1.49,19.83
2017-11-22,1.49,12.92
2018-03-05,1.49,11.2
2018-04-02,1.49,13.45
2021-02-02,1.49,7.64
2023-05-26,1.49,24.58
2024-10-20,1.49,20.46
1974-03-15,1.5,12.68
1974-03-26,1.5,11.13
1974-09-27,1.5,24.23
1975-07-09,1.5,30.28
1976-04-14,1.5,19.19
1976-09-05,1.5,29.3
1976-09-30,1.5,23.37
1977-04-29,1.5,22.36
1979-11-04,1.5,12.12
1981-05-02,1.5,22.79
1981-10-09,1.5,16.62
1982-04-08,1.5,8.63
1986-04-30,1.5,22.42
1986-09-07,1.5,24.07
1988-04-16,1.5,18.25
1989-02-19,1.5,3.27
1989-03-09,1.5,11.05
1990-03-28,1.5,13.42
1990-08-02,1.5,29.19
1990-10-14,1.5,20.17
1991-04-23,1.5,17.14
1991-10-16,1.5,21.93
1992-10-10,1.5,20.18
1995-12-01,1.5,13.89
1996-12-19,1.5,-1.53
1999-05-21,1.5,24.37
2001-04-10,1.5,18.21
2001-05-24,1.5,25.02
2001-08-20,1.5,29.96
2002-07-17,1.5,31.64
2002-09-13,1.5,27.13
2003-03-05,1.5,6.12
2003-09-26,1.5,25.09
2003-10-30,1.5,17.15
2004-01-24,1.5,6.37
2004-12-26,1.5,4.41
2006-05-29,1.5,26.5
2007-05-29,1.5,25.97
2007-06-15,1.5,28.33
2008-09-26,1.5,26.23
2009-01-04,1.5,6.19
2009-11-01,1.5,16.52
2012-08-23,1.5,29.54
2012-09-26,1.5,25.05
2013-03-20,1.5,11.4
2013-05-16,1.5,26.53
2014-03-09,1.5,11.88
2015-03-24,1.5,14.65
2015-09-16,1.5,26.14
2016-09-20,1.5,28.59
2016-11-16,1.5,18.52
2019-07-30,1.5,31.0
2019-08-01,1.5,30.88
2019-12-20,1.5,6.1
2020-04-08,1.5,21.42
2021-01-05,1.5,9.32
2021-09-24,1.5,24.81
2022-09-13,1.5,27.16
1973-01-18,1.51,11.18
1973-05-21,1.51,24.6
1973-07-06,1.51,31.69
1973-11-08,1.51,11.07
1974-03-03,1.51,15.55
1974-08-16,1.51,28.95
1976-01-04,1.51,-0.08
1978-04-28,1.51,19.52
1978-05-22,1.51,24.53
1980-01-06,1.51,4.45
1980-12-24,1.51,6.58
1981-06-23,1.51,29.45
1981-07-16,1.51,30.49
1982-08-26,1.51,28.03
1983-02-15,1.51,9.85
1983-05-10,1.51,18.79
1983-12-24,1.51,-8.1
1984-05-01,1.51,17.01
1985-05-10,1.51,24.01
1986-01-06,1.51,4.32
1986-06-25,1.51,29.36
1986-08-30,1.51,25.06
1986-11-01,1.51,15.13
1987-08-29,1.51,27.11
1988-07-16,1.51,32.62
1988-08-14,1.51,31.07
1991-09-24,1.51,22.16
1992-05-11,1.51,23.29
1993-05-12,1.51,25.17
1994-09-27,1.51,25.01
1996-08-17,1.51,30.07
1997-10-30,1.51,15.82
1998-08-20,1.51,29.5
1999-05-27,1.51,24.57
1999-08-29,1.51,30.51
2000-10-10,1.51,15.77
2003-12-17,1.51,6.51
2005-12-03,1.51,5.73
2006-12-29,1.51,7.65
2008-06-07,1.51,26.33
2008-08-03,1.51,31.69
2009-08-14,1.51,29.69
2009-12-01,1.51,10.56
2010-04-13,1.51,19.8
2011-02-04,1.51,0.93
2012-02-20,1.51,8.07
2012-04-29,1.51,18.86
2012-06-16,1.51,29.19
2016-05-15,1.51,19.95
2017-04-10,1.51,19.02
2017-12-07,1.51,5.64
2019-03-15,1.51,11.91
2020-04-27,1.51,21.98
2020-08-26,1.51,31.79
2021-06-06,1.51,30.19
2021-11-26,1.51,10.12
2022-10-31,1.51,17.76
2023-05-27,1.51,24.61
2023-07-04,1.51,31.17
2024-01-17,1.51,-1.51
2024-04-07,1.51,14.51
2024-11-27,1.51,9.44
1973-06-01,1.52,25.15
1974-03-08,1.52,14.79
1974-09-23,1.52,21.42
1975-05-22,1.52,23.23
1975-10-15,1.52,20.49
1976-12-13,1.52,7.28
1977-06-01,1.52,28.17
1977-10-24,1.52,18.4
1978-08-09,1.52,30.9
1978-10-24,1.52,17.68
1979-01-16,1.52,-0.58
1979-04-28,1.52,17.89
1980-08-30,1.52,28.58
1980-11-14,1.52,11.67
1982-03-05,1.52,7.38
1982-08-21,1.52,30.6
1982-10-14,1.52,18.34
1984-05-16,1.52,21.5
1984-10-05,1.52,21.38
1985-07-05,1.52,31.67
1985-09-02,1.52,28.39
1986-04-15,1.52,15.44
1987-12-08,1.52,10.52
1989-12-13,1.52,1.61
1990-04-18,1.52,15.73
1990-09-07,1.52,31.0
1991-06-27,1.52,28.24
1992-03-22,1.52,11.14
1992-05-14,1.52,24.07
1994-04-04,1.52,16.22
1995-12-10,1.52,1.17
1996-03-30,1.52,12.01
1996-04-26,1.52,21.09
1998-02-01,1.52,8.86
1999-04-11,1.52,15.93
2001-09-23,1.52,26.7
2002-04-17,1.52,22.06
2002-11-18,1.52,11.45
2003-04-11,1.52,19.23
2003-08-08,1.52,31.02
2004-10-07,1.52,23.11
2005-12-06,1.52,1.61
2006-04-18,1.52,20.41
2006-05-30,1.52,26.86
2007-02-21,1.52,11.58
2007-07-22,1.52,30.21
2007-08-29,1.52,29.96
2008-08-05,1.52,31.58
2009-06-30,1.52,30.13
2010-10-22,1.52,19.72
2011-09-17,1.52,20.69
2011-09-21,1.52,24.81
2012-11-19,1.52,14.09
2013-09-18,1.52,24.99
2014-11-01,1.52,14.34
2015-07-25,1.52,30.94
2015-09-23,1.52,26.24
2015-12-04,1.52,9.49
2016-02-19,1.52,14.02
2016-05-14,1.52,22.99
2017-02-04,1.52,5.13
2017-03-12,1.52,9.35
2017-06-25,1.52,28.04
2017-11-03,1.52,16.16
2017-11-21,1.52,13.04
2017-12-19,1.52,10.3
2019-05-31,1.52,25.87
2020-04-03,1.52,13.23
2022-11-01,1.52,18.98
2024-05-30,1.52,25.53
1973-03-13,1.53,14.41
1973-06-25,1.53,29.72
1973-10-03,1.53,22.94
1975-03-15,1.53,7.92
1977-04-01,1.53,12.83
1978-10-01,1.53,23.91
1979-03-07,1.53,12.95
1980-03-20,1.53,13.86
1982-09-16,1.53,21.72
1982-10-12,1.53,16.87
1982-11-24,1.53,7.28
1983-07-30,1.53,32.15
1983-12-02,1.53,4.53
1984-07-02,1.53,28.92
1985-04-19,1.53,22.98
1987-09-10,1.53,27.73
1988-04-12,1.53,20.06
1992-07-08,1.53,28.62
1992-09-16,1.53,26.59
1994-09-09,1.53,28.4
1996-01-23,1.53,4.15
1996-11-28,1.53,4.85
1997-07-07,1.53,28.65
1999-02-24,1.53,9.17
2000-07-25,1.53,30.52
2000-09-07,1.53,26.43
2001-12-08,1.53,10.8
2002-08-26,1.53,30.29
2003-02-28,1.53,4.84
2004-03-15,1.53,13.94
2005-03-01,1.53,8.37
2005-08-01,1.53,31.67
2005-08-04,1.53,31.4
2006-08-09,1.53,31.37
2008-06-18,1.53,28.55
2008-12-04,1.53,7.51
2010-05-23,1.53,23.73
2010-05-28,1.53,26.34
2010-09-22,1.53,26.26
2010-10-06,1.53,20.84
2011-03-25,1.53,11.03
2011-05-17,1.53,18.55
2012-10-12,1.53,19.18
2013-03-13,1.53,12.19
2013-09-24,1.53,22.57
2015-02-06,1.53,7.42
2016-02-05,1.53,5.74
2016-03-27,1.53,14.51
2016-07-22,1.53,33.57
2017-09-18,1.53,25.13
2020-11-22,1.53,13.06
2022-08-29,1.53,30.19
2023-05-29,1.53,25.59
2023-08-18,1.53,31.31
2023-12-16,1.53,10.79
1973-10-04,1.54,22.53
1973-11-13,1.54,15.72
1974-04-15,1.54,17.03
1974-12-03,1.54,6.25
1975-01-01,1.54,5.22
1975-03-09,1.54,6.38
1975-08-11,1.54,30.42
1977-06-27,1.54,31.02
1977-12-03,1.54,10.43
1978-04-21,1.54,14.0
1980-05-07,1.54,22.97
1981-02-23,1.54,13.51
1981-10-15,1.54,17.33
1984-06-28,1.54,30.0
1985-01-10,1.54,1.63
1986-10-27,1.54,18.42
1989-01-04,1.54,8.21
1989-01-11,1.54,5.78
1990-01-05,1.54,6.27
1993-06-14,1.54,27.7
1993-08-11,1.54,30.12
1993-11-29,1.54,9.18
1995-02-19,1.54,13.12
1995-12-04,1.54,12.85
2000-01-18,1.54,8.72
2000-09-01,1.54,28.31
2004-05-16,1.54,22.42
2005-07-13,1.54,32.35
2006-03-11,1.54,12.88
2006-05-22,1.54,25.35
2007-09-27,1.54,24.95
2008-06-01,1.54,27.26
2008-07-26,1.54,30.85
2008-11-04,1.54,18.22
2010-05-10,1.54,18.37
2012-05-26,1.54,24.2
2013-11-02,1.54,16.45
2014-05-30,1.54,26.84
2014-06-21,1.54,29.11
2014-06-22,1.54,29.14
2015-02-08,1.54,14.43
2015-07-30,1.54,31.24
2016-11-21,1.54,11.12
2016-12-19,1.54,0.29
2018-05-25,1.54,28.38
2019-06-30,1.54,30.9
2020-01-16,1.54,7.35
2020-12-26,1.54,6.44
2021-12-28,1.54,6.92
2023-07-10,1.54,30.1
2024-01-03,1.54,6.59
2024-03-14,1.54,17.09
1973-06-23,1.55,29.31
1974-05-06,1.55,20.88
1975-05-12,1.55,22.87
1975-11-08,1.55,18.26
1975-11-12,1.55,12.64
1976-04-22,1.55,20.22
1976-11-12,1.55,7.73
1977-12-12,1.55,6.52
1977-12-19,1.55,8.06
1978-06-23,1.55,29.32
1978-09-01,1.55,27.56
1981-02-16,1.55,13.15
1981-11-28,1.55,7.21
1982-01-17,1.55,0.23
1983-04-21,1.55,15.62
1983-06-25,1.55,28.96
1983-12-08,1.55,5.97
1984-08-19,1.55,29.74
1985-03-02,1.55,11.87
1985-04-15,1.55,22.62
1988-09-25,1.55,24.19
1989-03-19,1.55,12.56
1991-12-18,1.55,6.76
1993-03-22,1.55,12.94
1994-05-17,1.55,22.9
1994-06-18,1.55,29.43
1994-12-03,1.55,11.78
1996-01-12,1.55,8.2
1996-07-22,1.55,30.73
1998-02-10,1.55,8.92
1998-04-29,1.55,19.64
1999-01-25,1.55,7.56
1999-03-19,1.55,14.19
2001-06-30,1.55,31.0
2002-08-09,1.55,29.33
2002-08-12,1.55,31.71
2002-09-17,1.55,26.7
2002-10-22,1.55,15.5
2003-01-13,1.55,4.98
2003-03-22,1.55,14.63
2003-08-09,1.55,31.15
2005-09-01,1.55,28.46
2005-12-04,1.55,5.29
2006-08-05,1.55,31.04
2006-09-29,1.55,22.81
2007-09-28,1.55,25.54
2009-08-06,1.55,29.74
2010-08-25,1.55,28.82
2011-11-26,1.55,13.39
2012-02-21,1.55,8.6
2013-09-19,1.55,25.6
2014-02-11,1.55,1.99
2015-08-29,1.55,29.23
2016-04-08,1.55,18.71
2016-05-29,1.55,25.77
2016-10-25,1.55,19.72
2017-11-05,1.55,14.78
2018-12-03,1.55,7.72
2019-07-11,1.55,31.12
2022-05-09,1.55,21.29
2022-07-17,1.55,32.77
1973-09-20,1.56,22.73
1974-02-03,1.56,7.36
1975-11-11,1.56,13.4
1976-03-28,1.56,14.38
1977-04-19,1.56,20.23
1978-04-09,1.56,18.2
1979-07-15,1.56,31.26
1980-06-29,1.56,31.4
1981-08-19,1.56,27.77
1982-07-18,1.56,30.53
1982-08-02,1.56,30.42
1984-12-12,1.56,9.35
1985-04-14,1.56,21.53
1986-05-30,1.56,28.07
1986-07-19,1.56,31.45
1986-08-05,1.56,30.44
1987-03-29,1.56,10.17
1988-01-10,1.56,-0.82
1988-02-05,1.56,1.16
1988-02-10,1.56,5.37
1988-04-24,1.56,17.22
1988-10-28,1.56,16.02
1989-02-06,1.56,-5.23
1989-05-27,1.56,24.34
1989-10-24,1.56,21.5
1990-01-24,1.56,9.92
1990-05-24,1.56,23.58
1990-08-26,1.56,29.16
1991-03-25,1.56,16.4
1991-11-10,1.56,10.3
1992-05-12,1.56,24.26
1993-10-15,1.56,18.45
1993-12-23,1.56,1.54
1997-06-06,1.56,24.42
1998-07-02,1.56,30.28
1998-11-23,1.56,14.93
1998-12-19,1.56,6.94
1999-11-01,1.56,20.49
2000-11-27,1.56,9.54
2001-09-26,1.56,22.73
2002-06-03,1.56,26.9
2003-06-29,1.56,29.43
2005-07-25,1.56,32.23
2005-08-21,1.56,30.62
2005-10-02,1.56,26.32
2006-09-21,1.56,20.71
2007-09-26,1.56,23.92
2009-07-02,1.56,29.12
2009-07-25,1.56,30.69
2009-08-12,1.56,31.02
2012-01-09,1.56,8.98
2012-03-25,1.56,19.95
2012-06-23,1.56,30.24
2012-07-31,1.56,32.79
2012-08-08,1.56,33.0
2012-08-15,1.56,30.67
2012-08-22,1.56,29.56
2013-12-24,1.56,4.23
2014-02-19,1.56,13.85
2014-03-13,1.56,12.25
2014-08-27,1.56,28.31
2014-09-27,1.56,25.93
2014-10-08,1.56,24.08
2015-01-19,1.56,12.01
2015-06-24,1.56,30.44
2015-06-29,1.56,30.42
2016-11-22,1.56,10.78
2017-02-05,1.56,7.74
2019-08-31,1.56,28.76
2020-03-17,1.56,11.32
2020-08-07,1.56,29.91
2020-10-13,1.56,22.07
2021-04-07,1.56,21.01
2021-07-29,1.56,32.29
2023-01-06,1.56,7.77
2023-01-08,1.56,7.39
2023-11-05,1.56,18.25
2024-01-08,1.56,3.98
2024-03-31,1.56,15.68
1973-05-10,1.57,23.2
1975-05-18,1.57,24.92
1975-05-27,1.57,24.44
1975-06-25,1.57,27.97
1979-09-29,1.57,25.93
1979-11-20,1.57,12.84
1980-04-02,1.57,12.75
1980-07-29,1.57,32.42
1981-05-13,1.57,20.01
1984-02-26,1.57,9.03
1984-09-21,1.57,25.8
1985-07-11,1.57,32.26
1986-05-06,1.57,21.88
1986-06-23,1.57,30.11
1987-02-06,1.57,9.41
1987-02-20,1.57,5.41
1987-06-29,1.57,29.28
1988-05-05,1.57,20.39
1988-07-23,1.57,31.5
1988-12-30,1.57,2.0
1989-07-22,1.57,29.69
1989-10-22,1.57,18.37
1991-01-18,1.57,7.25
1991-06-28,1.57,28.46
1991-07-07,1.57,31.53
1991-09-12,1.57,26.1
1994-01-03,1.57,6.69
1994-05-29,1.57,25.28
1995-01-01,1.57,2.81
1996-02-06,1.57,4.62
1996-04-06,1.57,12.56
1999-01-08,1.57,3.87
1999-09-02,1.57,27.32
2000-03-30,1.57,14.59
2000-07-15,1.57,32.28
2001-07-16,1.57,29.41
2002-01-03,1.57,1.75
2002-08-31,1.57,28.68
2003-12-12,1.57,3.69
2006-06-20,1.57,29.93
2007-04-30,1.57,25.77
2008-02-26,1.57,10.42
2009-01-27,1.57,-0.39
2009-10-01,1.57,20.12
2011-07-06,1.57,31.73
2012-04-05,1.57,18.95
2012-06-27,1.57,30.62
2013-08-16,1.57,28.52
2014-01-29,1.57,-0.05
2016-06-30,1.57,30.45
2018-04-03,1.57,14.12
2018-07-12,1.57,31.51
2018-11-23,1.57,10.07
2019-09-06,1.57,29.88
2020-11-08,1.57,18.55
2021-02-17,1.57,-0.96
2021-03-02,1.57,10.6
2021-09-18,1.57,27.22
2022-10-14,1.57,20.88
2023-01-12,1.57,9.53
2023-06-28,1.57,29.28
2023-11-07,1.57,19.08
2024-01-11,1.57,5.3
1973-01-07,1.58,-3.86
1973-03-08,1.58,12.98
1974-11-22,1.58,12.98
1975-03-06,1.58,10.26
1975-04-07,1.58,11.5
1977-12-22,1.58,3.26
1978-01-21,1.58,-1.23
1978-11-14,1.58,10.77
1979-07-16,1.58,30.83
1979-12-12,1.58,8.68
1980-06-17,1.58,27.08
1980-08-08,1.58,32.34
1981-08-09,1.58,29.84
1981-11-09,1.58,14.68
1984-02-29,1.58,5.86
1984-10-02,1.58,19.56
1985-09-22,1.58,22.08
1986-07-23,1.58,29.96
1987-02-22,1.58,6.81
1987-03-09,1.58,13.13
1988-03-05,1.58,10.32
1988-11-25,1.58,11.12
1989-01-27,1.58,8.28
1995-08-20,1.58,30.18
1998-02-09,1.58,9.1
1998-08-26,1.58,30.6
1998-10-21,1.58,17.45
1999-07-05,1.58,29.94
2002-02-11,1.58,9.07
2002-05-10,1.58,20.17
2002-05-27,1.58,25.8
2003-05-31,1.58,27.32
2003-06-30,1.58,29.8
2004-06-20,1.58,25.85
2004-09-04,1.58,25.92
2005-10-15,1.58,23.11
2005-10-31,1.58,16.74
2006-08-18,1.58,29.74
2007-10-14,1.58,19.42
2007-11-19,1.58,15.52
2010-08-12,1.58,31.74
2013-01-02,1.58,1.95
2013-02-07,1.58,10.49
2013-08-29,1.58,31.01
2013-10-13,1.58,19.62
2013-10-30,1.58,13.72
2015-01-06,1.58,3.58
2015-09-08,1.58,28.82
2015-10-19,1.58,19.21
2017-01-13,1.58,6.79
2017-02-24,1.58,12.28
2018-11-26,1.58,8.4
2018-12-07,1.58,3.41
2019-05-07,1.58,21.73
2019-10-06,1.58,21.26
2023-03-26,1.58,11.55
2023-07-21,1.58,31.62
2024-04-05,1.58,15.98
1973-07-17,1.59,29.67
1973-11-29,1.59,11.3
1974-01-13,1.59,1.3
1974-08-24,1.59,28.2
1976-08-05,1.59,28.22
1976-08-17,1.59,27.36
1977-03-31,1.59,14.65
1977-05-16,1.59,23.12
1978-05-25,1.59,24.58
1978-07-26,1.59,32.14
1978-09-17,1.59,25.23
1980-08-09,1.59,31.99
1981-11-18,1.59,15.45
1983-01-07,1.59,9.4
1983-09-02,1.59,30.14
1983-09-07,1.59,29.28
1983-11-14,1.59,11.12
1987-08-31,1.59,27.82
1988-05-06,1.59,21.64
1989-07-25,1.59,30.51
1992-09-25,1.59,22.95
1994-04-09,1.59,15.89
1994-04-15,1.59,21.27
1995-02-01,1.59,10.92
1995-04-06,1.59,16.29
1995-08-13,1.59,31.06
1995-09-06,1.59,29.53
1995-12-07,1.59,7.57
1995-12-20,1.59,3.53
1997-09-02,1.59,29.12
1997-11-08,1.59,12.99
1998-08-01,1.59,28.84
2000-07-26,1.59,30.79
2001-07-06,1.59,30.5
2001-08-29,1.59,30.46
2002-06-21,1.59,29.8
2002-12-27,1.59,4.3
2003-09-18,1.59,23.69
2003-12-28,1.59,7.29
2004-03-29,1.59,18.14
2006-01-12,1.59,12.21
2006-06-08,1.59,29.2
2006-11-29,1.59,9.77
2009-03-31,1.59,12.53
2010-02-21,1.59,7.21
2010-05-07,1.59,20.52
2010-08-02,1.59,30.84
2010-08-07,1.59,30.64
2011-01-13,1.59,0.11
2012-12-19,1.59,8.13
2014-12-07,1.59,9.99
2016-07-19,1.59,31.32
2017-09-07,1.59,25.86
2018-05-02,1.59,21.52
2018-08-24,1.59,28.24
2019-08-06,1.59,31.79
2020-08-21,1.59,30.86
2021-04-09,1.59,20.56
2023-04-17,1.59,18.48
2024-03-29,1.59,14.59
2024-04-08,1.59,15.75
2024-12-10,1.59,9.43
1973-01-25,1.6,8.49
1973-07-28,1.6,30.22
1974-09-16,1.6,23.99
1975-12-29,1.6,5.41
1976-02-15,1.6,11.98
1976-07-20,1.6,30.03
1977-03-06,1.6,9.39
1977-06-28,1.6,31.2
1978-02-18,1.6,1.08
1978-10-27,1.6,17.55
1979-02-28,1.6,8.4
1982-02-11,1.6,0.9
1982-08-23,1.6,29.29
1983-01-06,1.6,7.9
1985-10-25,1.6,20.69
1985-11-03,1.6,14.4
1986-02-10,1.6,-0.23
1986-07-15,1.6,30.19
1987-05-06,1.6,22.99
1987-05-14,1.6,26.45
1988-07-27,1.6,32.14
1991-01-09,1.6,1.75
1991-06-11,1.6,28.15
1991-06-24,1.6,27.03
1992-12-13,1.6,5.23
1993-09-07,1.6,25.94
1993-11-30,1.6,8.96
1995-01-21,1.6,5.47
1995-11-09,1.6,11.93
1998-02-06,1.6,5.77
1999-09-12,1.6,25.99
1999-12-16,1.6,7.04
2000-09-06,1.6,26.77
2004-04-09,1.6,17.84
2006-02-17,1.6,6.86
2006-05-03,1.6,22.74
2008-11-16,1.6,12.1
2010-06-26,1.6,30.67
2011-04-09,1.6,17.51
2011-12-13,1.6,6.08
2013-02-20,1.6,5.68
2013-08-05,1.6,29.3
2014-03-27,1.6,11.51
2016-12-14,1.6,4.72
2018-07-02,1.6,30.53
2023-02-02,1.6,3.28
2023-07-05,1.6,30.26
1973-01-06,1.61,-1.96
1973-01-23,1.61,6.28
1973-03-18,1.61,11.48
1973-08-22,1.61,28.85
1973-10-05,1.61,22.18
1973-10-23,1.61,22.25
1973-11-10,1.61,11.17
1973-11-19,1.61,11.28
1974-03-13,1.61,12.32
1976-09-17,1.61,25.02
1979-09-18,1.61,26.25
1981-02-18,1.61,15.95
1981-02-24,1.61,14.61
1981-03-20,1.61,9.8
1981-04-09,1.61,18.65
1981-07-24,1.61,30.64
1981-11-21,1.61,8.54
1981-11-29,1.61,6.86
1983-07-15,1.61,31.18
1983-07-27,1.61,30.49
1984-06-13,1.61,27.78
1985-02-26,1.61,11.01
1985-03-01,1.61,12.08
1987-02-21,1.61,6.33
1987-03-13,1.61,11.61
1987-06-16,1.61,30.07
1988-09-09,1.61,27.31
1989-05-20,1.61,24.33
1990-09-08,1.61,30.12
1990-11-25,1.61,16.24
1991-09-13,1.61,26.89
1991-11-11,1.61,9.53
1994-09-05,1.61,25.7
1994-09-13,1.61,26.4
1995-07-13,1.61,31.42
1997-02-07,1.61,3.73
1998-08-19,1.61,29.23
1998-09-10,1.61,26.53
1999-08-27,1.61,31.65
2001-04-16,1.61,17.94
2001-11-14,1.61,16.5
2002-04-18,1.61,22.15
2002-07-20,1.61,31.62
2002-12-26,1.61,2.62
2003-01-27,1.61,5.87
2006-11-27,1.61,11.64
2007-08-27,1.61,30.25
2007-12-19,1.61,7.48
2011-04-29,1.61,19.51
2012-05-22,1.61,26.82
2012-06-03,1.61,27.25
2013-07-19,1.61,32.0
2014-07-10,1.61,30.06
2015-12-10,1.61,14.83
2016-09-27,1.61,24.08
2018-06-09,1.61,29.82
2019-04-04,1.61,16.05
2020-04-04,1.61,13.07
2020-06-17,1.61,27.12
2021-01-22,1.61,8.35
2022-02-28,1.61,10.28
2022-03-10,1.61,6.36
2023-02-24,1.61,4.91
2023-05-16,1.61,24.55
2023-06-09,1.61,26.59
2024-10-19,1.61,17.98
1973-01-09,1.62,-5.86
1973-07-09,1.62,31.96
1974-08-26,1.62,29.51
1975-09-08,1.62,26.15
1977-11-03,1.62,16.61
1978-06-18,1.62,28.45
1978-08-20,1.62,28.51
1980-07-25,1.62,31.77
1980-08-06,1.62,31.19
1980-09-06,1.62,30.37
1981-07-11,1.62,31.37
1983-01-29,1.62,7.15
1983-08-13,1.62,29.67
1984-11-16,1.62,11.55
1985-02-13,1.62,6.33
1985-03-03,1.62,9.99
1985-11-09,1.62,11.72
1986-04-12,1.62,17.69
1988-08-25,1.62,30.76
1990-02-11,1.62,11.78
1991-01-04,1.62,-0.57
1991-08-21,1.62,29.68
1994-06-29,1.62,31.61
1994-07-29,1.62,29.84
1994-11-18,1.62,9.9
1994-11-26,1.62,9.13
1994-12-29,1.62,8.06
1995-10-01,1.62,22.39
1997-04-01,1.62,14.65
1997-11-07,1.62,13.87
1998-05-15,1.62,23.51
1998-12-02,1.62,15.73
1999-01-14,1.62,6.51
2000-03-24,1.62,17.33
2000-04-23,1.62,20.09
2000-04-30,1.62,21.29
2000-07-16,1.62,31.59
2000-07-27,1.62,31.15
2002-01-21,1.62,6.65
2002-03-07,1.62,10.77
2003-03-08,1.62,10.02
2003-08-13,1.62,30.23
2004-10-31,1.62,16.62
2007-06-22,1.62,30.26
2008-02-16,1.62,7.15
2011-09-30,1.62,25.99
2013-01-27,1.62,7.93
2013-12-10,1.62,-0.72
2014-07-25,1.62,29.73
2015-06-05,1.62,25.85
2015-08-30,1.62,29.2
2017-03-06,1.62,13.64
2017-06-28,1.62,28.67
2019-06-03,1.62,26.72
2021-02-11,1.62,2.16
2022-05-12,1.62,24.97
2022-08-27,1.62,29.73
2023-03-16,1.62,11.98
2024-05-20,1.62,25.3
2024-06-11,1.62,27.12
1974-07-20,1.63,31.65
1974-11-13,1.63,11.65
1975-01-19,1.63,9.62
1975-01-29,1.63,7.31
1975-10-30,1.63,17.38
1976-09-18,1.63,25.7
1976-12-20,1.63,8.56
1980-04-05,1.63,15.08
1981-03-16,1.63,15.21
1981-09-24,1.63,22.83
1981-11-13,1.63,15.03
1982-04-22,1.63,15.43
1982-06-10,1.63,26.06
1983-08-24,1.63,29.44
1984-06-20,1.63,28.64
1985-06-13,1.63,25.04
1987-01-09,1.63,3.83
1989-03-07,1.63,6.99
1989-11-06,1.63,15.76
1991-01-28,1.63,6.26
1991-08-17,1.63,29.73
1993-09-21,1.63,23.41
1995-01-17,1.63,6.97
1995-06-20,1.63,27.45
1995-07-07,1.63,29.7
1996-06-11,1.63,28.54
1996-09-08,1.63,27.22
1997-11-28,1.63,12.07
1998-09-09,1.63,27.48
1998-11-07,1.63,7.73
2000-06-03,1.63,27.09
2002-06-24,1.63,30.74
2002-07-16,1.63,31.84
2003-02-25,1.63,0.72
2005-02-11,1.63,7.81
2005-11-26,1.63,10.02
2006-08-03,1.63,31.04
2007-06-11,1.63,28.02
2008-03-14,1.63,15.01
2009-07-16,1.63,30.63
2010-12-25,1.63,4.67
2011-04-01,1.63,15.53
2011-10-29,1.63,13.74
2012-02-22,1.63,11.71
2012-04-01,1.63,21.33
2012-12-09,1.63,9.44
2013-04-23,1.63,16.91
2013-10-03,1.63,23.55
2014-05-17,1.63,21.58
2015-08-09,1.63,29.55
2016-02-01,1.63,10.76
2016-08-29,1.63,30.04
2018-12-17,1.63,10.65
2020-10-22,1.63,19.23
2022-08-05,1.63,32.06
2023-09-17,1.63,26.22
1974-07-16,1.64,30.33
1975-04-18,1.64,17.08
1976-07-06,1.64,29.97
1977-02-11,1.64,12.27
1977-05-28,1.64,24.51
1979-01-17,1.64,2.72
1979-03-06,1.64,11.25
1980-06-04,1.64,25.96
1981-03-03,1.64,10.04
1981-08-20,1.64,27.78
1982-11-09,1.64,12.56
1983-01-26,1.64,4.49
1984-01-23,1.64,2.6
1986-05-23,1.64,21.78
1986-11-12,1.64,6.68
1991-03-14,1.64,9.8
1992-01-07,1.64,6.86
1993-08-19,1.64,30.04
1993-12-15,1.64,6.74
1994-11-22,1.64,9.68
1994-12-25,1.64,8.11
1995-11-26,1.64,13.62
1996-05-21,1.64,25.51
1997-11-06,1.64,14.22
1998-02-21,1.64,9.51
1998-03-25,1.64,16.54
1999-06-04,1.64,24.65
2001-03-01,1.64,5.82
2001-08-04,1.64,31.84
2002-02-19,1.64,11.66
2003-02-10,1.64,4.75
2003-02-20,1.64,9.05
2004-04-10,1.64,16.7
2005-03-25,1.64,10.92
2006-04-09,1.64,16.99
2006-10-29,1.64,17.61
2007-10-22,1.64,18.41
2008-01-31,1.64,1.84
2009-04-21,1.64,20.9
2010-02-07,1.64,4.36
2010-11-18,1.64,10.93
2011-06-28,1.64,29.8
2011-12-31,1.64,11.69
2013-06-12,1.64,29.36
2013-07-10,1.64,31.94
2015-12-09,1.64,13.76
2019-01-06,1.64,10.78
2020-01-28,1.64,7.9
2020-06-21,1.64,29.05
2020-12-16,1.64,3.27
2021-04-12,1.64,18.82
2022-09-20,1.64,28.4
2023-05-24,1.64,25.9
2024-09-24,1.64,25.53
1973-10-09,1.65,20.74
1975-05-10,1.65,23.19
1975-06-28,1.65,28.13
1975-09-16,1.65,24.24
1975-09-21,1.65,21.74
1975-12-04,1.65,11.92
1976-09-21,1.65,23.65
1977-09-21,1.65,23.21
1978-04-17,1.65,15.4
1978-05-10,1.65,21.96
1983-01-01,1.65,2.66
1983-05-29,1.65,26.96
1983-07-26,1.65,30.02
1983-08-07,1.65,33.27
1983-10-09,1.65,20.57
1984-12-19,1.65,4.68
1985-05-16,1.65,23.14
1985-09-18,1.65,24.65
1985-11-21,1.65,4.69
1987-12-29,1.65,3.47
1988-02-12,1.65,4.63
1988-08-16,1.65,32.03
1988-10-19,1.65,19.59
1990-03-01,1.65,10.11
1991-07-31,1.65,30.77
1992-08-03,1.65,29.55
1993-08-10,1.65,30.37
1994-05-06,1.65,21.62
1994-11-15,1.65,12.31
1998-07-21,1.65,33.32
1998-09-08,1.65,29.59
1999-08-21,1.65,30.04
2000-07-20,1.65,29.9
2001-08-09,1.65,32.59
2002-04-12,1.65,20.9
2003-07-19,1.65,32.34
2004-01-28,1.65,0.97
2008-05-06,1.65,23.47
2008-07-20,1.65,31.21
2009-01-05,1.65,3.27
2009-08-09,1.65,28.54
2009-09-08,1.65,26.78
2010-07-26,1.65,31.64
2010-10-23,1.65,18.92
2011-08-03,1.65,32.76
2013-02-24,1.65,6.93
2013-05-07,1.65,21.33
2015-04-21,1.65,18.43
2015-07-26,1.65,31.15
2018-07-19,1.65,31.49
2020-04-10,1.65,16.96
2020-12-13,1.65,6.7
2021-08-11,1.65,31.95
2021-08-12,1.65,32.44
2023-01-18,1.65,8.35
2023-03-29,1.65,11.26
2023-04-02,1.65,15.98
2024-09-02,1.65,29.55
2024-09-06,1.65,28.55
1973-04-10,1.66,11.04
1973-09-17,1.66,21.57
1974-06-17,1.66,27.35
1975-02-22,1.66,7.96
1975-05-26,1.66,24.7
1975-07-04,1.66,30.42
1976-03-24,1.66,16.65
1976-04-19,1.66,18.97
1976-07-11,1.66,31.3
1977-09-05,1.66,28.86
1979-07-08,1.66,28.73
1984-02-11,1.66,10.94
1984-07-24,1.66,29.78
1984-08-18,1.66,30.24
1985-08-04,1.66,28.9
1987-01-16,1.66,1.88
1987-06-05,1.66,27.12
1987-12-06,1.66,9.97
1988-06-28,1.66,29.89
1991-01-03,1.66,1.87
1991-12-30,1.66,5.93
1993-02-23,1.66,3.96
1999-02-23,1.66,6.34
1999-05-26,1.66,23.98
2003-07-16,1.66,32.35
2004-05-26,1.66,23.14
2005-01-01,1.66,9.16
2005-07-22,1.66,33.43
2006-03-06,1.66,13.21
2006-07-25,1.66,33.05
2006-10-22,1.66,14.08
2007-10-02,1.66,23.56
2011-06-13,1.66,27.13
2012-05-25,1.66,24.64
2012-06-17,1.66,29.52
2012-08-12,1.66,30.22
2012-12-08,1.66,10.02
2014-04-05,1.66,13.95
2015-09-07,1.66,28.7
2016-05-13,1.66,24.07
2016-06-26,1.66,30.61
2016-07-25,1.66,32.85
2016-09-06,1.66,27.11
2018-11-29,1.66,8.39
2019-12-08,1.66,10.01
2021-06-14,1.66,31.89
2022-07-11,1.66,31.59
2022-11-08,1.66,14.93
2023-10-24,1.66,20.33
2023-11-19,1.66,14.91
2024-01-05,1.66,4.96
2024-09-07,1.66,27.98
1973-01-01,1.67,4.56
1976-04-30,1.67,17.83
1976-06-26,1.67,27.33
1977-07-07,1.67,31.12
1978-03-23,1.67,15.89
1980-03-02,1.67,1.96
1981-04-11,1.67,21.23
1982-07-26,1.67,30.97
1984-01-09,1.67,7.43
1984-02-18,1.67,9.97
1984-03-23,1.67,12.05
1984-07-13,1.67,31.27
1985-02-09,1.67,2.17
1986-05-22,1.67,22.43
1989-05-30,1.67,24.65
1990-03-10,1.67,16.02
1990-05-15,1.67,22.45
1990-10-17,1.67,20.89
1993-12-08,1.67,8.74
1994-06-02,1.67,25.99
1995-03-04,1.67,6.03
1995-10-14,1.67,21.11
1998-09-20,1.67,26.54
1999-10-11,1.67,23.91
2001-05-25,1.67,24.92
2001-06-16,1.67,28.12
2002-06-19,1.67,28.52
2004-04-05,1.67,16.39
2008-03-09,1.67,8.47
2008-07-05,1.67,29.75
2008-11-03,1.67,19.16
2010-02-13,1.67,4.85
2010-05-24,1.67,24.36
2012-01-17,1.67,6.71
2012-04-17,1.67,18.57
2012-06-18,1.67,30.25
2012-07-18,1.67,31.77
2012-09-06,1.67,29.84
2014-09-17,1.67,25.93
2015-11-05,1.67,15.94
2016-06-17,1.67,28.86
2017-01-25,1.67,7.11
2018-05-13,1.67,23.01
2019-03-25,1.67,14.95
2019-07-31,1.67,30.96
2021-02-23,1.67,12.18
2022-01-04,1.67,4.52
2022-06-15,1.67,28.53
2023-06-02,1.67,27.08
2024-02-06,1.67,10.49
1976-09-14,1.68,25.82
1977-08-30,1.68,27.69
1977-10-17,1.68,19.54
1980-04-01,1.68,11.5
1980-04-07,1.68,16.92
1981-06-26,1.68,30.8
1982-06-23,1.68,27.66
1982-09-19,1.68,23.71
1984-02-24,1.68,10.68
1986-02-24,1.68,11.43
1988-03-31,1.68,13.37
1988-05-03,1.68,18.54
1988-06-09,1.68,28.11
1989-08-08,1.68,27.52
1990-04-02,1.68,17.82
1990-07-27,1.68,29.21
1997-03-31,1.68,16.59
1997-07-11,1.68,28.43
1998-10-16,1.68,19.02
1998-11-05,1.68,9.11
1999-07-04,1.68,29.83
1999-07-25,1.68,32.19
2000-01-09,1.68,8.54
2000-07-19,1.68,29.79
2000-10-27,1.68,18.85
2001-09-16,1.68,23.83
2002-07-07,1.68,31.34
2004-04-04,1.68,16.34
2004-07-13,1.68,31.6
2008-02-27,1.68,8.6
2008-07-22,1.68,31.79
2009-09-24,1.68,24.8
2009-12-12,1.68,1.83
2010-12-14,1.68,5.02
2011-02-24,1.68,8.78
2012-11-10,1.68,13.32
2014-03-10,1.68,14.43
2016-06-12,1.68,29.15
2017-09-21,1.68,25.75
2017-12-08,1.68,4.37
2018-06-13,1.68,28.92
2018-08-10,1.68,32.26
2018-09-01,1.68,29.09
2018-12-10,1.68,4.68
2019-01-16,1.68,5.05
2019-02-17,1.68,4.17
2021-07-04,1.68,30.52
2021-12-23,1.68,9.31
2022-04-16,1.68,16.2
2023-01-29,1.68,5.18
2023-04-04,1.68,15.73
2023-09-27,1.68,25.64
2024-02-28,1.68,13.52
2024-11-02,1.68,16.21
1973-08-12,1.69,30.79
1973-08-30,1.69,30.33
1974-07-10,1.69,30.12
1974-07-23,1.69,31.2
1975-08-07,1.69,29.55
1976-07-10,1.69,31.19
1978-06-25,1.69,29.89
1980-03-03,1.69,4.4
1980-08-04,1.69,30.87
1985-10-16,1.69,19.51
1987-08-18,1.69,29.67
1987-09-20,1.69,23.92
1987-10-25,1.69,16.74
1988-03-02,1.69,12.57
1988-07-09,1.69,31.86
1988-08-15,1.69,32.15
1989-03-14,1.69,14.06
1989-07-30,1.69,30.32
1993-03-01,1.69,6.96
1994-02-12,1.69,4.24
1994-04-14,1.69,20.13
1994-05-11,1.69,24.07
1996-08-31,1.69,28.73
1997-11-15,1.69,4.54
1998-11-20,1.69,11.2
2001-06-18,1.69,29.53
2001-09-06,1.69,28.36
2001-12-05,1.69,12.61
2001-12-07,1.69,12.29
2002-05-25,1.69,22.42
2003-01-23,1.69,0.84
2003-07-14,1.69,31.97
2005-08-20,1.69,29.66
2006-05-24,1.69,25.96
2006-09-20,1.69,21.69
2009-12-30,1.69,1.12
2010-12-23,1.69,5.45
2011-08-05,1.69,31.76
2011-12-03,1.69,7.79
2015-02-09,1.69,14.12
2015-08-10,1.69,30.47
2016-01-27,1.69,7.17
2017-06-02,1.69,26.68
2019-12-15,1.69,6.55
2020-11-29,1.69,11.26
2021-05-16,1.69,23.76
2022-08-12,1.69,30.64
2023-07-02,1.69,31.08
1973-05-04,1.7,19.52
1974-08-22,1.7,28.37
1975-07-29,1.7,31.44
1976-07-14,1.7,29.42
1977-04-18,1.7,21.55
1977-09-23,1.7,22.86
1980-07-24,1.7,31.54
1980-09-07,1.7,30.34
1981-05-03,1.7,21.62
1981-06-17,1.7,26.91
1983-02-27,1.7,8.85
1983-08-10,1.7,31.11
1985-06-02,1.7,24.77
1985-08-22,1.7,28.11
1986-07-04,1.7,29.13
1986-08-02,1.7,31.09
1987-03-25,1.7,12.08
1987-06-27,1.7,29.12
1990-08-16,1.7,28.84
1990-12-20,1.7,2.62
1991-12-06,1.7,7.86
1992-12-08,1.7,3.83
1994-10-04,1.7,18.57
1994-11-14,1.7,13.26
1995-08-16,1.7,30.77
1998-08-25,1.7,30.67
1998-10-26,1.7,19.26
1999-12-09,1.7,8.92
2001-05-03,1.7,21.33
2002-07-21,1.7,32.03
2002-09-23,1.7,24.35
2003-05-24,1.7,25.39
2003-08-11,1.7,31.43
2004-04-19,1.7,20.5
2004-07-09,1.7,28.69
2004-09-26,1.7,25.43
2004-10-05,1.7,21.99
2004-12-24,1.7,-0.3
2005-03-26,1.7,11.15
2005-09-14,1.7,26.29
2005-11-04,1.7,17.3
2006-01-13,1.7,11.48
2006-11-09,1.7,19.49
2007-06-10,1.7,27.78
2008-06-26,1.7,30.64
2011-05-09,1.7,23.58
2011-06-09,1.7,27.64
2012-02-13,1.7,4.08
2012-08-01,1.7,32.55
2015-07-18,1.7,30.43
2016-11-06,1.7,19.14
2018-03-11,1.7,12.66
2019-08-17,1.7,30.53
2021-10-08,1.7,23.48
2022-02-02,1.7,6.53
2024-02-07,1.7,10.81
2024-02-19,1.7,8.72
1973-10-06,1.71,21.88
1973-12-15,1.71,5.69
1974-02-23,1.71,7.86
1979-03-01,1.71,8.59
1980-07-04,1.71,30.31
1982-08-06,1.71,30.94
1983-02-21,1.71,11.89
1983-05-09,1.71,19.64
1983-07-31,1.71,32.11
1983-11-22,1.71,10.03
1984-03-22,1.71,12.27
1985-07-04,1.71,31.64
1985-07-07,1.71,31.99
1987-09-28,1.71,25.13
1987-11-06,1.71,16.07
1988-05-08,1.71,21.15
1989-04-06,1.71,17.75
1989-06-26,1.71,28.46
1991-08-19,1.71,29.46
1991-11-27,1.71,9.36
1992-08-08,1.71,29.41
1994-09-14,1.71,26.77
1995-04-22,1.71,16.55
1996-12-14,1.71,10.1
1996-12-28,1.71,7.18
1998-12-05,1.71,13.49
1998-12-30,1.71,6.5
1999-08-20,1.71,30.39
2000-05-12,1.71,21.84
2001-03-22,1.71,15.92
2002-04-29,1.71,19.85
2003-04-23,1.71,17.76
2005-11-07,1.71,17.64
2007-06-12,1.71,28.16
2007-07-25,1.71,30.53
2007-09-22,1.71,26.58
2008-02-03,1.71,7.06
2009-02-18,1.71,9.17
2009-05-29,1.71,26.19
2010-12-26,1.71,3.28
2011-01-09,1.71,2.73
2011-05-01,1.71,18.06
2012-02-02,1.71,12.48
2015-07-11,1.71,28.67
2015-07-22,1.71,29.66
2015-09-05,1.71,28.47
2015-10-10,1.71,23.36
2016-05-07,1.71,23.28
2017-04-08,1.71,18.2
2017-05-16,1.71,24.05
2017-06-08,1.71,27.76
2019-03-01,1.71,6.63
2020-07-05,1.71,31.57
2021-03-11,1.71,14.59
2021-05-25,1.71,25.1
2021-09-05,1.71,28.12
2021-10-16,1.71,19.19
2022-06-26,1.71,30.03
1973-01-13,1.72,3.91
1974-03-06,1.72,15.57
1974-09-11,1.72,26.66
1975-01-18,1.72,7.71
1975-12-07,1.72,9.77
1976-02-05,1.72,3.2
1976-10-28,1.72,9.88
1977-10-10,1.72,17.88
1978-02-14,1.72,2.57
1979-05-19,1.72,24.61
1979-09-27,1.72,26.04
1981-07-17,1.72,30.5
1982-02-02,1.72,3.73
1983-01-10,1.72,7.86
1983-12-05,1.72,6.4
1984-04-15,1.72,18.53
1984-05-09,1.72,20.3
1985-04-05,1.72,17.6
1987-11-11,1.72,11.48
1988-11-15,1.72,13.93
1990-09-12,1.72,29.81
1992-12-12,1.72,7.04
1994-05-10,1.72,23.29
1995-08-17,1.72,30.71
1998-06-21,1.72,28.98
2000-01-12,1.72,9.66
2002-05-30,1.72,28.94
2002-06-30,1.72,31.52
2003-03-30,1.72,12.81
2004-01-03,1.72,9.45
2004-02-29,1.72,10.51
2004-10-13,1.72,20.07
2005-11-21,1.72,13.04
2006-08-10,1.72,31.85
2008-06-20,1.72,28.82
2009-05-15,1.72,23.02
2009-07-26,1.72,30.9
2010-02-10,1.72,2.25
2012-10-26,1.72,15.25
2014-02-16,1.72,9.96
2016-04-22,1.72,22.73
2018-12-20,1.72,10.33
2020-03-22,1.72,11.28
2022-09-14,1.72,26.35
2024-02-02,1.72,13.09
2024-07-27,1.72,30.43
1974-01-30,1.73,10.05
1974-06-27,1.73,28.0
1974-07-11,1.73,29.34
1975-12-13,1.73,8.15
1977-08-20,1.73,28.07
1978-07-20,1.73,30.98
1981-01-20,1.73,8.42
1984-11-05,1.73,14.64
1984-11-13,1.73,12.28
1986-07-28,1.73,30.75
1987-06-24,1.73,29.08
1987-12-21,1.73,6.89
1987-12-24,1.73,6.07
1988-06-02,1.73,26.21
1989-01-28,1.73,8.73
1989-10-06,1.73,20.58
1990-06-13,1.73,26.63
1994-10-05,1.73,19.19
1995-03-03,1.73,3.85
1996-06-03,1.73,26.68
1997-05-21,1.73,21.93
1997-07-19,1.73,30.94
1997-09-15,1.73,27.4
1998-06-25,1.73,30.25
2000-08-06,1.73,31.21
2001-02-23,1.73,6.73
2001-02-26,1.73,9.57
2003-07-28,1.73,31.51
2003-08-17,1.73,31.57
2004-01-09,1.73,4.72
2005-08-24,1.73,28.51
2006-05-26,1.73,28.12
2006-08-12,1.73,29.95
2006-11-23,1.73,14.76
2007-08-05,1.73,31.03
2007-08-06,1.73,30.53
2008-01-29,1.73,8.37
2008-06-15,1.73,29.34
2008-10-04,1.73,22.19
2008-11-05,1.73,17.21
2009-06-22,1.73,28.0
2009-11-15,1.73,12.62
2012-07-28,1.73,31.46
2013-01-12,1.73,7.34
2013-10-29,1.73,13.74
2013-11-24,1.73,4.15
2014-06-30,1.73,29.88
2014-12-19,1.73,5.13
2015-01-18,1.73,10.51
2015-07-27,1.73,31.21
2015-08-04,1.73,30.51
2017-03-22,1.73,17.19
2017-12-30,1.73,3.35
2018-03-14,1.73,11.52
2019-04-21,1.73,21.06
2019-10-12,1.73,15.61
2022-05-21,1.73,22.46
2024-08-13,1.73,29.32
2024-12-24,1.73,9.66
1973-08-16,1.74,30.55
1973-10-08,1.74,21.92
1974-08-23,1.74,28.16
1975-08-20,1.74,27.39
1976-01-07,1.74,1.71
1976-05-11,1.74,23.95
1980-09-20,1.74,26.18
1982-08-28,1.74,27.43
1982-11-22,1.74,10.66
1983-01-11,1.74,8.86
1983-04-12,1.74,13.95
1984-07-14,1.74,31.14
1987-05-12,1.74,26.59
1988-01-06,1.74,-3.42
1988-04-26,1.74,17.34
1988-07-05,1.74,30.94
1988-07-31,1.74,33.05
1988-10-24,1.74,17.87
1989-10-28,1.74,18.24
1990-08-10,1.74,30.47
1991-01-25,1.74,2.19
1992-03-30,1.74,14.39
1992-09-15,1.74,26.01
1993-04-13,1.74,15.44
1993-04-27,1.74,19.75
1994-11-13,1.74,12.6
2000-07-22,1.74,30.15
2003-08-28,1.74,30.27
2003-09-28,1.74,24.27
2005-06-27,1.74,29.52
2006-04-15,1.74,24.21
2006-07-10,1.74,30.08
2006-07-20,1.74,33.44
2007-05-10,1.74,26.15
2007-09-25,1.74,23.93
2008-01-19,1.74,1.31
2008-06-02,1.74,27.5
2008-06-23,1.74,29.47
2010-02-25,1.74,4.97
2011-01-25,1.74,5.66
2011-02-16,1.74,13.2
2011-07-30,1.74,32.21
2014-09-05,1.74,28.07
2014-09-22,1.74,25.59
2016-03-30,1.74,15.38
2017-07-03,1.74,31.09
2020-02-21,1.74,5.22
2020-03-28,1.74,15.84
2021-10-22,1.74,19.62
2021-12-17,1.74,9.4
2022-11-04,1.74,15.43
2024-01-18,1.74,2.17
1974-02-08,1.75,3.03
1974-11-07,1.75,12.52
1976-10-03,1.75,23.0
1976-11-14,1.75,5.05
1977-06-20,1.75,28.35
1979-08-09,1.75,30.97
1980-01-05,1.75,3.79
1980-06-26,1.75,30.98
1980-09-08,1.75,28.75
1981-08-26,1.75,29.56
1982-03-27,1.75,9.4
1982-08-18,1.75,30.26
1983-04-04,1.75,10.63
1984-08-07,1.75,31.35
1985-08-30,1.75,29.54
1986-01-01,1.75,6.34
1989-08-06,1.75,30.93
1989-08-26,1.75,27.23
1989-09-08,1.75,27.36
1989-10-20,1.75,14.28
1990-12-15,1.75,7.1
1991-04-04,1.75,18.93
1992-04-06,1.75,16.45
1995-05-15,1.75,22.95
1996-04-05,1.75,13.16
1997-01-13,1.75,-5.95
1997-03-04,1.75,10.24
1997-11-27,1.75,11.9
1997-12-04,1.75,7.01
1997-12-07,1.75,4.09
1998-02-13,1.75,8.38
1998-06-01,1.75,27.56
1998-12-25,1.75,0.4
2001-01-14,1.75,5.42
2001-08-17,1.75,30.07
2003-06-09,1.75,26.51
2003-06-16,1.75,28.81
2004-05-21,1.75,25.3
2004-07-11,1.75,30.2
2004-11-20,1.75,11.92
2005-02-23,1.75,10.46
2006-01-28,1.75,10.24
2006-04-24,1.75,21.59
2010-05-31,1.75,26.24
2011-03-26,1.75,10.84
2014-01-31,1.75,4.92
2015-08-05,1.75,30.41
2016-06-28,1.75,31.23
2016-07-24,1.75,32.82
2017-06-26,1.75,28.41
2017-11-18,1.75,13.76
2019-06-12,1.75,26.69
2020-06-06,1.75,29.93
2020-10-19,1.75,17.21
2022-10-29,1.75,16.53
2024-12-05,1.75,9.84
1973-05-31,1.76,25.72
1974-05-09,1.76,22.44
1974-07-07,1.76,30.21
1975-02-09,1.76,3.27
1975-10-24,1.76,15.75
1976-01-12,1.76,6.21
1976-02-10,1.76,12.14
1976-04-08,1.76,18.22
1976-08-29,1.76,29.19
1978-04-12,1.76,17.64
1978-05-27,1.76,26.17
1978-10-13,1.76,21.93
1980-06-23,1.76,29.54
1980-11-26,1.76,5.78
1980-12-26,1.76,4.26
1981-04-02,1.76,18.77
1981-05-23,1.76,23.98
1981-07-13,1.76,31.36
1981-09-05,1.76,26.54
1981-11-02,1.76,17.26
1983-10-18,1.76,18.57
1983-11-13,1.76,10.26
1984-09-02,1.76,27.3
1985-09-04,1.76,27.98
1987-08-11,1.76,30.15
1990-03-02,1.76,11.15
1990-07-08,1.76,30.03
1990-08-17,1.76,29.25
1991-01-05,1.76,1.06
1992-05-08,1.76,23.34
1994-07-19,1.76,30.93
1995-01-26,1.76,6.74
1995-01-31,1.76,7.32
1997-04-03,1.76,15.2
1997-05-22,1.76,21.61
1998-10-09,1.76,21.32
1999-12-06,1.76,9.78
2000-01-08,1.76,7.61
2001-08-02,1.76,31.23
2002-12-21,1.76,6.75
2004-02-11,1.76,5.82
2004-06-06,1.76,27.89
2005-03-17,1.76,9.39
2007-06-23,1.76,29.88
2007-08-01,1.76,31.62
2008-12-23,1.76,-0.85
2009-02-23,1.76,7.92
2009-11-23,1.76,11.73
2010-09-26,1.76,26.22
2011-05-11,1.76,23.51
2011-12-30,1.76,11.09
2012-04-03,1.76,18.73
2012-11-21,1.76,15.95
2013-05-08,1.76,22.79
2013-12-03,1.76,11.54
2015-09-25,1.76,27.12
2015-12-03,1.76,8.97
2018-01-24,1.76,7.61
2018-03-12,1.76,11.13
2019-01-25,1.76,4.65
2019-06-14,1.76,26.99
2020-08-12,1.76,31.73
2020-09-22,1.76,25.22
2022-05-16,1.76,27.26
2022-06-25,1.76,30.78
2023-01-11,1.76,10.11
2023-02-16,1.76,8.62
2023-03-18,1.76,8.24
2024-02-15,1.76,10.04
1973-04-05,1.77,13.2
1974-07-15,1.77,31.74
1975-03-26,1.77,9.25
1975-05-17,1.77,24.2
1975-06-29,1.77,28.79
1977-12-16,1.77,11.14
1978-04-30,1.77,19.4
1978-06-27,1.77,29.81
1978-09-25,1.77,25.15
1978-11-29,1.77,6.74
1981-05-22,1.77,22.71
1982-10-02,1.77,20.82
1986-08-03,1.77,30.61
1988-05-02,1.77,18.51
1989-09-29,1.77,24.89
1991-11-12,1.77,10.54
1993-01-24,1.77,7.54
1993-04-18,1.77,17.42
1993-09-06,1.77,25.86
1994-09-25,1.77,24.63
1995-07-14,1.77,31.27
1995-08-12,1.77,31.08
1995-08-28,1.77,30.42
1997-09-09,1.77,28.52
1999-08-14,1.77,29.21
1999-08-30,1.77,29.46
1999-12-19,1.77,7.75
2000-10-17,1.77,20.35
2000-12-15,1.77,3.32
2002-01-22,1.77,9.71
2004-08-06,1.77,28.07
2005-01-27,1.77,7.77
2005-05-07,1.77,21.38
2005-10-04,1.77,23.6
2006-08-08,1.77,31.47
2007-08-22,1.77,30.19
2007-08-30,1.77,30.29
2010-05-08,1.77,19.62
2010-05-26,1.77,24.88
2012-07-26,1.77,32.5
2013-09-08,1.77,29.78
2014-02-02,1.77,4.72
2015-03-27,1.77,15.93
2016-04-14,1.77,18.54
2016-07-18,1.77,31.03
2017-04-02,1.77,16.1
2017-05-26,1.77,23.53
2019-06-28,1.77,29.61
2020-09-26,1.77,25.94
2023-03-01,1.77,11.42
2024-03-17,1.77,14.7
2024-09-16,1.77,27.98
1974-09-24,1.78,21.48
1978-08-10,1.78,30.75
1978-09-08,1.78,27.69
1981-02-22,1.78,13.21
1981-06-29,1.78,29.29
1982-06-21,1.78,26.98
1983-07-25,1.78,30.72
1986-05-14,1.78,23.24
1987-01-20,1.78,2.22
1988-05-29,1.78,26.87
1988-09-02,1.78,29.01
1988-09-11,1.78,26.71
1988-11-24,1.78,12.12
1989-07-29,1.78,30.55
1990-06-12,1.78,26.44
1993-01-17,1.78,5.23
1994-06-17,1.78,28.02
1996-08-25,1.78,29.97
1997-04-30,1.78,19.55
1997-07-06,1.78,28.42
2000-01-20,1.78,7.78
2000-04-09,1.78,17.6
2000-10-21,1.78,21.22
2001-09-05,1.78,29.61
2004-06-08,1.78,28.04
2004-08-07,1.78,27.5
2005-10-20,1.78,20.4
2007-09-18,1.78,25.17
2007-12-09,1.78,4.83
2008-01-20,1.78,0.25
2008-07-04,1.78,29.43
2010-04-14,1.78,19.24
2011-04-04,1.78,17.93
2012-08-28,1.78,31.0
2015-03-13,1.78,17.44
2016-01-29,1.78,10.38
2016-11-19,1.78,12.94
2017-07-17,1.78,31.33
2017-12-21,1.78,8.93
2018-07-14,1.78,32.06
2019-08-07,1.78,32.08
2021-03-03,1.78,12.35
2022-10-30,1.78,17.66
2023-04-20,1.78,17.99
2023-08-02,1.78,31.25
2023-09-26,1.78,25.93
1973-11-22,1.79,10.13
1974-02-01,1.79,9.09
1974-09-28,1.79,21.89
1975-05-09,1.79,21.77
1975-08-13,1.79,30.02
1976-07-15,1.79,30.17
1976-09-09,1.79,25.62
1977-06-30,1.79,30.17
1978-07-09,1.79,30.46
1978-10-22,1.79,21.06
1979-06-29,1.79,30.4
1979-09-01,1.79,28.84
1981-03-27,1.79,16.08
1982-07-20,1.79,31.71
1983-02-17,1.79,11.1
1983-04-22,1.79,16.49
1985-01-02,1.79,2.75
1985-03-14,1.79,12.85
1985-08-29,1.79,29.15
1986-01-05,1.79,4.82
1992-09-01,1.79,25.3
1993-01-01,1.79,3.13
1993-01-16,1.79,3.83
1993-09-23,1.79,23.86
1994-07-20,1.79,30.8
1994-10-06,1.79,20.11
1995-09-09,1.79,24.02
1996-10-24,1.79,15.08
1997-05-04,1.79,20.34
1998-05-13,1.79,22.25
1998-06-04,1.79,22.62
1998-08-16,1.79,30.05
1998-10-27,1.79,19.88
1999-07-07,1.79,31.19
2001-05-15,1.79,25.59
2002-06-29,1.79,31.26
2004-06-21,1.79,26.63
2006-07-31,1.79,31.97
2006-10-06,1.79,22.33
2007-02-01,1.79,1.19
2007-04-18,1.79,18.23
2008-03-16,1.79,11.27
2008-07-30,1.79,31.23
2010-06-29,1.79,30.44
2010-11-21,1.79,9.65
2012-08-25,1.79,29.66
2013-04-24,1.79,14.74
2013-06-24,1.79,29.08
2013-07-13,1.79,30.14
2013-08-12,1.79,29.12
2014-03-18,1.79,11.57
2014-06-06,1.79,27.66
2015-10-01,1.79,24.65
2016-09-29,1.79,24.76
2016-10-18,1.79,22.8
2016-11-24,1.79,10.55
2016-12-23,1.79,7.26
2018-03-21,1.79,11.21
2018-05-05,1.79,24.75
2018-11-08,1.79,11.16
2020-03-11,1.79,14.64
2020-06-26,1.79,30.3
2020-08-16,1.79,31.92
2021-11-04,1.79,13.22
2023-12-15,1.79,10.1
2023-12-23,1.79,11.31
1973-01-02,1.8,3.56
1974-06-24,1.8,28.04
1974-09-20,1.8,24.9
1974-12-26,1.8,3.44
1978-08-11,1.8,30.53
1981-01-30,1.8,5.49
1982-02-20,1.8,12.85
1982-03-08,1.8,7.37
1983-03-09,1.8,11.11
1983-03-14,1.8,14.62
1984-07-08,1.8,29.48
1984-12-11,1.8,10.52
1985-08-06,1.8,30.21
1986-04-16,1.8,15.61
1986-08-15,1.8,29.84
1986-11-17,1.8,12.06
1986-11-22,1.8,11.23
1987-03-02,1.8,10.13
1988-09-28,1.8,23.42
1992-07-28,1.8,30.16
1992-08-06,1.8,28.11
1995-11-30,1.8,10.82
1996-12-07,1.8,8.86
1997-06-27,1.8,29.34
1998-04-26,1.8,19.27
1998-12-03,1.8,15.75
1999-05-15,1.8,20.94
1999-07-21,1.8,30.31
1999-09-07,1.8,28.73
1999-10-05,1.8,21.37
2000-05-24,1.8,28.44
2000-10-12,1.8,18.37
2001-07-12,1.8,30.17
2003-08-23,1.8,30.51
2004-08-27,1.8,27.26
2006-02-01,1.8,10.58
2006-06-09,1.8,27.87
2007-09-30,1.8,23.2
2009-09-20,1.8,26.26
2010-03-08,1.8,12.28
2012-08-14,1.8,30.46
2012-11-18,1.8,13.67
2013-06-16,1.8,28.48
2014-02-10,1.8,3.44
2014-02-28,1.8,5.67
2014-10-29,1.8,18.15
2016-04-07,1.8,18.59
2017-03-05,1.8,13.03
2017-07-31,1.8,30.65
2020-08-02,1.8,30.79
2021-11-22,1.8,12.08
2022-12-06,1.8,9.14
2023-05-25,1.8,25.08
1973-09-12,1.81,25.76
1974-05-19,1.81,22.53
1975-01-07,1.81,7.05
1975-08-17,1.81,28.2
1976-01-05,1.81,0.56
1978-05-20,1.81,25.74
1978-06-16,1.81,27.41
1979-01-03,1.81,-3.91
1979-03-27,1.81,9.95
1979-09-19,1.81,25.86
1980-06-05,1.81,25.79
1982-07-15,1.81,30.17
1983-11-02,1.81,18.77
1983-11-07,1.81,15.21
1984-02-23,1.81,11.53
1984-07-15,1.81,31.47
1985-06-15,1.81,27.52
1986-11-18,1.81,12.24
1986-12-19,1.81,6.15
1988-07-28,1.81,32.0
1988-09-15,1.81,25.43
1989-10-27,1.81,18.85
1991-05-11,1.81,22.35
1992-02-20,1.81,10.86
1993-09-18,1.81,21.65
1994-07-02,1.81,30.83
1995-04-17,1.81,16.75
1995-10-31,1.81,12.52
1996-03-24,1.81,12.08
1996-06-21,1.81,29.43
1997-06-04,1.81,24.83
1997-12-30,1.81,6.4
1998-08-02,1.81,29.45
1998-11-29,1.81,15.38
1999-02-03,1.81,10.1
2000-03-06,1.81,15.99
2001-12-01,1.81,8.83
2002-04-07,1.81,15.64
2004-08-01,1.81,31.01
2004-10-16,1.81,17.82
2005-02-15,1.81,12.01
2006-04-25,1.81,19.17
2006-08-23,1.81,30.67
2007-10-05,1.81,24.29
2008-05-29,1.81,22.63
2009-01-02,1.81,7.3
2009-05-18,1.81,24.08
2010-05-30,1.81,25.99
2010-08-09,1.81,31.12
2011-06-24,1.81,28.62
2013-05-17,1.81,25.13
2014-07-12,1.81,30.27
2014-08-17,1.81,29.74
2015-04-16,1.81,18.0
2015-06-30,1.81,31.01
2016-02-17,1.81,12.31
2018-08-30,1.81,29.09
2019-04-29,1.81,18.69
2021-05-23,1.81,23.04
2023-02-25,1.81,4.87
2023-05-17,1.81,25.65
2023-08-25,1.81,31.39
2023-11-27,1.81,6.21
2024-07-19,1.81,30.75
2024-12-19,1.81,10.24
1973-04-28,1.82,17.41
1973-08-09,1.82,30.51
1974-01-22,1.82,8.4
1976-06-29,1.82,30.62
1977-03-14,1.82,14.07
1977-07-09,1.82,30.51
1978-04-25,1.82,19.62
1980-04-29,1.82,20.85
1980-06-13,1.82,27.05
1981-10-03,1.82,19.82
1983-09-12,1.82,27.84
1984-09-29,1.82,16.18
1985-01-08,1.82,4.94
1985-06-28,1.82,26.79
1985-11-24,1.82,5.03
1990-07-29,1.82,30.58
1991-01-08,1.82,1.95
1991-06-10,1.82,27.86
1994-06-01,1.82,26.8
1995-09-14,1.82,28.28
1996-01-21,1.82,2.73
1996-04-19,1.82,19.54
1996-07-12,1.82,28.84
2000-05-04,1.82,25.24
2002-02-08,1.82,9.72
2002-04-25,1.82,19.65
2002-06-22,1.82,29.93
2003-09-27,1.82,25.44
2004-11-05,1.82,13.94
2006-08-04,1.82,31.03
2008-07-19,1.82,30.74
2010-02-03,1.82,4.9
2010-11-08,1.82,16.57
2010-11-15,1.82,11.51
2011-06-25,1.82,28.63
2011-09-22,1.82,25.0
2013-12-30,1.82,4.24
2015-08-31,1.82,28.87
2017-04-12,1.82,19.26
2018-04-13,1.82,18.71
2020-01-22,1.82,4.73
2020-02-08,1.82,7.43
2020-06-19,1.82,27.56
2021-02-05,1.82,7.25
2021-04-28,1.82,20.93
2021-07-25,1.82,31.7
2021-08-23,1.82,29.14
2023-08-23,1.82,30.45
2024-08-04,1.82,32.8
1973-10-01,1.83,23.75
1974-07-21,1.83,31.5
1974-12-17,1.83,6.18
1975-06-03,1.83,25.75
1975-06-14,1.83,28.27
1976-04-28,1.83,15.35
1976-07-18,1.83,28.76
1977-11-16,1.83,14.43
1977-12-29,1.83,3.19
1979-05-13,1.83,21.32
1979-05-28,1.83,24.0
1980-12-22,1.83,2.92
1981-06-10,1.83,28.04
1983-09-06,1.83,29.19
1984-05-05,1.83,19.26
1984-06-24,1.83,29.07
1986-06-24,1.83,30.02
1989-03-18,1.83,13.35
1991-03-26,1.83,16.91
1993-04-02,1.83,12.24
1994-02-25,1.83,6.3
1995-07-15,1.83,31.11
1996-01-16,1.83,9.53
1997-09-28,1.83,23.94
1999-01-20,1.83,10.98
1999-08-02,1.83,30.0
2000-08-17,1.83,30.75
2000-10-07,1.83,16.24
2004-10-01,1.83,22.28
2008-12-29,1.83,9.07
2009-05-11,1.83,21.61
2010-03-21,1.83,12.46
2010-04-21,1.83,20.13
2010-10-05,1.83,20.01
2010-11-24,1.83,7.98
2011-02-06,1.83,7.2
2011-11-30,1.83,10.69
2013-07-25,1.83,29.77
2013-11-21,1.83,10.69
2014-11-18,1.83,3.6
2014-12-04,1.83,8.32
2015-02-05,1.83,6.79
2015-03-09,1.83,14.73
2015-03-25,1.83,15.01
2016-08-31,1.83,29.53
2017-07-20,1.83,32.39
2018-02-28,1.83,12.1
2018-08-07,1.83,31.57
2019-04-23,1.83,20.83
2021-12-31,1.83,7.21
2022-06-12,1.83,29.91
2023-06-30,1.83,30.71
2023-09-10,1.83,28.44
2023-09-14,1.83,25.34
2024-08-03,1.83,33.66
1974-06-11,1.84,27.14
1975-01-06,1.84,5.78
1976-07-22,1.84,29.74
1977-02-22,1.84,12.55
1977-03-23,1.84,14.27
1977-09-01,1.84,27.51
1978-07-06,1.84,29.92
1978-09-05,1.84,29.63
1981-08-13,1.84,29.24
1981-10-25,1.84,12.06
1982-04-25,1.84,20.25
1984-04-19,1.84,17.33
1984-06-25,1.84,29.2
1984-10-09,1.84,22.55
1986-06-01,1.84,28.32
1987-03-08,1.84,17.07
1987-10-26,1.84,17.69
1989-02-20,1.84,5.26
1990-07-17,1.84,29.86
1990-09-29,1.84,23.78
1991-04-11,1.84,15.56
1991-08-05,1.84,28.8
1991-11-19,1.84,12.99
1992-06-11,1.84,27.51
1993-02-13,1.84,5.59
1993-05-29,1.84,23.92
1993-06-27,1.84,29.62
1993-12-09,1.84,11.28
1997-12-01,1.84,9.62
1998-06-23,1.84,29.49
2000-07-09,1.84,30.29
2002-04-26,1.84,17.22
2003-03-28,1.84,14.02
2003-04-10,1.84,16.86
2003-06-23,1.84,27.0
2005-04-13,1.84,17.39
2005-12-27,1.84,10.94
2006-08-16,1.84,29.76
2008-03-30,1.84,13.18
2008-08-09,1.84,29.1
2008-08-29,1.84,28.68
2008-12-21,1.84,2.08
2009-01-11,1.84,6.17
2012-04-19,1.84,19.76
2013-06-30,1.84,31.19
2013-08-23,1.84,30.14
2018-03-25,1.84,13.03
2018-05-11,1.84,25.0
2018-07-28,1.84,30.28
2020-01-29,1.84,6.57
2020-04-09,1.84,20.88
2021-06-19,1.84,32.07
2022-12-24,1.84,-2.92
2023-01-02,1.84,9.94
2023-05-09,1.84,23.24
1974-07-22,1.85,31.6
1976-07-13,1.85,29.19
1977-07-08,1.85,31.25
1977-08-02,1.85,30.92
1977-08-08,1.85,30.77
1977-12-31,1.85,3.81
1980-01-21,1.85,5.09
1980-09-04,1.85,28.99
1981-10-29,1.85,17.87
1983-07-23,1.85,31.59
1983-08-04,1.85,32.04
1986-11-02,1.85,13.4
1986-11-30,1.85,10.59
1987-10-24,1.85,16.22
1988-10-23,1.85,19.02
1989-10-31,1.85,14.43
1991-02-22,1.85,14.3
1991-06-25,1.85,27.61
1992-05-20,1.85,26.0
1993-03-29,1.85,15.55
1993-05-13,1.85,24.59
1995-12-17,1.85,7.35
1996-09-12,1.85,26.19
1998-05-31,1.85,26.91
1999-08-10,1.85,29.76
1999-09-08,1.85,28.38
2001-05-26,1.85,25.21
2001-06-10,1.85,28.54
2001-08-18,1.85,30.47
2002-08-25,1.85,29.92
2002-11-03,1.85,9.04
2004-07-16,1.85,31.0
2005-02-19,1.85,7.03
2007-01-07,1.85,8.03
2007-01-20,1.85,3.57
2007-03-26,1.85,21.16
2007-06-18,1.85,28.76
2008-09-27,1.85,26.02
2010-07-31,1.85,31.03
2010-08-20,1.85,30.71
2010-11-03,1.85,17.21
2011-08-19,1.85,31.76
2013-08-26,1.85,29.78
2013-09-02,1.85,30.03
2013-09-14,1.85,25.56
2014-09-04,1.85,29.03
2015-08-03,1.85,31.35
2016-03-04,1.85,12.69
2016-08-09,1.85,29.9
2018-02-10,1.85,7.47
2020-09-11,1.85,22.56
2022-03-15,1.85,14.74
2022-05-29,1.85,25.7
1973-01-28,1.86,5.01
1973-06-27,1.86,30.86
1973-08-04,1.86,29.35
1974-05-25,1.86,24.38
1974-08-17,1.86,29.85
1974-10-06,1.86,19.1
1974-11-12,1.86,12.76
1975-02-25,1.86,9.76
1975-11-26,1.86,3.96
1976-06-22,1.86,27.62
1978-04-05,1.86,18.11
1980-11-22,1.86,10.23
1984-08-06,1.86,30.61
1984-09-03,1.86,27.26
1987-06-02,1.86,26.29
1987-12-01,1.86,7.14
1988-10-18,1.86,21.6
1990-11-11,1.86,14.65
1996-06-26,1.86,27.62
1996-07-23,1.86,31.03
1996-09-24,1.86,22.54
1998-12-04,1.86,15.09
2000-03-28,1.86,17.61
2000-04-13,1.86,17.85
2000-08-10,1.86,32.46
2001-07-22,1.86,31.47
2001-09-20,1.86,25.96
2002-10-08,1.86,20.53
2003-01-03,1.86,7.25
2003-09-05,1.86,28.43
2004-10-22,1.86,16.92
2007-04-02,1.86,18.43
2007-06-16,1.86,28.82
2007-08-04,1.86,31.06
2011-08-04,1.86,32.18
2012-08-24,1.86,29.94
2013-06-04,1.86,25.72
2014-09-21,1.86,27.06
2014-12-10,1.86,9.34
2015-01-02,1.86,2.05
2017-10-28,1.86,14.92
2018-01-11,1.86,10.21
2018-11-07,1.86,13.73
2019-08-05,1.86,31.61
2020-09-29,1.86,22.47
2023-09-16,1.86,25.65
1973-08-21,1.87,29.95
1974-03-09,1.87,14.72
1974-08-12,1.87,28.2
1974-11-25,1.87,10.92
1976-10-07,1.87,17.5
1977-09-22,1.87,22.3
1977-12-25,1.87,7.02
1981-02-14,1.87,8.57
1981-10-31,1.87,16.09
1983-07-20,1.87,32.01
1984-10-18,1.87,15.24
1985-04-21,1.87,20.58
1985-09-14,1.87,22.17
1986-12-01,1.87,8.39
1987-01-10,1.87,4.32
1988-08-19,1.87,30.62
1988-10-04,1.87,20.89
1988-10-21,1.87,18.22
1989-04-15,1.87,19.55
1989-07-27,1.87,30.97
1992-03-31,1.87,14.51
1992-07-09,1.87,28.97
1993-05-25,1.87,23.03
1993-08-22,1.87,28.49
1994-05-12,1.87,24.98
1994-08-08,1.87,29.82
1996-07-06,1.87,30.69
1998-02-07,1.87,7.07
1998-03-27,1.87,18.69
1999-07-31,1.87,32.51
1999-08-15,1.87,28.82
1999-10-04,1.87,20.93
2000-01-23,1.87,5.37
2002-07-19,1.87,31.6
2002-10-20,1.87,16.85
2003-06-22,1.87,26.13
2004-10-02,1.87,21.36
2006-01-19,1.87,9.56
2006-06-22,1.87,30.02
2008-01-26,1.87,2.74
2009-03-17,1.87,16.92
2009-08-10,1.87,29.62
2009-12-23,1.87,5.23
2010-11-04,1.87,16.85
2011-05-29,1.87,23.93
2012-09-28,1.87,24.8
2012-10-20,1.87,19.3
2013-04-04,1.87,13.98
2013-08-22,1.87,30.77
2016-06-23,1.87,30.9
2019-06-02,1.87,26.79
2019-07-08,1.87,29.37
2019-11-20,1.87,13.99
2019-12-09,1.87,9.96
2023-04-03,1.87,16.17
1973-12-01,1.88,12.04
1975-05-05,1.88,19.4
1975-05-25,1.88,24.95
1975-07-19,1.88,29.93
1976-07-02,1.88,27.44
1977-03-20,1.88,11.35
1977-04-17,1.88,21.76
1977-07-18,1.88,32.89
1977-10-11,1.88,16.54
1979-01-31,1.88,-3.12
1979-09-07,1.88,28.99
1980-06-15,1.88,28.29
1980-07-26,1.88,31.51
1980-08-03,1.88,31.77
1981-08-10,1.88,29.44
1982-05-10,1.88,20.46
1982-05-19,1.88,24.16
1982-07-02,1.88,26.75
1984-08-15,1.88,30.09
1985-07-21,1.88,30.37
1986-04-13,1.88,16.14
1986-06-22,1.88,29.54
1987-03-16,1.88,11.1
1989-05-29,1.88,24.55
1990-10-21,1.88,15.37
1991-08-06,1.88,28.71
1992-01-09,1.88,5.98
1992-05-18,1.88,25.71
1992-06-20,1.88,27.38
1996-05-04,1.88,21.07
1996-06-12,1.88,29.0
1998-05-04,1.88,23.07
1998-05-05,1.88,22.92
1998-12-09,1.88,7.93
1999-07-16,1.88,29.37
1999-07-26,1.88,31.89
2000-08-30,1.88,29.48
2001-02-12,1.88,3.89
2001-02-22,1.88,7.32
2002-07-04,1.88,31.14
2005-05-26,1.88,23.96
2005-08-23,1.88,29.5
2005-08-29,1.88,30.44
2006-01-15,1.88,10.06
2007-02-12,1.88,6.33
2010-04-22,1.88,18.91
2011-12-29,1.88,9.68
2012-09-27,1.88,24.75
2015-04-04,1.88,16.28
2015-09-17,1.88,25.93
2018-06-16,1.88,29.19
2019-10-01,1.88,23.07
1973-12-06,1.89,6.51
1975-06-05,1.89,26.86
1978-03-09,1.89,8.34
1978-07-05,1.89,29.24
1980-04-24,1.89,20.97
1980-06-19,1.89,28.63
1982-03-02,1.89,11.35
1982-03-06,1.89,5.96
1983-02-05,1.89,1.65
1983-08-09,1.89,31.87
1984-10-01,1.89,18.72
1985-10-02,1.89,18.01
1986-07-14,1.89,30.15
1988-04-29,1.89,20.23
1988-07-06,1.89,31.05
1988-12-11,1.89,3.7
1991-12-07,1.89,11.09
1992-07-04,1.89,27.16
1994-05-20,1.89,21.89
1994-07-03,1.89,29.61
1995-04-05,1.89,14.97
1995-07-21,1.89,29.96
1996-07-11,1.89,28.26
1998-07-12,1.89,30.7
1998-08-18,1.89,29.59
1998-08-21,1.89,30.0
2001-07-21,1.89,30.97
2003-10-14,1.89,20.54
2005-05-18,1.89,22.22
2006-02-23,1.89,9.63
2006-08-30,1.89,28.14
2007-05-28,1.89,25.6
2010-06-19,1.89,28.94
2010-06-24,1.89,30.43
2010-07-30,1.89,30.9
2011-03-08,1.89,7.39
2012-09-17,1.89,25.5
2012-12-22,1.89,5.78
2013-01-26,1.89,6.98
2013-05-06,1.89,19.72
2017-07-30,1.89,30.21
2018-07-06,1.89,31.47
2024-11-26,1.89,10.26
1975-03-23,1.9,13.11
1975-06-27,1.9,27.42
1975-07-18,1.9,29.31
1975-07-22,1.9,30.84
1975-11-21,1.9,7.51
1977-08-01,1.9,31.21
1978-08-08,1.9,31.29
1979-10-02,1.9,25.28
1980-03-11,1.9,12.47
1982-03-03,1.9,9.79
1982-07-04,1.9,28.83
1982-07-19,1.9,31.1
1982-11-21,1.9,11.71
1983-02-12,1.9,7.03
1983-08-20,1.9,29.86
1983-09-11,1.9,28.28
1984-08-14,1.9,30.05
1985-10-17,1.9,19.46
1986-08-17,1.9,30.6
1987-05-16,1.9,26.12
1987-07-06,1.9,29.45
1988-06-10,1.9,26.68
1989-01-07,1.9,6.45
1989-11-27,1.9,11.53
1992-01-12,1.9,6.53
1993-12-12,1.9,8.9
1994-11-29,1.9,7.27
1995-07-28,1.9,33.05
1995-09-29,1.9,24.06
1997-04-20,1.9,19.54
1997-08-22,1.9,28.68
1998-12-26,1.9,3.57
1999-05-30,1.9,26.36
2000-10-16,1.9,19.96
2003-05-21,1.9,21.74
2004-06-02,1.9,26.04
2005-01-30,1.9,5.05
2005-02-06,1.9,10.34
2005-07-02,1.9,30.27
2007-02-24,1.9,9.23
2007-09-12,1.9,25.85
2008-04-27,1.9,18.46
2008-12-20,1.9,5.03
2011-07-24,1.9,32.3
2011-12-21,1.9,8.01
2014-02-18,1.9,11.81
2014-08-16,1.9,28.8
2018-05-12,1.9,22.59
2019-03-06,1.9,3.25
2019-09-24,1.9,26.1
2024-07-31,1.9,31.92
1974-01-05,1.91,-1.9
1974-01-12,1.91,-0.42
1974-12-13,1.91,7.58
1975-07-23,1.91,31.0
1975-10-22,1.91,20.54
1977-05-24,1.91,24.88
1977-11-20,1.91,8.89
1978-06-05,1.91,26.0
1978-11-04,1.91,19.98
1980-05-22,1.91,26.27
1980-06-08,1.91,26.81
1980-07-18,1.91,33.21
1980-09-14,1.91,26.1
1981-04-22,1.91,18.14
1982-07-05,1.91,28.72
1985-06-17,1.91,29.69
1986-06-21,1.91,28.83
1987-02-17,1.91,4.36
1987-09-29,1.91,24.76
1991-02-17,1.91,8.49
1991-08-18,1.91,29.92
1992-03-26,1.91,14.92
1993-03-20,1.91,11.15
1995-03-20,1.91,17.6
1995-03-22,1.91,17.35
1996-09-03,1.91,28.02
1996-12-09,1.91,9.85
1999-06-22,1.91,27.8
2000-07-18,1.91,29.64
2000-11-13,1.91,6.13
2001-03-31,1.91,14.04
2001-07-20,1.91,30.68
2004-07-19,1.91,30.47
2005-05-25,1.91,25.07
2005-08-08,1.91,31.88
2006-01-21,1.91,8.44
2006-05-04,1.91,21.7
2006-05-27,1.91,27.28
2008-03-28,1.91,13.73
2010-02-26,1.91,6.18
2010-08-08,1.91,30.49
2010-11-12,1.91,13.72
2011-06-11,1.91,26.36
2012-05-13,1.91,23.2
2013-09-26,1.91,22.75
2014-11-25,1.91,10.09
2015-03-11,1.91,17.45
2015-12-31,1.91,3.34
2016-08-03,1.91,31.49
2016-08-30,1.91,29.85
2016-10-22,1.91,19.61
2018-08-12,1.91,31.29
2019-08-03,1.91,30.9
2020-10-17,1.91,18.11
2022-03-06,1.91,12.58
2022-08-28,1.91,29.8
2023-03-23,1.91,13.37
2023-06-27,1.91,29.36
2024-02-08,1.91,10.64
1973-03-03,1.92,12.7
1973-06-21,1.92,27.83
1973-06-22,1.92,28.87
1974-04-29,1.92,21.85
1974-06-15,1.92,29.88
1974-12-31,1.92,5.8
1975-10-23,1.92,18.5
1976-07-09,1.92,30.71
1978-12-24,1.92,6.6
1979-04-18,1.92,19.2
1979-11-27,1.92,9.62
1980-03-04,1.92,7.29
1981-03-26,1.92,15.46
1981-10-22,1.92,15.68
1981-12-29,1.92,3.23
1982-10-27,1.92,17.51
1983-04-28,1.92,19.56
1983-06-20,1.92,27.46
1984-02-10,1.92,10.49
1985-04-01,1.92,13.29
1986-04-08,1.92,21.2
1988-01-11,1.92,2.53
1988-07-17,1.92,32.77
1988-08-07,1.92,30.58
1988-08-08,1.92,30.47
1988-08-12,1.92,31.79
1988-11-22,1.92,8.54
1989-05-14,1.92,19.74
1989-10-29,1.92,16.87
1990-09-13,1.92,29.33
1991-08-30,1.92,31.07
1991-11-02,1.92,7.1
1992-04-11,1.92,19.58
1993-05-11,1.92,24.63
1994-08-09,1.92,28.23
1995-01-29,1.92,5.82
1995-07-27,1.92,32.31
1996-07-17,1.92,30.33
1996-07-21,1.92,29.92
1996-09-11,1.92,28.13
1998-03-15,1.92,10.63
2000-08-02,1.92,31.92
2000-08-05,1.92,31.02
2001-08-27,1.92,31.3
2002-07-02,1.92,31.56
2002-11-16,1.92,10.29
2004-08-15,1.92,27.05
2005-08-28,1.92,30.32
2006-08-01,1.92,31.22
2006-10-21,1.92,15.46
2008-01-07,1.92,10.97
2009-11-21,1.92,13.47
2010-12-18,1.92,2.23
2011-04-08,1.92,16.99
2015-03-03,1.92,6.71
2015-07-13,1.92,30.75
2016-06-27,1.92,31.35
2016-08-07,1.92,30.01
2017-02-19,1.92,14.9
2017-07-15,1.92,31.49
2019-11-23,1.92,9.21
2020-06-25,1.92,30.0
2022-08-10,1.92,31.17
2023-08-22,1.92,30.26
1973-05-12,1.93,23.23
1973-12-19,1.93,3.79
1974-01-14,1.93,5.79
1974-06-04,1.93,27.09
1978-06-13,1.93,27.89
1978-07-11,1.93,29.2
1978-08-06,1.93,29.6
1978-11-24,1.93,9.13
1981-11-22,1.93,9.21
1982-09-29,1.93,20.8
1983-01-28,1.93,5.85
1983-05-08,1.93,20.95
1983-09-29,1.93,22.77
1983-11-18,1.93,12.08
1984-04-06,1.93,15.42
1985-11-14,1.93,10.25
1988-02-01,1.93,7.19
1988-08-09,1.93,30.85
1988-08-11,1.93,31.95
1989-01-29,1.93,8.65
1989-02-05,1.93,-6.33
1989-03-23,1.93,12.45
1989-05-31,1.93,24.19
1990-09-11,1.93,29.81
1991-01-19,1.93,8.02
1991-01-24,1.93,3.58
1992-10-07,1.93,19.45
1993-09-28,1.93,23.53
1993-10-07,1.93,23.68
1994-08-26,1.93,30.5
1996-05-01,1.93,19.29
1998-07-03,1.93,30.5
1998-08-13,1.93,30.8
1999-09-06,1.93,28.38
2002-03-17,1.93,9.88
2003-04-18,1.93,16.65
2003-11-05,1.93,12.39
2004-04-20,1.93,19.94
2004-11-13,1.93,9.95
2005-09-13,1.93,26.48
2005-12-22,1.93,7.99
2005-12-23,1.93,10.68
2006-06-13,1.93,27.77
2006-10-09,1.93,20.05
2006-10-12,1.93,17.39
2006-12-15,1.93,13.75
2008-11-02,1.93,19.64
2009-05-23,1.93,24.95
2009-07-15,1.93,29.75
2010-04-06,1.93,19.68
2011-07-05,1.93,31.77
2015-03-01,1.93,2.95
2017-01-05,1.93,1.03
2017-02-18,1.93,14.55
2017-12-24,1.93,4.86
2019-01-21,1.93,3.65
2019-10-05,1.93,20.44
2020-10-20,1.93,17.5
2020-10-21,1.93,19.0
2023-03-31,1.93,13.67
2023-08-29,1.93,30.17
2024-08-27,1.93,30.27
1973-02-12,1.94,4.81
1973-02-13,1.94,5.79
1975-01-12,1.94,1.25
1976-07-08,1.94,30.11
1976-10-02,1.94,24.44
1977-02-28,1.94,8.23
1978-11-20,1.94,5.63
1979-05-07,1.94,20.46
1980-05-01,1.94,19.53
1982-07-25,1.94,30.77
1983-03-22,1.94,6.51
1983-06-17,1.94,27.24
1983-07-10,1.94,29.55
1984-01-18,1.94,-3.4
1986-01-27,1.94,4.93
1986-09-22,1.94,23.69
1987-07-09,1.94,29.72
1988-08-02,1.94,31.65
1989-05-26,1.94,24.12
1989-12-07,1.94,8.89
1991-05-10,1.94,21.27
1991-09-03,1.94,28.72
1992-09-20,1.94,24.6
1993-09-16,1.94,22.09
1994-09-17,1.94,26.54
1994-10-27,1.94,16.32
1995-09-23,1.94,18.95
1996-08-22,1.94,29.46
1996-12-21,1.94,3.11
1998-07-13,1.94,31.35
1998-08-28,1.94,31.17
1999-01-16,1.94,9.88
1999-06-09,1.94,27.5
2007-07-14,1.94,30.16
2007-07-24,1.94,31.02
2009-07-18,1.94,29.78
2010-06-18,1.94,27.43
2010-07-18,1.94,32.56
2012-02-03,1.94,10.85
2012-06-04,1.94,28.43
2012-08-04,1.94,32.13
2012-09-04,1.94,30.62
2013-09-01,1.94,31.26
2014-08-03,1.94,29.2
2014-12-18,1.94,4.68
2015-12-11,1.94,14.13
2016-05-22,1.94,22.67
2018-04-06,1.94,14.45
2019-01-05,1.94,10.08
2019-03-22,1.94,14.01
2019-10-23,1.94,17.47
2020-05-04,1.94,23.57
2020-09-12,1.94,24.31
2020-11-09,1.94,16.26
2021-09-09,1.94,29.49
2022-03-18,1.94,16.12
2022-04-08,1.94,16.21
2023-05-21,1.94,24.63
2024-05-28,1.94,26.71
1974-01-08,1.95,0.22
1974-05-16,1.95,22.29
1974-07-09,1.95,30.21
1977-02-23,1.95,12.38
1977-06-07,1.95,28.9
1977-11-04,1.95,17.13
1978-04-01,1.95,20.44
1979-10-10,1.95,19.26
1981-05-06,1.95,20.6
1981-10-01,1.95,22.91
1981-11-23,1.95,10.81
1982-07-14,1.95,30.45
1984-04-02,1.95,12.13
1984-10-10,1.95,22.04
1985-05-27,1.95,25.72
1986-09-15,1.95,22.45
1987-01-05,1.95,7.12
1987-12-22,1.95,7.1
1989-07-11,1.95,30.95
1990-04-19,1.95,16.78
1990-05-23,1.95,23.14
1991-07-04,1.95,30.68
1992-02-22,1.95,11.98
1993-04-07,1.95,13.13
1993-11-18,1.95,11.41
1994-05-25,1.95,27.06
1995-09-15,1.95,27.58
1996-02-05,1.95,-0.24
1997-01-08,1.95,2.0
1997-04-13,1.95,10.53
1997-07-04,1.95,28.24
2000-03-27,1.95,19.39
2000-08-08,1.95,31.87
2000-10-25,1.95,19.5
2001-07-31,1.95,30.25
2001-11-22,1.95,13.58
2002-02-21,1.95,12.73
2002-08-06,1.95,29.75
2003-02-26,1.95,1.67
2004-03-03,1.95,10.3
2005-07-09,1.95,31.07
2005-08-05,1.95,30.78
2005-09-30,1.95,23.51
2007-06-26,1.95,29.98
2007-09-21,1.95,25.85
2009-09-26,1.95,25.39
2013-04-14,1.95,16.26
2014-02-08,1.95,0.31
2016-09-01,1.95,29.02
2018-07-15,1.95,31.78
2018-10-20,1.95,18.8
2018-12-16,1.95,10.38
2020-04-26,1.95,20.83
2020-07-20,1.95,32.16
2022-05-20,1.95,25.56
2022-06-21,1.95,28.98
2023-04-23,1.95,15.53
2023-11-20,1.95,13.18
2024-08-12,1.95,29.17
1973-03-22,1.96,10.59
1973-08-18,1.96,30.45
1973-09-10,1.96,26.48
1976-03-17,1.96,11.3
1979-08-03,1.96,30.93
1981-01-29,1.96,7.35
1981-04-15,1.96,18.93
1981-07-12,1.96,31.48
1982-02-26,1.96,5.37
1982-08-05,1.96,30.75
1985-04-20,1.96,21.19
1991-06-26,1.96,28.19
1992-05-10,1.96,22.4
1993-11-26,1.96,2.68
1994-03-22,1.96,16.37
1995-07-02,1.96,26.52
1996-06-13,1.96,29.33
1997-08-01,1.96,29.03
1998-01-11,1.96,2.02
1998-08-09,1.96,31.38
1999-02-09,1.96,13.15
2002-04-22,1.96,17.68
2002-10-17,1.96,16.26
2003-05-12,1.96,20.88
2003-05-14,1.96,23.63
2003-11-16,1.96,11.66
2005-05-28,1.96,24.87
2006-07-30,1.96,32.24
2007-07-03,1.96,29.86
2008-07-29,1.96,31.43
2010-11-02,1.96,16.79
2010-12-02,1.96,7.32
2011-03-20,1.96,15.31
2011-06-26,1.96,29.01
2012-07-24,1.96,32.56
2012-09-03,1.96,30.3
2012-11-20,1.96,14.85
2013-06-20,1.96,27.44
2013-09-10,1.96,28.66
2013-12-04,1.96,8.89
2016-09-14,1.96,24.08
2018-11-28,1.96,6.86
2019-03-23,1.96,13.84
2020-10-26,1.96,9.24
2021-10-05,1.96,25.76
2024-11-15,1.96,14.18
1974-02-21,1.97,9.58
1976-08-06,1.97,28.39
1976-12-08,1.97,4.67
1978-01-24,1.97,2.85
1979-07-02,1.97,28.33
1979-11-11,1.97,8.73
1980-01-29,1.97,-1.95
1981-06-21,1.97,29.1
1981-09-09,1.97,26.61
1982-04-05,1.97,11.68
1982-10-30,1.97,16.31
1984-08-01,1.97,29.06
1986-05-07,1.97,21.32
1986-05-21,1.97,23.42
1986-05-29,1.97,27.12
1986-10-30,1.97,18.03
1987-02-01,1.97,9.56
1992-08-16,1.97,27.56
1996-01-31,1.97,-0.56
1997-08-08,1.97,28.59
1998-08-22,1.97,30.06
1999-02-19,1.97,8.93
1999-08-26,1.97,30.74
2000-08-04,1.97,31.35
2002-03-08,1.97,11.05
2003-05-02,1.97,20.91
2007-04-24,1.97,20.92
2007-04-27,1.97,20.5
2007-07-07,1.97,32.04
2007-08-28,1.97,29.51
2008-12-18,1.97,2.47
2010-11-05,1.97,15.35
2010-11-22,1.97,10.22
2011-01-02,1.97,1.79
2012-10-16,1.97,21.93
2015-02-10,1.97,11.53
2015-07-29,1.97,30.56
2016-03-07,1.97,16.16
2016-07-14,1.97,31.25
2016-08-04,1.97,31.36
2016-08-25,1.97,28.16
2018-05-27,1.97,28.85
2019-08-25,1.97,28.51
2019-12-11,1.97,5.63
2022-06-01,1.97,25.62
2022-10-24,1.97,18.95
2023-04-26,1.97,17.4
2024-08-31,1.97,30.05
2024-12-26,1.97,7.96
1976-07-24,1.98,31.29
1977-03-07,1.98,11.44
1977-05-11,1.98,19.79
1977-07-12,1.98,30.19
1980-01-31,1.98,-0.52
1980-09-21,1.98,25.67
1982-03-18,1.98,14.02
1982-09-03,1.98,29.29
1984-04-13,1.98,17.15
1985-03-13,1.98,11.33
1986-08-29,1.98,24.65
1988-10-03,1.98,23.01
1988-10-17,1.98,22.39
1989-05-03,1.98,20.11
1990-03-06,1.98,11.3
1990-04-17,1.98,18.77
1991-10-06,1.98,19.73
1992-02-19,1.98,9.85
1994-08-06,1.98,28.86
1995-02-12,1.98,1.4
1995-08-14,1.98,30.71
1995-09-07,1.98,28.24
1996-09-04,1.98,28.28
1997-01-27,1.98,3.48
1997-02-12,1.98,5.08
1997-11-10,1.98,8.84
1998-02-08,1.98,8.33
1998-05-03,1.98,22.47
1998-09-28,1.98,26.95
1999-10-31,1.98,19.83
2000-10-26,1.98,19.33
2001-08-26,1.98,30.87
2002-05-06,1.98,22.94
2002-07-01,1.98,31.62
2002-07-28,1.98,30.92
2002-08-19,1.98,30.1
2004-09-21,1.98,22.02
2005-07-28,1.98,29.59
2007-10-17,1.98,18.91
2007-11-16,1.98,12.74
2008-05-10,1.98,20.69
2008-08-14,1.98,29.65
2009-08-13,1.98,30.73
2010-03-02,1.98,8.19
2012-02-23,1.98,14.25
2012-05-29,1.98,26.44
2014-01-10,1.98,6.04
2014-05-25,1.98,25.29
2014-09-25,1.98,25.95
2017-07-12,1.98,31.54
2019-02-05,1.98,7.89
2020-01-02,1.98,8.36
2021-03-29,1.98,17.68
2022-03-08,1.98,9.02
2022-11-07,1.98,15.99
2023-10-06,1.98,22.82
1974-04-08,1.99,15.8
1974-06-16,1.99,28.24
1976-05-17,1.99,23.16
1977-05-19,1.99,23.4
1977-09-28,1.99,24.24
1978-07-17,1.99,30.96
1978-12-02,1.99,6.88
1979-05-26,1.99,22.59
1979-06-19,1.99,25.43
1979-06-22,1.99,28.35
1980-09-03,1.99,28.96
1981-04-18,1.99,22.63
1982-05-16,1.99,23.77
1982-06-07,1.99,23.96
1982-07-21,1.99,32.08
1984-05-25,1.99,24.77
1984-08-22,1.99,29.0
1986-04-17,1.99,15.15
1986-06-27,1.99,30.64
1987-03-28,1.99,12.13
1989-01-05,1.99,6.93
1989-06-01,1.99,25.54
1990-07-10,1.99,30.99
1990-08-24,1.99,28.39
1991-05-21,1.99,23.74
1991-06-12,1.99,28.17
1992-08-17,1.99,27.6
1993-04-19,1.99,18.3
1993-11-06,1.99,9.5
1995-05-05,1.99,19.5
1995-07-25,1.99,31.07
1997-06-11,1.99,25.86
1997-12-27,1.99,4.27
1998-01-27,1.99,8.92
1998-05-02,1.99,23.0
1998-07-27,1.99,30.85
1999-09-21,1.99,23.01
2001-04-08,1.99,17.67
2001-05-27,1.99,26.03
2002-12-28,1.99,7.53
2003-07-29,1.99,31.36
2004-02-15,1.99,4.95
2004-08-03,1.99,30.74
2006-01-31,1.99,10.81
2006-05-28,1.99,26.18
2006-08-17,1.99,29.6
2006-08-21,1.99,30.21
2009-02-19,1.99,8.78
2009-08-27,1.99,29.67
2010-08-11,1.99,31.53
2011-01-19,1.99,5.79
2012-02-25,1.99,9.95
2014-03-31,1.99,15.49
2014-05-26,1.99,26.27
2017-06-12,1.99,27.88
2019-08-10,1.99,29.63
2020-08-22,1.99,30.97
2020-09-23,1.99,25.47
2021-05-11,1.99,18.28
2021-08-15,1.99,31.24
2021-08-16,1.99,30.98
2021-09-04,1.99,26.89
2022-04-01,1.99,14.36
2022-11-16,1.99,5.47
2024-07-11,1.99,32.72
1974-04-20,2.0,19.35
1974-05-02,2.0,21.73
1977-04-14,2.0,21.13
1977-07-31,2.0,31.12
1978-02-11,2.0,2.58
1979-03-16,2.0,8.85
1979-06-30,2.0,30.3
1980-07-09,2.0,31.56
1980-11-07,2.0,19.35
1981-08-15,2.0,30.07
1982-03-29,2.0,10.85
1982-05-22,2.0,23.99
1982-09-18,2.0,23.6
1983-03-23,2.0,6.71
1984-07-25,2.0,30.01
1986-02-02,2.0,11.52
1986-08-20,2.0,30.7
1988-01-15,2.0,4.11
1988-08-03,2.0,31.18
1988-08-06,2.0,30.73
1992-04-10,2.0,19.02
1992-12-18,2.0,3.64
1993-03-12,2.0,6.91
1995-05-03,2.0,16.27
1996-08-26,2.0,29.48
1997-07-12,2.0,28.59
1998-04-18,2.0,15.74
1998-12-29,2.0,8.35
2006-12-14,2.0,12.94
2007-05-27,2.0,24.97
2008-01-27,2.0,6.47
2008-07-21,2.0,31.79
2009-08-03,2.0,30.33
2011-02-26,2.0,4.33
2012-03-24,2.0,20.39
2013-08-18,2.0,29.22
2013-09-03,2.0,29.11
2014-12-16,2.0,8.09
2015-01-22,2.0,6.83
2015-02-21,2.0,7.43
2015-05-21,2.0,19.76
2015-06-25,2.0,30.54
2016-05-12,2.0,22.96
2016-08-24,2.0,28.7
2017-07-10,2.0,32.15
2019-02-28,2.0,6.58
2019-08-02,2.0,30.79
2019-08-28,2.0,28.17
2020-10-14,2.0,22.39
2021-03-16,2.0,11.56
2023-04-09,2.0,16.62
1975-03-11,2.01,6.01
1976-05-12,2.01,23.51
1976-07-07,2.01,30.27
1977-05-23,2.01,24.95
1977-09-02,2.01,27.78
1979-01-15,2.01,-2.58
1981-08-05,2.01,31.16
1981-08-29,2.01,29.11
1981-10-24,2.01,12.34
1982-12-21,2.01,8.43
1983-04-11,2.01,14.36
1983-05-18,2.01,19.13
1983-08-22,2.01,30.54
1983-11-12,2.01,10.01
1984-07-10,2.01,30.6
1984-09-28,2.01,16.73
1985-09-11,2.01,23.69
1992-05-09,2.01,23.12
1992-05-25,2.01,21.7
1996-06-04,2.01,26.56
1996-06-28,2.01,28.06
1999-08-03,2.01,29.62
2000-08-28,2.01,30.0
2000-10-11,2.01,16.55
2003-12-23,2.01,9.18
2005-09-27,2.01,25.95
2005-12-19,2.01,1.33
2007-12-13,2.01,6.04
2008-11-25,2.01,11.27
2010-05-14,2.01,20.83
2011-12-16,2.01,8.44
2012-10-25,2.01,17.69
2013-09-15,2.01,25.37
2014-07-04,2.01,29.42
2014-10-01,2.01,22.11
2015-04-07,2.01,17.13
2016-01-30,2.01,11.16
2016-10-27,2.01,19.72
2017-07-07,2.01,32.74
2017-08-18,2.01,29.85
2018-06-03,2.01,27.84
2019-04-24,2.01,21.39
2020-05-14,2.01,20.23
2022-05-08,2.01,22.43
1974-07-05,2.02,30.35
1975-08-03,2.02,30.11
1975-12-27,2.02,6.03
1978-03-22,2.02,17.35
1978-04-04,2.02,17.27
1978-05-31,2.02,25.41
1980-05-31,2.02,24.64
1980-09-11,2.02,25.52
1981-02-28,2.02,13.38
1981-03-02,2.02,10.83
1981-07-15,2.02,30.69
1981-12-30,2.02,3.05
1983-11-29,2.02,5.53
1984-03-04,2.02,9.81
1985-06-08,2.02,29.89
1985-08-05,2.02,29.62
1985-08-07,2.02,30.73
1985-08-10,2.02,29.05
1986-03-20,2.02,11.69
1986-07-09,2.02,30.13
1987-06-26,2.02,29.49
1988-07-08,2.02,31.27
1990-12-27,2.02,-0.37
1991-03-19,2.02,14.61
1991-12-23,2.02,8.46
1995-07-23,2.02,30.12
1996-12-23,2.02,4.73
1998-02-20,2.02,9.07
1998-07-28,2.02,31.46
1998-08-14,2.02,30.86
1999-06-07,2.02,26.44
1999-08-07,2.02,29.32
2000-11-03,2.02,15.27
2001-01-18,2.02,2.31
2001-03-09,2.02,10.94
2001-12-15,2.02,8.99
2002-09-11,2.02,27.87
2003-04-04,2.02,14.56
2003-12-07,2.02,7.84
2004-10-12,2.02,19.41
2005-04-27,2.02,17.6
2006-09-15,2.02,24.76
2009-03-30,2.02,12.84
2010-03-23,2.02,14.61
2011-08-06,2.02,31.51
2012-06-06,2.02,25.66
2012-11-11,2.02,12.85
2015-09-06,2.02,27.94
2016-07-16,2.02,30.27
2016-07-26,2.02,32.82
2018-02-15,2.02,12.52
2019-09-18,2.02,27.14
2019-12-22,2.02,9.65
2021-08-09,2.02,30.96
2021-11-13,2.02,13.68
2022-02-24,2.02,1.28
2023-09-02,2.02,29.23
1973-01-29,2.03,3.77
1975-07-26,2.03,30.37
1975-11-19,2.03,12.6
1977-08-21,2.03,28.23
1978-05-30,2.03,25.84
1983-06-03,2.03,23.44
1985-07-28,2.03,30.24
1986-01-20,2.03,11.77
1988-09-30,2.03,22.57
1989-07-12,2.03,31.06
1990-04-23,2.03,23.15
1991-07-22,2.03,31.67
1991-08-26,2.03,30.46
1992-02-11,2.03,7.24
1994-07-23,2.03,31.28
1994-09-26,2.03,24.96
1995-05-04,2.03,18.3
1995-07-01,2.03,26.14
1996-07-27,2.03,29.69
1998-03-22,2.03,12.31
1999-06-10,2.03,27.02
1999-08-06,2.03,29.15
2000-01-05,2.03,6.34
2000-06-01,2.03,25.99
2001-05-19,2.03,25.47
2002-05-02,2.03,19.64
2003-06-01,2.03,25.39
2005-02-22,2.03,10.54
2007-04-13,2.03,13.34
2007-09-19,2.03,24.65
2009-04-04,2.03,14.04
2010-08-04,2.03,31.82
2011-11-04,2.03,13.23
2013-04-17,2.03,14.95
2014-08-06,2.03,29.08
2014-10-24,2.03,19.52
2015-12-21,2.03,8.27
2016-12-10,2.03,2.04
2019-02-25,2.03,5.9
2020-04-14,2.03,11.15
2021-07-21,2.03,30.04
2021-08-04,2.03,29.74
2022-10-23,2.03,20.89
2023-02-03,2.03,4.56
1973-07-04,2.04,32.27
1974-05-21,2.04,22.73
1974-11-30,2.04,4.9
1975-04-04,2.04,10.03
1976-09-07,2.04,26.85
1977-06-19,2.04,28.65
1977-11-17,2.04,14.13
1978-09-10,2.04,27.79
1980-05-12,2.04,20.11
1981-05-08,2.04,18.12
1981-10-17,2.04,18.45
1982-04-18,2.04,17.89
1983-03-08,2.04,12.65
1983-09-01,2.04,30.3
1985-02-21,2.04,10.74
1985-11-06,2.04,14.16
1987-11-26,2.04,9.16
1988-04-20,2.04,16.96
1988-05-25,2.04,25.63
1990-02-09,2.04,10.91
1990-03-18,2.04,14.66
1991-04-08,2.04,20.77
1991-05-07,2.04,19.26
1992-08-29,2.04,26.95
1994-06-21,2.04,30.95
1994-07-12,2.04,30.47
1994-08-29,2.04,29.21
1996-08-02,2.04,29.65
1997-08-16,2.04,29.65
1997-09-03,2.04,27.99
1999-02-12,2.04,9.43
2000-06-02,2.04,26.93
2004-08-28,2.04,27.21
2009-04-15,2.04,16.25
2009-10-12,2.04,12.51
2009-10-25,2.04,16.61
2010-08-10,2.04,31.4
2010-08-15,2.04,30.64
2011-08-02,2.04,32.69
2012-04-21,2.04,20.82
2012-06-25,2.04,31.42
2012-12-11,2.04,6.31
2013-12-02,2.04,10.85
2014-10-04,2.04,20.35
2016-01-06,2.04,4.19
2016-10-20,2.04,20.62
2018-07-27,2.04,30.53
2019-02-26,2.04,4.76
2019-05-06,2.04,21.98
2020-05-08,2.04,20.87
2020-08-25,2.04,32.0
2021-10-04,2.04,25.16
2023-12-28,2.04,8.13
1973-05-03,2.05,19.02
1973-08-08,2.05,30.1
1973-10-02,2.05,23.22
1973-11-11,2.05,12.08
1974-09-17,2.05,25.06
1974-12-06,2.05,8.37
1976-03-03,2.05,9.51
1977-07-29,2.05,30.2
1978-07-19,2.05,31.1
1978-08-14,2.05,29.66
1979-05-14,2.05,22.74
1979-07-29,2.05,30.47
1981-01-21,2.05,7.58
1983-06-21,2.05,28.01
1984-07-12,2.05,31.24
1984-07-16,2.05,31.4
1986-06-15,2.05,28.62
1989-07-06,2.05,31.96
1993-04-25,2.05,18.89
1995-12-11,2.05,2.99
1995-12-15,2.05,10.82
1997-04-19,2.05,18.81
1998-03-10,2.05,5.55
1998-03-23,2.05,13.68
1998-05-01,2.05,23.07
2000-08-07,2.05,31.55
2001-09-03,2.05,29.19
2006-07-03,2.05,31.69
2006-07-21,2.05,32.92
2007-11-18,2.05,14.82
2008-08-07,2.05,30.74
2008-10-26,2.05,19.14
2010-05-29,2.05,26.08
2012-06-20,2.05,29.14
2012-08-18,2.05,29.32
2017-07-11,2.05,31.52
2018-07-03,2.05,30.96
2019-10-08,2.05,22.24
2020-07-18,2.05,32.39
2021-10-03,2.05,24.26
2023-06-17,2.05,26.59
2024-04-01,2.05,15.76
1974-05-17,2.06,22.99
1977-05-10,2.06,20.87
1977-07-20,2.06,32.14
1978-10-23,2.06,18.94
1979-06-25,2.06,27.71
1979-08-10,2.06,30.44
1979-10-25,2.06,17.23
1980-07-27,2.06,31.74
1986-08-06,2.06,30.51
1988-09-29,2.06,22.14
1989-02-13,2.06,6.85
1989-06-24,2.06,27.0
1990-03-03,2.06,12.07
1990-03-09,2.06,13.28
1991-06-19,2.06,29.06
1991-07-14,2.06,29.94
1993-06-11,2.06,27.22
1994-01-08,2.06,1.85
1998-06-24,2.06,29.46
1999-03-06,2.06,9.72
1999-07-19,2.06,29.89
2000-06-25,2.06,29.57
2001-12-03,2.06,11.99
2003-12-26,2.06,7.28
2004-02-27,2.06,9.18
2004-07-08,2.06,28.54
2005-01-07,2.06,2.43
2007-06-17,2.06,29.08
2007-07-21,2.06,29.56
2011-04-10,2.06,18.85
2012-06-10,2.06,27.56
2012-10-31,2.06,16.79
2013-03-31,2.06,18.07
2019-07-10,2.06,30.03
2019-09-03,2.06,30.1
2021-03-13,2.06,14.28
2023-04-22,2.06,16.87
2024-03-22,2.06,13.76
2024-06-09,2.06,29.04
2024-07-16,2.06,33.02
2024-08-16,2.06,30.47
1973-02-22,2.07,7.32
1974-05-05,2.07,21.31
1974-12-02,2.07,5.41
1976-04-29,2.07,16.66
1976-05-27,2.07,23.34
1977-06-29,2.07,30.37
1979-02-05,2.07,0.09
1980-10-24,2.07,15.19
1981-03-23,2.07,12.5
1981-06-20,2.07,28.88
1982-02-19,2.07,10.66
1983-08-31,2.07,30.92
1983-12-26,2.07,-5.99
1984-01-19,2.07,-4.65
1986-07-05,2.07,28.88
1986-07-25,2.07,30.81
1986-09-16,2.07,22.71
1988-05-18,2.07,24.29
1988-08-13,2.07,30.89
1988-11-02,2.07,17.44
1989-03-20,2.07,12.11
1989-08-12,2.07,28.45
1991-04-06,2.07,22.55
1991-07-29,2.07,29.98
1991-07-30,2.07,30.4
1993-06-28,2.07,29.3
1994-06-12,2.07,28.78
1994-11-12,2.07,12.45
1996-08-03,2.07,29.34
1998-03-21,2.07,11.86
1998-03-24,2.07,14.8
1999-03-22,2.07,14.66
2000-03-09,2.07,15.25
2000-11-17,2.07,5.19
2002-09-25,2.07,24.17
2003-08-12,2.07,30.73
2004-10-15,2.07,18.24
2005-08-27,2.07,30.07
2007-04-23,2.07,20.73
2007-12-28,2.07,2.46
2008-02-12,2.07,6.59
2010-07-11,2.07,30.76
2011-03-22,2.07,16.13
2013-08-04,2.07,28.93
2015-03-23,2.07,15.6
2015-04-28,2.07,18.27
2017-02-15,2.07,10.79
2017-07-04,2.07,31.27
2017-07-16,2.07,31.63
2017-08-09,2.07,28.23
2018-02-16,2.07,11.93
2018-02-17,2.07,9.01
2018-04-26,2.07,20.36
2019-03-02,2.07,7.12
2019-07-29,2.07,31.4
2019-08-13,2.07,30.17
2019-09-08,2.07,27.36
2019-11-24,2.07,10.93
2020-05-13,2.07,17.83
2021-02-01,2.07,7.6
2021-02-26,2.07,9.72
2021-12-26,2.07,9.95
2022-04-26,2.07,18.42
2023-01-09,2.07,7.89
2024-11-11,2.07,16.74
1973-04-03,2.08,12.4
1974-03-05,2.08,14.28
1974-05-24,2.08,23.83
1976-09-08,2.08,26.02
1978-06-22,2.08,28.86
1979-01-27,2.08,-0.26
1979-05-20,2.08,24.14
1979-06-23,2.08,28.12
1980-07-20,2.08,32.42
1980-08-13,2.08,30.05
1982-05-07,2.08,20.65
1982-07-08,2.08,28.35
1984-03-15,2.08,13.62
1984-04-11,2.08,15.06
1984-06-27,2.08,29.69
1985-10-07,2.08,19.17
1986-04-21,2.08,19.94
1987-06-08,2.08,27.78
1987-12-16,2.08,2.37
1988-01-04,2.08,0.5
1988-07-24,2.08,31.4
1988-09-10,2.08,27.81
1989-03-25,2.08,16.04
1992-01-18,2.08,1.93
1994-07-17,2.08,30.37
1994-11-17,2.08,10.94
1995-06-24,2.08,28.54
1996-12-22,2.08,4.2
1997-05-23,2.08,21.88
1998-05-23,2.08,22.88
1998-08-23,2.08,30.68
2000-03-29,2.08,15.05
2002-03-10,2.08,9.89
2002-06-04,2.08,25.91
2002-06-15,2.08,27.82
2003-07-08,2.08,30.55
2005-12-01,2.08,6.4
2006-02-25,2.08,11.13
2006-09-10,2.08,25.06
2007-01-16,2.08,1.16
2007-07-31,2.08,31.39
2011-08-22,2.08,31.24
2012-03-11,2.08,15.1
2012-12-24,2.08,5.77
2015-03-21,2.08,16.2
2015-09-24,2.08,26.63
2016-04-23,2.08,22.12
2017-04-11,2.08,18.48
2018-07-04,2.08,30.86
2019-05-13,2.08,21.3
2019-07-03,2.08,30.02
2020-10-25,2.08,12.62
2021-06-23,2.08,29.13
2022-04-24,2.08,19.99
2022-06-10,2.08,28.34
2022-12-10,2.08,8.62
2023-01-15,2.08,7.44
2023-10-03,2.08,24.55
2024-08-19,2.08,30.71
1974-09-18,2.09,25.44
1975-09-01,2.09,28.08
1977-07-02,2.09,29.98
1979-01-22,2.09,3.88
1979-11-12,2.09,8.79
1980-03-22,2.09,12.19
1980-04-15,2.09,16.0
1981-05-21,2.09,20.7
1982-04-28,2.09,19.05
1983-04-15,2.09,11.97
1983-06-26,2.09,28.9
1984-04-26,2.09,17.82
1984-09-11,2.09,26.59
1985-02-25,2.09,11.9
1985-03-24,2.09,13.62
1985-07-18,2.09,30.33
1985-11-20,2.09,7.38
1986-03-16,2.09,12.23
1986-08-16,2.09,30.78
1987-06-25,2.09,29.5
1988-06-14,2.09,28.97
1989-08-15,2.09,28.22
1991-12-09,2.09,11.77
1992-06-19,2.09,28.37
1992-08-22,2.09,27.5
1994-08-19,2.09,30.42
1995-01-20,2.09,7.07
1995-08-19,2.09,30.42
1996-02-07,2.09,9.37
1998-04-02,2.09,15.81
1998-12-24,2.09,-2.86
1999-10-30,2.09,19.03
2000-12-18,2.09,4.04
2001-01-17,2.09,1.93
2001-04-03,2.09,15.45
2004-11-16,2.09,13.04
2005-10-26,2.09,16.46
2006-05-09,2.09,22.07
2009-07-09,2.09,28.56
2010-06-27,2.09,30.64
2010-07-21,2.09,30.99
2010-09-19,2.09,25.38
2011-10-28,2.09,13.63
2011-12-07,2.09,4.33
2015-10-02,2.09,22.53
2016-03-16,2.09,16.68
2016-12-07,2.09,4.35
2017-02-06,2.09,9.98
2017-04-19,2.09,21.07
2017-07-08,2.09,32.29
2020-01-26,2.09,8.86
2020-07-02,2.09,29.25
2020-07-15,2.09,30.94
2022-07-24,2.09,32.94
2024-06-29,2.09,29.64
1973-12-09,2.1,7.4
1974-07-24,2.1,30.41
1975-06-13,2.1,27.38
1976-09-19,2.1,25.67
1977-08-13,2.1,29.57
1977-09-04,2.1,28.62
1978-05-19,2.1,23.73
1978-11-11,2.1,10.74
1980-03-27,2.1,10.03
1980-06-21,2.1,27.71
1983-02-09,2.1,5.77
1984-06-11,2.1,25.55
1984-10-04,2.1,21.61
1986-01-30,2.1,7.63
1986-04-02,2.1,18.71
1986-12-11,2.1,3.1
1988-02-20,2.1,8.95
1989-01-01,2.1,6.07
1990-01-09,2.1,11.09
1990-02-28,2.1,10.45
1990-04-14,2.1,17.93
1990-05-11,2.1,19.59
1991-03-24,2.1,15.16
1994-10-22,2.1,20.16
1994-10-28,2.1,17.5
1997-10-11,2.1,21.77
2000-02-25,2.1,14.37
2000-04-19,2.1,18.95
2001-04-15,2.1,18.89
2001-04-24,2.1,20.07
2001-07-09,2.1,31.86
2002-05-11,2.1,21.0
2003-02-04,2.1,7.89
2004-09-19,2.1,25.52
2005-04-20,2.1,20.84
2005-12-05,2.1,2.88
2006-11-12,2.1,11.74
2008-05-25,2.1,22.24
2009-12-18,2.1,6.7
2010-04-30,2.1,18.52
2012-01-24,2.1,8.72
2016-01-20,2.1,3.4
2017-04-28,2.1,17.64
2017-05-10,2.1,22.32
2017-10-02,2.1,21.34
2021-01-13,2.1,7.93
2021-08-28,2.1,30.04
1973-09-09,2.11,25.61
1975-03-07,2.11,10.81
1978-04-23,2.11,16.23
1978-05-15,2.11,23.54
1979-03-18,2.11,13.01
1982-08-11,2.11,27.58
1984-08-13,2.11,29.85
1987-08-24,2.11,26.06
1987-10-27,2.11,18.19
1989-04-09,2.11,14.94
1990-06-19,2.11,30.36
1992-03-08,2.11,15.62
1993-08-08,2.11,27.6
1994-12-15,2.11,4.56
1995-09-08,2.11,24.88
1996-03-08,2.11,3.0
1996-05-22,2.11,25.37
1996-05-31,2.11,22.92
1996-12-26,2.11,1.32
1998-03-30,2.11,16.8
1999-05-03,2.11,20.01
2000-07-24,2.11,30.4
2001-12-06,2.11,12.67
2002-05-04,2.11,20.22
2002-08-24,2.11,29.86
2004-02-02,2.11,3.26
2004-06-19,2.11,26.02
2004-08-16,2.11,27.42
2007-03-16,2.11,15.5
2009-03-23,2.11,16.07
2009-08-11,2.11,30.77
2010-04-27,2.11,18.21
2011-10-14,2.11,21.5
2012-02-05,2.11,8.43
2014-05-24,2.11,25.43
2014-12-29,2.11,4.31
2017-04-13,2.11,20.48
2017-10-29,2.11,15.49
2018-04-17,2.11,14.26
2018-04-25,2.11,20.27
2018-08-16,2.11,30.5
2019-03-12,2.11,10.93
2021-03-31,2.11,15.21
2021-04-17,2.11,14.33
2021-08-22,2.11,27.86
2021-10-06,2.11,24.77
2022-08-15,2.11,30.29
2022-08-26,2.11,29.28
2024-05-29,2.11,26.51
2024-08-14,2.11,29.43
1973-02-07,2.12,6.18
1973-08-11,2.12,30.6
1974-02-15,2.12,8.75
1974-03-27,2.12,13.98
1974-10-13,2.12,19.84
1975-03-17,2.12,10.66
1975-07-06,2.12,31.32
1976-09-25,2.12,23.19
1977-07-28,2.12,29.5
1977-09-09,2.12,27.82
1978-04-07,2.12,18.45
1978-04-27,2.12,18.39
1978-10-26,2.12,16.75
1979-07-14,2.12,31.11
1980-05-14,2.12,20.7
1982-04-16,2.12,19.55
1983-04-01,2.12,14.08
1983-06-15,2.12,26.82
1985-03-23,2.12,11.76
1987-06-12,2.12,28.75
1990-02-21,2.12,8.22
1990-06-09,2.12,28.82
1990-07-25,2.12,28.35
1990-11-22,2.12,13.62
1991-04-26,2.12,18.91
1992-09-08,2.12,25.4
1992-09-18,2.12,26.55
1993-01-25,2.12,5.94
1993-04-06,2.12,12.36
1995-01-08,2.12,4.38
1996-07-28,2.12,29.76
1998-05-06,2.12,22.7
1998-05-30,2.12,26.97
1999-08-11,2.12,29.97
1999-11-20,2.12,14.28
2000-01-26,2.12,3.24
2000-04-15,2.12,16.66
2000-12-28,2.12,3.1
2001-07-10,2.12,32.12
2002-07-03,2.12,31.7
2003-02-13,2.12,8.14
2003-03-13,2.12,16.21
2003-05-03,2.12,20.95
2003-11-12,2.12,15.18
2004-02-18,2.12,9.59
2005-01-10,2.12,7.37
2006-12-24,2.12,7.75
2006-12-27,2.12,8.23
2007-05-09,2.12,25.33
2007-12-27,2.12,3.71
2008-12-15,2.12,3.69
2010-08-05,2.12,31.67
2017-07-05,2.12,31.89
2018-08-27,2.12,29.18
2020-01-15,2.12,7.81
2020-03-21,2.12,12.29
2020-06-04,2.12,29.81
2020-07-12,2.12,32.71
2021-05-26,2.12,25.89
2022-05-04,2.12,19.51
2023-04-05,2.12,14.63
2023-10-04,2.12,24.21
1973-01-11,2.13,-2.75
1973-05-29,2.13,23.98
1973-08-23,2.13,27.92
1973-11-15,2.13,15.52
1973-12-13,2.13,8.85
1974-01-29,2.13,9.06
1975-04-27,2.13,18.46
1975-06-24,2.13,28.27
1975-09-17,2.13,24.39
1976-12-11,2.13,6.31
1977-01-15,2.13,1.88
1977-07-03,2.13,29.73
1977-08-07,2.13,30.31
1978-03-25,2.13,12.12
1978-05-17,2.13,21.17
1978-11-23,2.13,7.38
1980-01-30,2.13,-1.75
1980-02-14,2.13,5.42
1981-07-14,2.13,30.93
1981-08-18,2.13,27.6
1981-08-28,2.13,28.49
1983-06-19,2.13,27.07
1983-09-15,2.13,24.94
1983-12-27,2.13,-1.62
1984-06-04,2.13,25.26
1985-07-20,2.13,30.48
1986-06-20,2.13,28.66
1989-01-14,2.13,4.29
1989-02-04,2.13,-4.29
1989-08-05,2.13,31.48
1990-07-09,2.13,30.54
1990-09-10,2.13,29.55
1991-12-04,2.13,4.96
1992-04-12,2.13,18.13
1995-06-25,2.13,28.43
1995-11-15,2.13,12.34
1996-10-09,2.13,22.64
1997-02-25,2.13,6.09
1998-07-10,2.13,31.42
1999-04-10,2.13,16.17
1999-07-03,2.13,29.27
2000-04-08,2.13,18.0
2000-04-21,2.13,20.65
2000-08-03,2.13,31.73
2003-07-07,2.13,30.85
2005-05-17,2.13,21.51
2005-11-13,2.13,15.84
2009-07-08,2.13,28.45
2009-08-05,2.13,30.65
2011-08-08,2.13,31.79
2011-10-27,2.13,15.03
2012-04-22,2.13,21.6
2013-06-05,2.13,25.86
2013-08-11,2.13,28.77
2014-08-02,2.13,29.18
2014-10-02,2.13,22.34
2015-09-12,2.13,27.1
2017-01-07,2.13,-3.45
2018-11-27,2.13,6.71
2019-03-31,2.13,13.34
2020-04-25,2.13,20.42
2021-05-22,2.13,22.47
2021-10-12,2.13,19.67
2023-01-16,2.13,8.36
1973-09-22,2.14,23.71
1973-12-22,2.14,4.95
1975-02-20,2.14,7.26
1977-11-28,2.14,7.84
1978-03-27,2.14,14.88
1979-04-21,2.14,19.43
1980-04-04,2.14,14.38
1980-05-08,2.14,20.0
1980-06-30,2.14,30.62
1982-09-02,2.14,29.42
1983-08-01,2.14,31.3
1983-11-26,2.14,7.86
1984-12-27,2.14,6.62
1984-12-29,2.14,10.56
1986-05-31,2.14,28.68
1987-08-16,2.14,28.78
1988-09-24,2.14,24.22
1989-01-09,2.14,1.81
1991-05-12,2.14,24.1
1992-01-06,2.14,7.43
1993-08-17,2.14,29.12
1994-02-18,2.14,13.04
1995-08-08,2.14,30.79
1996-01-08,2.14,2.44
1997-03-15,2.14,8.12
2000-09-13,2.14,28.88
2004-07-07,2.14,28.68
2005-12-18,2.14,0.72
2006-10-19,2.14,15.47
2006-11-22,2.14,13.87
2007-02-15,2.14,-0.17
2007-06-06,2.14,25.62
2008-07-27,2.14,31.18
2011-03-15,2.14,13.16
2012-06-08,2.14,26.48
2014-11-27,2.14,8.8
2017-11-17,2.14,13.65
2017-12-09,2.14,6.23
2019-07-01,2.14,30.17
2019-09-20,2.14,26.11
2022-04-07,2.14,16.59
2023-05-05,2.14,21.69
2023-05-28,2.14,24.95
2024-08-18,2.14,31.06
1973-12-16,2.15,4.93
1974-04-03,2.15,15.81
1975-05-06,2.15,19.01
1976-10-10,2.15,21.03
1978-05-24,2.15,24.66
1979-03-11,2.15,9.69
1979-04-05,2.15,12.87
1981-02-12,2.15,1.95
1981-08-14,2.15,29.49
1983-02-26,2.15,8.16
1983-07-24,2.15,31.01
1983-12-30,2.15,-2.14
1984-10-06,2.15,21.41
1985-09-08,2.15,26.65
1986-07-21,2.15,30.62
1986-10-23,2.15,18.81
1987-12-03,2.15,9.98
1988-04-23,2.15,16.28
1989-08-30,2.15,28.69
1993-06-12,2.15,26.84
1994-07-10,2.15,30.28
1994-11-30,2.15,7.51
1995-07-03,2.15,26.67
2000-08-24,2.15,30.69
2000-09-20,2.15,26.59
2001-04-13,2.15,16.39
2002-03-16,2.15,11.29
2002-08-30,2.15,27.97
2004-01-30,2.15,2.23
2004-05-17,2.15,23.06
2007-03-25,2.15,20.27
2008-09-01,2.15,27.43
2009-03-10,2.15,11.14
2009-08-17,2.15,28.63
2010-04-09,2.15,16.9
2010-04-28,2.15,18.13
2012-05-24,2.15,25.42
2013-02-25,2.15,7.78
2013-05-25,2.15,22.72
2013-06-13,2.15,29.24
2014-01-14,2.15,10.28
2018-03-17,2.15,11.94
2020-09-25,2.15,25.89
2020-10-23,2.15,18.01
2021-07-31,2.15,30.88
2022-10-17,2.15,19.11
2023-08-26,2.15,30.89
1975-08-21,2.16,28.03
1975-08-24,2.16,29.24
1978-01-13,2.16,2.17
1979-07-09,2.16,29.99
1980-03-25,2.16,10.27
1982-06-25,2.16,27.26
1982-09-10,2.16,27.93
1982-10-25,2.16,17.56
1984-10-08,2.16,22.29
1987-04-05,2.16,13.22
1987-06-01,2.16,26.52
1989-03-27,2.16,18.71
1990-06-11,2.16,27.16
1991-08-04,2.16,29.24
1994-06-22,2.16,30.32
1995-04-04,2.16,17.51
1997-09-27,2.16,24.55
1999-01-21,2.16,10.59
2001-03-29,2.16,11.79
2001-08-01,2.16,30.51
2002-07-09,2.16,32.08
2002-08-28,2.16,28.77
2005-07-14,2.16,32.41
2005-10-25,2.16,15.95
2007-08-31,2.16,30.12
2008-07-12,2.16,29.96
2009-01-29,2.16,4.89
2010-12-22,2.16,6.73
2012-03-13,2.16,18.37
2012-04-26,2.16,24.44
2012-07-06,2.16,32.04
2012-11-13,2.16,9.7
2013-01-01,2.16,2.16
2013-08-19,2.16,29.65
2014-07-13,2.16,31.07
2015-11-16,2.16,14.74
2016-02-02,2.16,8.7
2017-01-12,2.16,8.61
2017-06-03,2.16,27.53
2020-03-03,2.16,12.3
2020-11-16,2.16,13.4
2022-07-15,2.16,32.53
1973-12-30,2.17,5.22
1975-01-04,2.17,4.25
1977-06-12,2.17,27.2
1980-01-16,2.17,9.56
1980-06-06,2.17,26.39
1981-06-24,2.17,29.8
1982-06-03,2.17,22.42
1982-07-16,2.17,30.28
1983-07-16,2.17,29.48
1985-01-04,2.17,3.15
1985-08-24,2.17,28.98
1986-07-17,2.17,29.31
1988-04-07,2.17,21.16
1988-05-24,2.17,25.85
1993-02-17,2.17,-0.48
1993-08-14,2.17,29.02
1997-07-21,2.17,30.35
1998-07-29,2.17,31.32
1998-12-01,2.17,15.33
1999-07-15,2.17,29.25
1999-08-08,2.17,29.4
1999-12-03,2.17,11.62
2001-10-31,2.17,17.94
2003-03-15,2.17,17.05
2004-10-14,2.17,18.54
2005-07-01,2.17,30.48
2006-05-05,2.17,20.46
2007-08-07,2.17,30.52
2008-04-12,2.17,15.92
2008-07-28,2.17,31.32
2008-08-17,2.17,28.32
2008-08-18,2.17,29.0
2011-09-24,2.17,26.3
2012-05-03,2.17,24.39
2012-10-19,2.17,18.74
2013-08-06,2.17,29.74
2015-12-08,2.17,12.55
2016-10-28,2.17,20.37
2020-05-01,2.17,22.8
2020-07-10,2.17,31.55
2021-09-14,2.17,27.99
1973-07-29,2.18,30.04
1975-11-28,2.18,5.0
1976-06-03,2.18,25.69
1976-08-27,2.18,29.71
1977-05-15,2.18,23.21
1978-04-13,2.18,17.2
1979-08-02,2.18,30.57
1981-07-19,2.18,31.0
1982-06-14,2.18,25.51
1983-05-07,2.18,20.71
1983-11-09,2.18,12.98
1984-07-23,2.18,29.58
1984-08-04,2.18,30.15
1984-10-13,2.18,20.66
1986-02-22,2.18,7.88
1986-05-01,2.18,22.54
1987-08-07,2.18,30.43
1987-11-30,2.18,7.49
1988-11-03,2.18,16.73
1990-11-03,2.18,15.26
1991-05-22,2.18,25.21
1991-10-04,2.18,23.26
1992-12-07,2.18,2.64
1993-09-19,2.18,22.21
1995-04-08,2.18,18.82
1996-07-24,2.18,30.81
1997-06-19,2.18,28.2
1997-07-08,2.18,29.29
1997-09-29,2.18,24.52
1998-01-14,2.18,3.65
1999-04-16,2.18,14.62
2000-03-21,2.18,11.55
2002-06-26,2.18,32.32
2002-07-15,2.18,31.95
2004-02-04,2.18,2.9
2004-08-30,2.18,28.03
2004-09-14,2.18,26.28
2005-04-06,2.18,19.39
2005-07-04,2.18,30.17
2006-04-26,2.18,18.51
2012-05-28,2.18,25.5
2015-06-08,2.18,28.75
2016-02-15,2.18,8.02
2016-08-01,2.18,31.37
2018-05-26,2.18,28.97
2018-06-24,2.18,28.91
2018-11-09,2.18,8.51
2019-02-18,2.18,3.05
2020-11-28,2.18,11.18
2022-09-10,2.18,26.66
2022-12-09,2.18,9.03
2023-06-04,2.18,27.35
2024-05-01,2.18,21.68
1974-03-01,2.19,13.82
1977-06-17,2.19,29.08
1980-02-10,2.19,2.8
1980-07-21,2.19,32.25
1980-08-21,2.19,29.08
1984-08-09,2.19,31.24
1986-12-22,2.19,6.05
1989-07-23,2.19,30.08
1991-02-06,2.19,13.27
1996-07-19,2.19,30.52
1996-08-20,2.19,28.99
1997-06-24,2.19,28.51
1998-04-30,2.19,21.71
1999-05-14,2.19,20.67
1999-12-04,2.19,10.64
2000-07-11,2.19,30.75
2001-07-01,2.19,30.68
2001-09-15,2.19,23.96
2002-08-20,2.19,29.75
2003-12-06,2.19,6.5
2004-04-02,2.19,16.19
2004-10-26,2.19,16.86
2004-12-11,2.19,11.54
2005-02-12,2.19,9.86
2005-07-07,2.19,30.29
2005-07-17,2.19,32.63
2007-09-06,2.19,28.87
2009-04-26,2.19,20.49
2010-07-29,2.19,30.65
2011-03-28,2.19,9.3
2011-04-11,2.19,19.58
2013-09-16,2.19,25.38
2014-05-08,2.19,21.84
2014-05-29,2.19,27.22
2015-10-30,2.19,15.51
2016-10-15,2.19,21.49
2017-03-02,2.19,11.71
2018-03-22,2.19,12.63
2018-09-18,2.19,28.16
2020-01-19,2.19,5.55
2020-06-11,2.19,27.23
2020-11-13,2.19,11.88
2021-05-01,2.19,23.68
2022-11-28,2.19,10.67
2022-12-07,2.19,9.28
2022-12-20,2.19,2.02
1973-05-20,2.2,25.56
1974-12-20,2.2,6.39
1975-02-10,2.2,2.64
1975-11-02,2.2,17.62
1977-01-04,2.2,0.69
1977-05-07,2.2,22.07
1977-11-25,2.2,8.55
1978-07-25,2.2,31.31
1979-09-03,2.2,29.05
1981-04-12,2.2,20.37
1982-07-06,2.2,28.01
1983-08-29,2.2,31.42
1986-08-26,2.2,29.0
1987-11-02,2.2,18.16
1991-01-20,2.2,6.89
1992-09-23,2.2,25.48
1996-02-19,2.2,11.2
1996-04-14,2.2,15.59
1996-08-07,2.2,29.98
1997-01-07,2.2,1.6
1997-10-10,2.2,21.04
2000-03-03,2.2,12.42
2001-07-04,2.2,31.48
2002-01-19,2.2,3.75
2003-05-15,2.2,23.78
2004-08-14,2.2,26.85
2004-11-29,2.2,6.32
2006-06-19,2.2,29.9
2006-07-14,2.2,32.57
2006-10-15,2.2,17.24
2007-08-08,2.2,31.26
2008-04-19,2.2,20.06
2008-12-22,2.2,-0.85
2009-02-14,2.2,6.92
2010-02-24,2.2,4.16
2011-05-14,2.2,22.12
2012-04-20,2.2,20.13
2013-09-23,2.2,22.66
2014-08-04,2.2,29.16
2015-06-10,2.2,30.02
2015-08-21,2.2,28.45
2016-01-15,2.2,8.19
2016-08-06,2.2,30.26
2017-02-16,2.2,11.35
2018-10-02,2.2,22.75
2020-03-16,2.2,9.71
2021-06-10,2.2,29.36
2022-12-04,2.2,7.96
2024-05-26,2.2,25.08
2024-08-01,2.2,32.67
1973-05-06,2.21,19.16
1973-12-29,2.21,7.07
1977-08-05,2.21,30.0
1977-11-24,2.21,9.03
1978-02-12,2.21,2.64
1978-06-01,2.21,25.0
1978-08-27,2.21,29.0
1980-11-16,2.21,6.74
1980-12-10,2.21,5.62
1981-09-26,2.21,23.28
1982-07-27,2.21,30.67
1983-05-30,2.21,24.85
1983-06-11,2.21,27.03
1983-09-14,2.21,25.2
1984-08-05,2.21,30.55
1987-10-28,2.21,17.27
1989-07-04,2.21,31.19
1990-10-24,2.21,17.62
1992-01-19,2.21,1.31
1992-10-05,2.21,22.1
1993-06-03,2.21,22.52
1993-06-16,2.21,27.26
1993-10-13,2.21,18.18
1994-10-07,2.21,20.65
1995-08-15,2.21,30.56
1999-05-24,2.21,25.19
2000-05-13,2.21,21.52
2003-04-20,2.21,17.75
2006-06-14,2.21,28.01
2006-08-22,2.21,30.38
2009-10-08,2.21,18.44
2010-01-01,2.21,2.59
2010-10-28,2.21,16.14
2011-02-08,2.21,4.26
2013-02-10,2.21,7.12
2014-05-14,2.21,20.55
2014-07-14,2.21,31.29
2015-09-19,2.21,25.59
2016-01-18,2.21,2.08
2016-04-26,2.21,19.53
2016-08-26,2.21,27.96
2017-11-04,2.21,14.55
2020-06-27,2.21,30.7
2020-09-28,2.21,23.78
2021-01-07,2.21,7.47
2021-10-07,2.21,23.57
2021-12-15,2.21,12.39
2022-12-12,2.21,8.18
2024-09-03,2.21,28.41
1973-01-16,2.22,10.22
1973-03-05,2.22,11.41
1975-04-09,2.22,10.75
1975-12-06,2.22,12.35
1977-01-09,2.22,-2.67
1977-07-21,2.22,31.35
1977-07-27,2.22,28.96
1978-09-06,2.22,28.88
1979-01-06,2.22,-2.98
1979-08-24,2.22,27.47
1980-05-19,2.22,23.33
1983-07-18,2.22,30.82
1989-01-08,2.22,4.42
1991-05-14,2.22,25.45
1991-08-28,2.22,30.08
1991-09-20,2.22,20.66
1992-01-03,2.22,7.56
1993-08-21,2.22,28.87
1993-12-22,2.22,3.4
1994-08-03,2.22,30.25
1997-03-25,2.22,14.94
1998-07-14,2.22,31.85
1998-09-26,2.22,25.61
1999-09-20,2.22,23.8
2000-07-21,2.22,30.21
2001-08-24,2.22,29.88
2001-10-25,2.22,17.67
2004-03-16,2.22,13.83
2004-11-15,2.22,10.82
2004-11-17,2.22,14.33
2005-04-26,2.22,16.88
2005-06-06,2.22,26.59
2006-06-01,2.22,27.84
2007-04-04,2.22,17.66
2009-09-25,2.22,24.94
2011-01-26,2.22,6.15
2012-05-06,2.22,23.7
2012-10-29,2.22,14.49
2013-03-25,2.22,7.56
2013-10-08,2.22,21.85
2014-04-24,2.22,18.88
2014-08-07,2.22,29.5
2014-09-02,2.22,28.8
2014-12-05,2.22,9.51
2015-08-12,2.22,30.5
2017-10-10,2.22,20.11
2018-07-29,2.22,30.38
2020-01-13,2.22,6.51
2020-06-28,2.22,30.37
2020-08-14,2.22,31.57
2021-10-10,2.22,22.49
2021-12-10,2.22,9.87
2024-09-23,2.22,25.36
1974-03-22,2.23,8.93
1975-12-30,2.23,6.14
1978-11-25,2.23,8.78
1980-06-07,2.23,26.66
1982-03-13,2.23,14.96
1983-07-22,2.23,32.16
1984-05-24,2.23,25.65
1987-07-10,2.23,29.74
1988-05-31,2.23,24.93
1989-09-12,2.23,22.45
1990-11-23,2.23,13.59
1991-12-14,2.23,9.53
1993-06-02,2.23,22.63
1995-05-11,2.23,20.63
1995-06-23,2.23,28.27
1996-02-08,2.23,12.82
1996-11-23,2.23,7.39
1997-07-25,2.23,30.86
1998-04-03,2.23,15.36
1998-05-16,2.23,24.07
2000-07-17,2.23,30.7
2000-10-28,2.23,17.86
2001-05-16,2.23,25.85
2003-05-22,2.23,22.81
2007-09-05,2.23,29.79
2008-03-15,2.23,13.16
2009-06-13,2.23,25.9
2009-09-10,2.23,27.53
2011-10-11,2.23,20.96
2012-12-01,2.23,13.07
2013-07-20,2.23,31.9
2014-07-29,2.23,28.98
2015-08-17,2.23,30.45
2017-12-17,2.23,7.56
2018-08-08,2.23,31.79
2018-12-22,2.23,9.06
2021-02-27,2.23,10.63
2022-06-03,2.23,26.09
2022-08-04,2.23,32.44
2023-03-14,2.23,8.93
2023-12-27,2.23,7.81
2024-11-07,2.23,14.1
2024-12-16,2.23,10.45
1973-09-11,2.24,26.23
1978-01-12,2.24,-0.03
1978-02-01,2.24,-0.33
1978-03-26,2.24,12.82
1978-04-02,2.24,17.32
1980-04-10,2.24,16.16
1980-05-25,2.24,23.52
1980-06-16,2.24,27.65
1980-09-23,2.24,24.72
1982-06-11,2.24,26.32
1982-08-14,2.24,28.36
1984-09-14,2.24,26.9
1987-01-17,2.24,0.03
1992-06-18,2.24,27.61
1995-01-23,2.24,3.3
1998-06-26,2.24,30.4
1998-08-08,2.24,30.45
1999-05-25,2.24,24.26
2000-01-28,2.24,1.35
2003-06-15,2.24,27.93
2005-10-11,2.24,17.84
2006-05-01,2.24,21.13
2006-06-25,2.24,29.97
2007-04-22,2.24,20.5
2011-07-29,2.24,32.0
2011-09-16,2.24,20.58
2012-04-18,2.24,19.94
2012-05-07,2.24,23.1
2013-07-14,2.24,30.49
2014-08-08,2.24,29.52
2019-06-11,2.24,26.16
2020-06-18,2.24,27.22
2023-05-10,2.24,23.7
2023-08-28,2.24,30.29
1973-09-13,2.25,25.61
1974-05-27,2.25,24.85
1974-07-26,2.25,31.32
1975-09-26,2.25,22.08
1976-05-02,2.25,20.33
1977-03-18,2.25,12.51
1979-11-02,2.25,11.52
1982-03-04,2.25,7.44
1982-03-30,2.25,12.92
1982-06-22,2.25,27.45
1984-03-24,2.25,12.86
1984-05-26,2.25,24.11
1984-11-09,2.25,13.7
1984-11-12,2.25,11.28
1985-07-17,2.25,30.75
1987-02-13,2.25,12.62
1988-03-27,2.25,18.3
1989-05-22,2.25,26.57
1992-05-26,2.25,20.63
1992-09-11,2.25,26.15
1993-07-05,2.25,28.05
1993-11-16,2.25,10.68
1993-12-02,2.25,10.19
1994-06-11,2.25,27.98
1996-02-09,2.25,14.42
1996-06-14,2.25,29.53
1996-12-15,2.25,8.05
1997-09-20,2.25,24.87
1998-03-06,2.25,7.64
1998-05-24,2.25,23.35
1998-07-01,2.25,30.63
1999-02-02,2.25,8.41
1999-02-10,2.25,13.81
2001-06-03,2.25,24.38
2001-07-19,2.25,30.33
2002-04-10,2.25,18.7
2005-07-10,2.25,30.65
2009-04-17,2.25,16.43
2009-12-16,2.25,3.97
2010-08-30,2.25,28.0
2011-03-24,2.25,13.43
2011-06-15,2.25,27.79
2011-07-11,2.25,31.94
2012-09-13,2.25,25.74
2014-07-11,2.25,30.08
2015-03-26,2.25,15.77
2016-06-29,2.25,30.79
2019-09-23,2.25,25.78
2020-05-12,2.25,17.7
2023-03-27,2.25,11.63
2023-09-15,2.25,25.51
2024-12-14,2.25,6.77
1973-11-18,2.26,12.16
1973-12-31,2.26,1.82
1974-06-22,2.26,30.42
1975-05-24,2.26,24.59
1977-06-13,2.26,27.19
1979-11-01,2.26,12.73
1980-03-31,2.26,12.02
1980-11-23,2.26,9.71
1981-04-29,2.26,23.64
1981-10-10,2.26,17.88
1983-01-02,2.26,3.4
1985-01-28,2.26,2.54
1985-05-18,2.26,22.22
1985-06-25,2.26,28.19
1985-07-06,2.26,31.55
1985-08-02,2.26,27.79
1986-07-16,2.26,29.55
1987-01-26,2.26,4.77
1988-04-06,2.26,21.32
1991-07-10,2.26,29.37
1991-07-17,2.26,31.33
1994-11-16,2.26,11.83
1999-06-06,2.26,25.89
2000-07-05,2.26,29.04
2001-11-23,2.26,13.57
2002-04-01,2.26,17.35
2002-07-26,2.26,31.2
2004-02-23,2.26,10.29
2004-03-02,2.26,11.01
2006-04-02,2.26,17.8
2006-05-15,2.26,23.12
2008-02-14,2.26,7.21
2009-06-09,2.26,23.93
2010-03-31,2.26,18.78
2010-04-07,2.26,18.41
2011-03-14,2.26,12.98
2011-07-28,2.26,31.49
2011-08-01,2.26,32.48
2013-05-26,2.26,23.61
2013-08-01,2.26,29.51
2014-03-04,2.26,3.63
2014-09-18,2.26,26.32
2017-03-15,2.26,11.35
2017-12-05,2.26,11.3
2018-08-11,2.26,31.93
2018-08-13,2.26,30.8
2019-03-09,2.26,9.03
2020-09-03,2.26,29.82
2022-09-23,2.26,22.96
1974-01-03,2.27,-3.92
1974-01-07,2.27,0.12
1976-09-01,2.27,28.34
1978-10-14,2.27,19.52
1978-11-06,2.27,16.75
1980-11-15,2.27,8.6
1981-07-18,2.27,30.76
1981-10-11,2.27,18.3
1981-12-21,2.27,6.39
1982-08-31,2.27,27.5
1983-01-30,2.27,7.5
1983-02-13,2.27,8.39
1985-05-28,2.27,25.19
1986-03-09,2.27,13.17
1986-06-17,2.27,29.6
1986-08-24,2.27,28.21
1987-05-30,2.27,25.36
1989-04-27,2.27,21.26
1989-11-15,2.27,14.63
1990-04-06,2.27,14.86
1992-07-19,2.27,29.69
1992-08-01,2.27,29.34
1993-07-26,2.27,29.43
1993-09-24,2.27,23.4
1994-08-16,2.27,29.06
1998-05-28,2.27,25.67
2000-04-16,2.27,16.19
2000-06-11,2.27,27.06
2002-08-04,2.27,30.66
2004-10-06,2.27,22.15
2005-01-02,2.27,8.31
2009-09-09,2.27,27.08
2009-09-18,2.27,25.73
2010-08-22,2.27,31.38
2012-03-18,2.27,20.72
2012-05-05,2.27,24.61
2012-05-10,2.27,23.2
2012-08-05,2.27,31.51
2015-05-23,2.27,20.87
2015-06-22,2.27,30.55
2016-05-23,2.27,23.41
2016-12-25,2.27,8.53
2018-06-04,2.27,28.25
2018-10-17,2.27,15.37
2018-11-30,2.27,9.87
2019-09-19,2.27,26.66
2020-11-10,2.27,14.05
2021-12-27,2.27,9.32
2022-06-14,2.27,29.05
2022-12-16,2.27,4.5
2024-06-02,2.27,26.63
1973-09-30,2.28,24.17
1975-07-08,2.28,30.86
1975-08-25,2.28,28.69
1975-10-16,2.28,19.65
1976-03-01,2.28,12.4
1977-08-03,2.28,30.99
1977-09-03,2.28,28.13
1977-12-13,2.28,8.81
1978-02-06,2.28,2.5
1978-04-20,2.28,14.96
1979-06-24,2.28,27.71
1981-05-20,2.28,19.87
1981-07-30,2.28,28.55
1983-02-23,2.28,12.94
1985-09-05,2.28,27.69
1992-06-28,2.28,28.15
1992-11-26,2.28,5.67
1994-10-21,2.28,20.16
1995-02-27,2.28,11.84
1995-05-23,2.28,22.73
1995-07-19,2.28,29.52
1996-04-17,2.28,17.93
1996-05-19,2.28,27.06
1998-01-19,2.28,7.3
1998-04-07,2.28,15.5
1998-10-19,2.28,18.71
1999-04-02,2.28,14.43
1999-07-13,2.28,29.42
1999-08-23,2.28,30.4
2000-04-20,2.28,19.51
2000-05-25,2.28,27.21
2001-04-22,2.28,18.38
2001-06-28,2.28,29.64
2001-07-11,2.28,31.06
2001-08-15,2.28,29.89
2002-08-27,2.28,29.9
2002-10-05,2.28,20.66
2004-05-11,2.28,23.78
2005-02-02,2.28,6.36
2005-04-29,2.28,15.21
2005-07-16,2.28,32.22
2009-11-17,2.28,12.27
2010-04-26,2.28,19.02
2010-05-16,2.28,22.83
2010-07-19,2.28,31.84
2013-04-01,2.28,16.88
2013-06-27,2.28,31.18
2014-04-27,2.28,19.79
2014-08-01,2.28,28.99
2014-09-19,2.28,25.52
2014-11-22,2.28,10.0
2015-11-07,2.28,14.66
2015-11-20,2.28,12.18
2016-01-09,2.28,5.04
2017-07-06,2.28,32.59
2018-03-24,2.28,14.23
2018-10-13,2.28,16.21
2019-08-16,2.28,30.55
2024-12-18,2.28,11.12
1973-01-27,2.29,6.66
1973-06-07,2.29,28.02
1973-12-18,2.29,4.94
1974-07-08,2.29,30.5
1974-09-10,2.29,26.79
1976-04-21,2.29,19.9
1977-08-10,2.29,30.4
1979-05-06,2.29,19.32
1980-01-09,2.29,0.74
1980-08-05,2.29,30.0
1981-05-07,2.29,18.43
1982-07-23,2.29,31.29
1984-06-14,2.29,28.09
1985-07-15,2.29,31.57
1985-09-26,2.29,20.75
1985-10-14,2.29,18.97
1986-07-06,2.29,28.67
1986-08-09,2.29,30.48
1986-09-26,2.29,22.55
1987-09-05,2.29,26.52
1991-01-06,2.29,2.64
1991-08-07,2.29,29.17
1993-12-13,2.29,7.96
1994-01-29,2.29,4.4
1995-04-29,2.29,17.72
1995-12-16,2.29,9.4
1997-12-09,2.29,5.07
1999-10-28,2.29,19.72
2001-12-11,2.29,7.26
2002-01-30,2.29,6.49
2002-08-05,2.29,30.06
2002-08-15,2.29,31.13
2005-02-08,2.29,6.49
2005-05-15,2.29,21.94
2006-07-04,2.29,30.92
2009-03-11,2.29,10.01
2010-04-16,2.29,21.69
2011-07-15,2.29,29.59
2013-03-09,2.29,11.11
2013-03-18,2.29,11.4
2014-07-22,2.29,30.73
2015-04-08,2.29,17.54
2015-06-06,2.29,26.54
2015-06-07,2.29,27.08
2016-12-27,2.29,8.33
2019-07-14,2.29,31.5
2021-06-02,2.29,26.71
2023-08-30,2.29,29.84
2024-07-20,2.29,30.91
1973-04-04,2.3,12.14
1973-05-22,2.3,24.39
1973-11-09,2.3,11.57
1974-05-03,2.3,21.1
1974-07-06,2.3,30.14
1974-07-25,2.3,30.55
1975-06-26,2.3,27.46
1975-12-16,2.3,6.59
1976-08-10,2.3,28.68
1976-11-26,2.3,11.5
1978-05-21,2.3,25.28
1979-07-23,2.3,30.23
1979-08-18,2.3,27.19
1980-03-06,2.3,6.43
1981-09-03,2.3,26.92
1982-08-07,2.3,31.05
1982-09-01,2.3,28.45
1984-08-12,2.3,29.62
1985-04-30,2.3,23.19
1987-12-14,2.3,3.04
1989-04-26,2.3,21.54
1989-05-04,2.3,20.59
1989-06-20,2.3,30.21
1989-08-21,2.3,27.9
1991-04-20,2.3,16.74
1991-09-06,2.3,27.54
1992-07-10,2.3,29.03
1993-11-12,2.3,13.16
1995-03-23,2.3,16.16
1995-12-30,2.3,4.73
1996-06-20,2.3,28.94
1998-10-29,2.3,18.15
1999-08-05,2.3,29.43
2000-02-12,2.3,7.31
2002-05-03,2.3,19.84
2002-10-12,2.3,20.09
2004-09-22,2.3,21.91
2006-09-05,2.3,26.97
2012-01-11,2.3,10.98
2012-06-26,2.3,31.06
2015-07-21,2.3,30.41
2015-10-05,2.3,18.58
2016-05-09,2.3,21.99
2016-10-26,2.3,19.13
2016-11-03,2.3,20.14
2016-12-15,2.3,3.54
2017-07-26,2.3,30.31
2018-05-24,2.3,27.11
2018-10-04,2.3,24.26
2021-08-03,2.3,29.18
2022-05-28,2.3,26.5
2024-06-26,2.3,32.76
1973-07-02,2.31,30.6
1975-09-20,2.31,22.13
1975-09-25,2.31,21.89
1977-09-26,2.31,24.4
1978-06-06,2.31,26.54
1978-06-30,2.31,30.65
1979-06-05,2.31,27.31
1979-06-21,2.31,28.12
1979-07-06,2.31,27.44
1979-07-10,2.31,30.31
1981-02-09,2.31,4.38
1982-02-04,2.31,-0.64
1983-11-06,2.31,14.34
1984-07-19,2.31,30.02
1985-05-15,2.31,22.7
1987-01-01,2.31,5.64
1987-06-18,2.31,29.25
1987-09-09,2.31,27.16
1988-04-21,2.31,17.82
1989-07-28,2.31,30.74
1991-12-10,2.31,11.23
1993-02-09,2.31,8.14
1993-08-04,2.31,28.26
1995-06-28,2.31,28.3
1995-07-17,2.31,30.37
1996-02-22,2.31,14.21
1996-03-18,2.31,13.56
1996-05-06,2.31,21.65
1996-06-15,2.31,29.51
1997-09-16,2.31,26.7
1998-08-27,2.31,30.56
2000-04-17,2.31,18.01
2000-08-18,2.31,29.54
2001-08-19,2.31,30.03
2005-01-28,2.31,4.7
2006-06-15,2.31,27.9
2007-12-08,2.31,6.01
2008-04-09,2.31,15.27
2008-04-18,2.31,18.91
2009-07-03,2.31,29.17
2009-07-12,2.31,30.52
2010-06-30,2.31,29.29
2011-02-21,2.31,8.59
2011-08-16,2.31,29.57
2013-07-03,2.31,30.07
2014-01-06,2.31,0.94
2014-02-15,2.31,9.45
2014-12-20,2.31,5.53
2015-03-20,2.31,14.39
2015-07-16,2.31,29.47
2016-05-19,2.31,21.25
2019-01-13,2.31,4.88
2020-12-01,2.31,8.99
2022-01-06,2.31,4.3
2024-07-06,2.31,30.75
2024-08-17,2.31,30.99
1974-03-16,2.32,13.44
1975-06-16,2.32,26.82
1978-08-13,2.32,30.31
1980-04-30,2.32,20.19
1983-02-22,2.32,12.45
1983-05-04,2.32,19.43
1983-06-13,2.32,26.01
1984-09-12,2.32,26.21
1984-11-03,2.32,13.52
1984-12-20,2.32,5.97
1987-06-17,2.32,29.24
1987-07-15,2.32,29.58
1987-11-27,2.32,7.59
1990-11-08,2.32,8.42
1992-01-08,2.32,6.36
1992-09-26,2.32,21.84
1996-09-13,2.32,24.15
1997-01-04,2.32,12.12
1997-02-05,2.32,7.2
1997-08-15,2.32,29.29
1999-06-21,2.32,27.73
2000-01-31,2.32,3.48
2000-12-27,2.32,1.56
2003-08-06,2.32,30.59
2003-11-27,2.32,9.28
2004-11-19,2.32,13.6
2005-03-31,2.32,16.1
2005-12-25,2.32,11.43
2006-08-15,2.32,29.94
2009-07-17,2.32,30.63
2010-12-31,2.32,5.34
2011-05-31,2.32,25.56
2011-08-12,2.32,29.9
2011-09-23,2.32,25.07
2015-09-18,2.32,25.94
2016-08-27,2.32,27.89
2020-07-06,2.32,31.5
2022-03-16,2.32,16.72
2022-03-24,2.32,14.79
2022-11-15,2.32,5.87
1973-04-15,2.33,16.79
1973-05-23,2.33,24.36
1975-07-17,2.33,29.34
1975-08-19,2.33,27.37
1975-10-07,2.33,23.5
1976-08-08,2.33,27.95
1977-11-01,2.33,16.16
1981-09-27,2.33,23.59
1982-07-24,2.33,30.75
1982-10-06,2.33,22.32
1983-04-16,2.33,13.29
1983-07-06,2.33,29.51
1984-07-26,2.33,29.79
1984-10-28,2.33,16.46
1985-08-19,2.33,28.13
1986-04-18,2.33,15.42
1986-11-11,2.33,7.19
1987-08-04,2.33,31.77
1989-06-23,2.33,26.49
1991-01-31,2.33,4.99
1992-02-04,2.33,10.32
1992-02-17,2.33,10.03
1993-07-19,2.33,29.12
1994-02-21,2.33,8.84
1994-06-28,2.33,30.73
1994-11-02,2.33,15.76
1995-06-22,2.33,27.85
1998-02-19,2.33,8.81
1998-04-14,2.33,17.42
1998-06-28,2.33,30.47
1998-11-24,2.33,15.32
2000-02-24,2.33,14.58
2001-02-13,2.33,6.0
2003-06-24,2.33,27.34
2003-10-26,2.33,16.45
2006-01-10,2.33,9.08
2006-04-16,2.33,22.66
2010-03-14,2.33,11.5
2011-08-15,2.33,29.9
2012-02-14,2.33,6.4
2012-04-23,2.33,21.65
2013-07-29,2.33,27.24
2014-12-11,2.33,9.26
2015-01-31,2.33,6.71
2016-03-15,2.33,17.71
2016-04-11,2.33,17.25
2016-07-09,2.33,30.52
2016-09-09,2.33,28.31
2017-07-18,2.33,31.42
2019-03-07,2.33,5.34
2022-01-09,2.33,7.28
2022-01-20,2.33,5.09
2022-06-11,2.33,29.19
2023-08-11,2.33,30.04
1973-03-02,2.34,12.34
1974-01-17,2.34,12.51
1974-09-06,2.34,24.81
1975-09-05,2.34,27.47
1975-09-07,2.34,26.44
1975-11-29,2.34,6.27
1976-01-03,2.34,1.42
1976-08-14,2.34,29.34
1977-12-09,2.34,3.98
1979-06-04,2.34,27.06
1979-07-04,2.34,29.56
1984-04-29,2.34,16.87
1986-11-06,2.34,13.9
1986-12-18,2.34,7.15
1987-01-03,2.34,6.12
1987-02-24,2.34,6.54
1987-09-30,2.34,24.71
1989-08-01,2.34,30.08
1990-08-11,2.34,29.9
1994-01-02,2.34,6.95
1994-10-14,2.34,17.8
1995-08-07,2.34,31.32
1996-03-20,2.34,10.78
1998-04-10,2.34,15.82
1998-08-10,2.34,31.57
2000-09-11,2.34,28.64
2001-03-21,2.34,14.97
2003-08-07,2.34,30.86
2005-01-11,2.34,7.46
2005-05-16,2.34,21.32
2005-07-12,2.34,31.32
2008-08-15,2.34,29.23
2010-02-12,2.34,3.71
2011-11-03,2.34,14.21
2012-09-09,2.34,26.79
2013-01-15,2.34,0.59
2013-09-09,2.34,28.34
2014-08-28,2.34,28.75
2016-03-06,2.34,15.29
2019-05-23,2.34,21.08
2021-07-24,2.34,31.31
2023-11-10,2.34,13.64
1973-06-16,2.35,26.05
1975-02-19,2.35,6.75
1975-03-20,2.35,15.74
1978-06-19,2.35,28.53
1980-05-11,2.35,20.22
1980-09-13,2.35,26.56
1982-04-01,2.35,15.98
1982-06-24,2.35,27.82
1982-06-26,2.35,27.18
1982-11-05,2.35,10.67
1984-06-12,2.35,26.35
1985-09-20,2.35,23.18
1987-04-16,2.35,21.47
1987-09-14,2.35,26.33
1988-02-18,2.35,8.76
1989-05-01,2.35,19.09
1989-07-24,2.35,30.04
1989-09-16,2.35,25.52
1989-11-26,2.35,11.26
1990-08-07,2.35,28.99
1991-04-25,2.35,19.35
1993-01-18,2.35,3.57
1993-05-18,2.35,23.57
1995-03-15,2.35,17.81
1995-07-22,2.35,30.04
1996-05-09,2.35,22.57
1996-05-30,2.35,22.57
1997-09-11,2.35,26.57
2000-12-12,2.35,1.57
2001-06-23,2.35,29.21
2005-01-29,2.35,5.02
2005-07-05,2.35,30.26
2006-09-11,2.35,25.47
2007-11-13,2.35,16.38
2008-05-02,2.35,19.1
2008-10-09,2.35,21.19
2009-02-09,2.35,11.23
2009-03-09,2.35,13.62
2010-06-08,2.35,27.06
2012-03-17,2.35,21.2
2014-03-06,2.35,8.43
2014-08-18,2.35,29.89
2016-07-06,2.35,30.84
2017-03-24,2.35,16.07
2017-10-04,2.35,21.21
2017-10-05,2.35,21.93
2017-10-06,2.35,22.61
2017-11-02,2.35,15.73
2018-01-10,2.35,10.24
2018-07-16,2.35,31.5
2018-07-25,2.35,31.76
2019-03-30,2.35,14.5
2019-06-13,2.35,26.66
2020-07-16,2.35,31.25
2020-09-13,2.35,26.46
2021-12-14,2.35,11.68
2022-08-11,2.35,30.71
2023-02-08,2.35,10.49
1973-11-06,2.36,8.82
1974-06-23,2.36,29.35
1974-07-27,2.36,31.47
1975-04-23,2.36,19.51
1976-11-15,2.36,6.52
1977-04-22,2.36,20.49
1978-12-19,2.36,6.87
1982-11-26,2.36,5.58
1982-12-22,2.36,9.19
1983-01-19,2.36,1.91
1984-05-21,2.36,25.26
1984-06-29,2.36,30.52
1986-12-25,2.36,6.76
1991-09-15,2.36,26.23
1993-06-13,2.36,26.91
1995-04-24,2.36,15.74
1996-04-02,2.36,15.33
1998-10-01,2.36,24.16
2000-10-05,2.36,21.47
2002-05-29,2.36,27.49
2002-07-27,2.36,31.08
2003-12-05,2.36,7.49
2005-05-21,2.36,26.18
2007-03-01,2.36,9.36
2007-06-01,2.36,26.84
2007-10-06,2.36,23.14
2009-03-02,2.36,7.41
2009-08-28,2.36,29.33
2010-05-22,2.36,23.57
2011-01-18,2.36,7.84
2011-11-21,2.36,10.07
2012-08-20,2.36,28.62
2013-04-08,2.36,18.37
2014-04-03,2.36,15.1
2014-07-30,2.36,28.33
2015-03-22,2.36,16.47
2016-01-17,2.36,3.56
2016-09-24,2.36,24.5
2017-01-15,2.36,5.13
2017-06-15,2.36,28.61
2017-07-25,2.36,30.58
2017-09-19,2.36,25.56
2020-05-05,2.36,21.63
2020-07-11,2.36,31.94
2022-05-23,2.36,21.71
2022-08-09,2.36,31.47
2022-12-13,2.36,6.82
2024-05-25,2.36,24.38
1973-08-15,2.37,30.46
1975-05-11,2.37,23.45
1977-05-26,2.37,24.29
1979-07-31,2.37,30.72
1979-12-07,2.37,11.21
1981-07-07,2.37,30.44
1981-12-06,2.37,9.35
1985-12-03,2.37,1.25
1986-02-11,2.37,-1.03
1987-08-03,2.37,32.56
1988-08-05,2.37,30.67
1988-11-14,2.37,14.33
1989-08-27,2.37,28.13
1990-06-10,2.37,28.91
1990-09-17,2.37,24.08
1990-12-29,2.37,3.43
1991-05-29,2.37,26.66
1992-03-29,2.37,13.64
1992-05-24,2.37,23.33
1993-08-27,2.37,28.83
1994-01-05,2.37,4.84
1997-04-22,2.37,18.61
1998-01-17,2.37,6.11
1998-07-06,2.37,30.09
1998-09-16,2.37,28.6
1999-03-01,2.37,14.45
1999-07-20,2.37,30.1
2003-01-31,2.37,9.62
2003-04-30,2.37,20.35
2007-12-31,2.37,5.48
2009-03-08,2.37,13.37
2009-04-11,2.37,15.87
2010-03-25,2.37,14.94
2010-09-11,2.37,24.99
2013-05-09,2.37,23.12
2014-08-05,2.37,28.88
2014-08-29,2.37,28.83
2014-12-03,2.37,7.37
2015-07-24,2.37,30.3
2016-06-18,2.37,29.72
2016-12-03,2.37,7.28
2017-09-02,2.37,27.73
2018-05-15,2.37,26.49
2019-11-12,2.37,8.9
2022-04-17,2.37,15.38
2022-05-02,2.37,20.46
2023-09-05,2.37,29.61
2024-03-27,2.37,10.49
2024-07-07,2.37,31.29
2024-07-30,2.37,31.51
1974-01-04,2.38,-2.99
1978-09-19,2.38,23.13
1980-05-09,2.38,18.24
1980-10-15,2.38,17.55
1981-11-27,2.38,9.45
1982-04-02,2.38,16.53
1982-11-17,2.38,9.83
1983-05-23,2.38,24.28
1984-05-19,2.38,24.84
1991-10-24,2.38,17.98
1992-06-12,2.38,27.21
1992-07-06,2.38,28.73
1993-02-10,2.38,8.41
1993-07-06,2.38,28.37
1993-12-10,2.38,12.6
1994-11-09,2.38,14.54
1999-05-13,2.38,21.42
2001-06-11,2.38,29.04
2001-08-23,2.38,30.17
2004-10-10,2.38,21.65
2005-08-26,2.38,29.36
2007-05-17,2.38,23.12
2007-11-15,2.38,14.73
2008-07-03,2.38,29.79
2009-04-10,2.38,15.79
2012-03-19,2.38,19.23
2014-09-07,2.38,27.14
2016-04-29,2.38,17.3
2017-09-06,2.38,26.9
2018-03-06,2.38,9.62
2018-11-10,2.38,7.59
2018-11-25,2.38,10.87
2020-02-20,2.38,5.48
2020-11-14,2.38,12.27
2024-05-21,2.38,24.71
2024-06-10,2.38,27.8
2024-11-10,2.38,15.23
1973-01-17,2.39,10.86
1973-03-21,2.39,11.0
1973-10-28,2.39,17.22
1974-06-21,2.39,31.28
1975-01-20,2.39,7.58
1975-05-14,2.39,24.07
1975-08-05,2.39,30.69
1976-07-21,2.39,29.86
1979-05-23,2.39,23.72
1979-12-22,2.39,9.53
1980-08-18,2.39,28.32
1980-09-01,2.39,27.4
1981-11-20,2.39,10.33
1982-05-15,2.39,23.08
1982-12-17,2.39,8.67
1983-08-17,2.39,31.39
1984-12-03,2.39,5.91
1985-04-28,2.39,20.82
1985-08-26,2.39,29.11
1987-04-04,2.39,12.75
1988-02-15,2.39,8.81
1990-04-15,2.39,20.09
1991-06-14,2.39,27.39
1993-03-28,2.39,15.05
1993-06-04,2.39,22.26
1994-12-28,2.39,10.12
1996-02-27,2.39,7.84
1996-04-21,2.39,17.83
1996-06-06,2.39,27.96
1996-08-23,2.39,29.58
1997-09-12,2.39,25.85
1998-01-28,2.39,9.99
1998-07-22,2.39,32.03
2000-06-30,2.39,28.44
2000-08-01,2.39,31.63
2000-12-13,2.39,-1.03
2001-01-12,2.39,6.57
2001-04-06,2.39,17.54
2002-07-05,2.39,30.85
2002-07-08,2.39,31.77
2003-04-06,2.39,12.06
2004-01-04,2.39,5.99
2004-07-31,2.39,29.84
2006-07-07,2.39,28.43
2007-11-25,2.39,6.31
2008-05-07,2.39,23.7
2009-10-26,2.39,15.36
2010-07-07,2.39,29.58
2010-08-16,2.39,30.27
2013-02-21,2.39,3.47
2015-07-19,2.39,30.4
2015-08-08,2.39,29.43
2016-04-15,2.39,19.17
2017-10-11,2.39,19.95
2019-07-24,2.39,29.3
2020-03-23,2.39,12.4
2021-03-17,2.39,12.43
2021-12-06,2.39,12.77
2022-01-10,2.39,6.23
2022-06-05,2.39,26.01
2022-08-01,2.39,31.63
2024-05-16,2.39,24.24
1973-12-14,2.4,7.08
1974-07-30,2.4,30.27
1982-01-14,2.4,-0.69
1984-09-25,2.4,21.03
1984-11-24,2.4,10.84
1985-01-03,2.4,1.97
1986-07-26,2.4,30.72
1987-05-05,2.4,21.84
1987-07-17,2.4,28.64
1989-03-22,2.4,10.02
1996-06-22,2.4,28.42
1998-02-25,2.4,12.25
1998-11-26,2.4,15.48
1999-09-15,2.4,24.83
1999-11-03,2.4,15.15
2000-09-21,2.4,24.4
2000-11-26,2.4,8.62
2001-06-09,2.4,28.27
2006-01-30,2.4,10.9
2007-12-07,2.4,6.11
2009-06-27,2.4,30.35
2010-08-13,2.4,31.67
2011-03-21,2.4,16.24
2013-02-19,2.4,8.64
2013-08-15,2.4,27.9
2013-11-07,2.4,13.47
2017-04-17,2.4,21.72
2018-09-24,2.4,23.73
2023-05-19,2.4,24.3
2024-04-30,2.4,21.21
1973-03-20,2.41,12.12
1974-03-20,2.41,11.82
1975-08-31,2.41,28.14
1975-11-03,2.41,18.78
1975-12-15,2.41,7.86
1976-10-20,2.41,12.9
1977-05-03,2.41,22.17
1982-05-18,2.41,23.83
1985-04-26,2.41,18.16
1985-08-13,2.41,28.35
1985-09-10,2.41,24.64
1987-08-12,2.41,29.46
1989-05-15,2.41,21.29
1991-12-28,2.41,6.28
1992-01-27,2.41,7.19
1992-08-04,2.41,28.91
1993-08-15,2.41,29.42
1994-08-10,2.41,28.28
1995-07-31,2.41,30.78
1996-12-29,2.41,8.44
1997-02-08,2.41,3.95
1998-05-29,2.41,27.56
1999-06-05,2.41,25.75
2000-07-03,2.41,29.58
2001-08-16,2.41,29.88
2005-04-21,2.41,20.13
2005-09-16,2.41,26.36
2009-03-12,2.41,7.3
2009-05-13,2.41,22.78
2015-03-15,2.41,17.92
2016-04-13,2.41,17.33
2016-05-26,2.41,25.15
2017-04-23,2.41,18.67
2018-10-24,2.41,17.0
2021-02-07,2.41,3.94
2024-08-05,2.41,31.98
2024-09-25,2.41,27.04
1975-08-23,2.42,28.79
1977-06-14,2.42,27.6
1978-01-06,2.42,7.42
1982-09-20,2.42,22.54
1983-02-08,2.42,4.33
1983-12-10,2.42,6.96
1985-08-14,2.42,28.64
1988-04-30,2.42,20.37
1988-10-22,2.42,18.94
1991-03-28,2.42,14.53
1992-08-15,2.42,28.03
1996-06-27,2.42,27.85
1996-10-17,2.42,19.87
1997-04-21,2.42,19.8
1998-02-02,2.42,8.5
2002-10-07,2.42,21.56
2002-12-18,2.42,9.09
2004-03-26,2.42,19.5
2004-06-05,2.42,28.33
2006-04-01,2.42,18.09
2006-04-06,2.42,18.59
2007-12-30,2.42,4.64
2008-11-29,2.42,9.76
2009-07-27,2.42,30.81
2010-02-27,2.42,7.14
2010-08-01,2.42,30.67
2011-01-16,2.42,5.53
2012-01-12,2.42,7.4
2012-05-15,2.42,25.95
2012-07-25,2.42,32.08
2012-09-02,2.42,30.15
2013-01-28,2.42,9.17
2014-07-24,2.42,30.76
2014-11-04,2.42,14.49
2016-04-20,2.42,20.69
2016-04-21,2.42,22.21
2018-03-19,2.42,12.07
2018-07-07,2.42,31.02
2019-12-28,2.42,7.87
2020-08-31,2.42,28.07
2021-04-15,2.42,14.86
1978-08-05,2.43,28.52
1978-09-20,2.43,22.73
1980-08-14,2.43,29.61
1980-12-02,2.43,9.43
1981-12-27,2.43,5.02
1983-07-03,2.43,28.94
1984-03-25,2.43,13.79
1986-07-03,2.43,29.4
1987-09-07,2.43,26.74
1989-04-29,2.43,18.91
1990-06-08,2.43,27.9
1990-10-05,2.43,24.67
1991-09-18,2.43,24.99
1998-05-25,2.43,24.29
1999-03-04,2.43,11.03
2000-06-04,2.43,27.18
2001-07-13,2.43,30.1
2001-09-02,2.43,28.11
2002-09-07,2.43,28.29
2002-10-02,2.43,21.68
2003-07-06,2.43,31.39
2005-08-09,2.43,31.4
2007-07-01,2.43,29.47
2008-07-18,2.43,30.88
2009-06-15,2.43,26.35
2009-08-22,2.43,29.44
2010-01-18,2.43,8.74
2010-06-22,2.43,29.49
2010-08-24,2.43,29.46
2012-05-31,2.43,26.01
2013-08-27,2.43,29.76
2014-12-12,2.43,9.61
2018-07-05,2.43,31.35
2020-07-29,2.43,31.18
2021-07-30,2.43,31.75
2022-07-05,2.43,30.51
2023-05-01,2.43,20.78
2024-03-05,2.43,13.64
1976-04-15,2.44,19.9
1977-03-11,2.44,13.87
1977-07-10,2.44,29.87
1977-07-24,2.44,31.13
1979-02-13,2.44,6.06
1979-03-05,2.44,9.4
1982-08-27,2.44,28.19
1983-04-29,2.44,19.43
1984-06-15,2.44,27.79
1984-07-31,2.44,29.0
1985-04-29,2.44,22.54
1985-05-02,2.44,23.99
1986-01-26,2.44,7.02
1989-05-25,2.44,24.38
1989-08-31,2.44,28.19
1991-08-03,2.44,30.25
1991-11-23,2.44,8.64
1993-04-11,2.44,17.45
1993-07-12,2.44,28.85
1996-09-22,2.44,23.08
1997-12-10,2.44,4.78
1998-08-15,2.44,30.29
2001-05-18,2.44,25.19
2001-12-23,2.44,6.54
2002-05-07,2.44,22.6
2002-06-07,2.44,27.55
2002-07-25,2.44,31.34
2002-12-12,2.44,7.4
2003-10-11,2.44,21.3
2004-12-31,2.44,10.75
2006-05-31,2.44,27.42
2008-07-31,2.44,31.26
2009-04-29,2.44,19.28
2009-05-01,2.44,20.46
2009-07-13,2.44,30.36
2012-01-10,2.44,10.24
2012-04-14,2.44,17.94
2014-03-01,2.44,7.19
2017-03-26,2.44,15.99
2018-05-28,2.44,28.71
2018-06-28,2.44,31.17
2020-02-24,2.44,11.72
2020-04-01,2.44,15.48
2021-02-19,2.44,0.88
2021-06-12,2.44,28.34
2022-07-03,2.44,30.22
2023-01-23,2.44,4.28
2023-06-20,2.44,28.14
1977-10-23,2.45,18.7
1978-01-05,2.45,5.21
1978-06-20,2.45,28.45
1978-07-01,2.45,30.07
1979-07-01,2.45,29.11
1982-11-23,2.45,9.14
1983-03-13,2.45,12.95
1984-02-15,2.45,12.47
1986-02-23,2.45,8.9
1986-06-04,2.45,26.92
1986-11-23,2.45,10.19
1987-05-15,2.45,26.92
1989-01-26,2.45,7.4
1989-05-12,2.45,19.43
1991-06-05,2.45,25.61
1991-06-29,2.45,28.89
1991-09-07,2.45,28.03
1991-11-15,2.45,12.19
1992-09-05,2.45,25.91
1994-05-30,2.45,26.83
1994-07-09,2.45,29.7
1994-09-03,2.45,24.78
1996-05-23,2.45,24.47
1999-12-15,2.45,6.48
2001-10-05,2.45,21.82
2002-05-01,2.45,20.51
2002-06-09,2.45,26.67
2003-03-27,2.45,16.25
2003-05-20,2.45,22.15
2005-04-22,2.45,19.71
2005-06-17,2.45,27.57
2006-04-05,2.45,18.03
2006-04-17,2.45,21.74
2006-09-04,2.45,26.28
2007-05-23,2.45,23.1
2007-07-12,2.45,29.59
2007-07-29,2.45,30.81
2009-09-11,2.45,27.52
2009-09-15,2.45,26.18
2010-11-13,2.45,13.22
2012-06-21,2.45,29.75
2012-11-30,2.45,12.19
2013-06-21,2.45,28.12
2016-08-08,2.45,29.86
2017-02-22,2.45,16.19
2017-05-06,2.45,23.22
2017-05-13,2.45,22.67
2017-06-18,2.45,29.31
2019-01-07,2.45,10.05
2019-03-03,2.45,4.03
2019-06-05,2.45,27.91
2020-05-27,2.45,26.48
2020-06-05,2.45,30.0
2024-03-01,2.45,10.66
1975-05-01,2.46,17.88
1977-05-06,2.46,21.65
1979-04-24,2.46,19.62
1980-09-02,2.46,28.23
1984-08-10,2.46,30.73
1985-02-22,2.46,11.33
1985-05-17,2.46,22.93
1985-08-31,2.46,29.38
1985-10-09,2.46,15.25
1986-06-03,2.46,26.66
1986-06-29,2.46,30.3
1986-10-22,2.46,19.1
1987-09-11,2.46,26.81
1988-09-13,2.46,23.56
1989-10-21,2.46,16.72
1991-08-12,2.46,28.86
1998-12-08,2.46,8.1
2000-11-05,2.46,14.65
2002-09-18,2.46,25.75
2002-10-09,2.46,19.92
2004-02-17,2.46,6.88
2004-11-27,2.46,9.28
2005-05-06,2.46,20.98
2007-10-01,2.46,23.44
2008-08-25,2.46,29.56
2008-10-14,2.46,18.68
2009-05-08,2.46,24.05
2009-07-23,2.46,29.71
2009-10-21,2.46,17.35
2011-05-13,2.46,23.1
2011-06-12,2.46,26.8
2011-09-18,2.46,22.27
2012-05-02,2.46,23.65
2012-07-21,2.46,31.78
2014-08-20,2.46,29.63
2017-06-04,2.46,28.31
2018-07-13,2.46,31.55
2019-04-25,2.46,21.89
2021-10-02,2.46,23.35
2022-08-08,2.46,31.06
2023-04-29,2.46,20.54
1973-03-09,2.47,12.81
1973-06-28,2.47,30.3
1978-07-07,2.47,30.16
1981-02-17,2.47,15.44
1982-04-12,2.47,17.42
1982-10-01,2.47,19.93
1988-11-21,2.47,8.56
1989-04-30,2.47,18.55
1989-09-18,2.47,24.92
1990-08-15,2.47,28.96
1990-12-24,2.47,-2.95
1991-06-30,2.47,28.94
1992-01-05,2.47,7.27
1992-03-11,2.47,9.87
1994-06-05,2.47,28.09
1994-08-15,2.47,29.38
1996-08-10,2.47,29.81
1998-07-11,2.47,30.97
1998-11-15,2.47,14.37
1999-04-01,2.47,15.95
2000-09-12,2.47,28.67
2001-08-10,2.47,30.74
2002-03-13,2.47,14.53
2002-09-14,2.47,27.39
2002-12-10,2.47,6.88
2003-05-23,2.47,24.25
2004-04-11,2.47,14.69
2006-02-05,2.47,8.75
2006-03-29,2.47,15.04
2006-04-04,2.47,18.12
2006-04-23,2.47,22.45
2007-07-30,2.47,31.12
2008-04-29,2.47,19.32
2008-05-22,2.47,21.92
2009-11-10,2.47,17.0
2010-08-21,2.47,31.4
2010-09-17,2.47,26.26
2013-04-28,2.47,22.62
2014-08-09,2.47,29.32
2014-09-09,2.47,27.19
2016-07-27,2.47,32.41
2018-02-12,2.47,5.32
2019-04-06,2.47,17.25
2019-08-14,2.47,30.36
2020-02-19,2.47,7.7
2021-02-13,2.47,-2.62
2021-02-28,2.47,11.16
2022-08-17,2.47,29.91
2022-12-27,2.47,5.31
2023-08-03,2.47,31.03
1973-01-26,2.48,8.35
1973-04-22,2.48,19.14
1973-08-03,2.48,29.34
1975-05-20,2.48,24.36
1978-07-23,2.48,30.48
1979-02-19,2.48,2.53
1980-02-21,2.48,10.77
1985-07-16,2.48,31.11
1987-06-04,2.48,26.44
1988-04-04,2.48,19.46
1988-12-22,2.48,8.51
1989-09-11,2.48,23.66
1990-09-14,2.48,28.66
1990-10-13,2.48,19.19
1991-05-20,2.48,22.68
1991-07-09,2.48,29.59
1992-01-04,2.48,7.67
1992-05-16,2.48,25.44
1996-03-19,2.48,12.21
1999-06-16,2.48,25.16
2001-09-24,2.48,25.21
2003-07-30,2.48,31.35
2007-09-14,2.48,25.47
2007-12-24,2.48,6.19
2009-03-01,2.48,6.64
2009-09-14,2.48,25.83
2010-01-23,2.48,7.54
2012-10-15,2.48,21.49
2014-05-31,2.48,27.51
2016-09-19,2.48,28.15
2017-07-02,2.48,30.24
2018-08-09,2.48,32.12
2018-09-02,2.48,28.93
2019-08-09,2.48,29.98
2021-08-14,2.48,31.23
2023-09-25,2.48,25.08
2023-12-19,2.48,9.26
1974-02-20,2.49,10.24
1974-08-14,2.49,28.41
1974-12-04,2.49,7.42
1976-03-29,2.49,13.94
1976-09-02,2.49,27.45
1978-12-07,2.49,0.78
1979-04-20,2.49,18.49
1979-07-13,2.49,30.65
1981-09-25,2.49,22.91
1984-04-12,2.49,16.38
1986-08-31,2.49,25.58
1986-10-10,2.49,19.27
1988-01-08,2.49,-3.29
1990-09-15,2.49,27.59
1991-02-28,2.49,9.98
1991-06-16,2.49,27.83
1992-08-12,2.49,29.55
1994-10-12,2.49,19.16
1996-12-25,2.49,2.13
1997-02-26,2.49,7.86
1998-07-09,2.49,30.75
1998-08-07,2.49,30.36
2002-08-23,2.49,29.66
2004-09-29,2.49,23.26
2007-10-08,2.49,22.67
2009-09-16,2.49,26.64
2012-10-02,2.49,23.73
2013-11-17,2.49,14.5
2014-08-11,2.49,29.81
2014-09-08,2.49,27.44
2016-06-24,2.49,30.52
2016-10-05,2.49,21.19
2017-05-29,2.49,26.07
2017-09-20,2.49,25.3
2017-09-25,2.49,23.61
2017-11-09,2.49,9.77
2018-09-15,2.49,28.01
2018-10-28,2.49,18.25
2019-04-27,2.49,20.89
2019-11-08,2.49,11.31
2023-05-20,2.49,24.1
1973-03-06,2.5,11.72
1973-04-09,2.5,10.18
1973-08-31,2.5,29.49
1981-10-02,2.5,22.08
1981-10-16,2.5,17.63
1981-12-22,2.5,7.44
1983-08-30,2.5,30.91
1985-06-22,2.5,28.63
1987-01-23,2.5,2.13
1987-01-25,2.5,3.16
1989-05-11,2.5,20.53
1989-10-30,2.5,15.63
1993-08-03,2.5,29.47
1995-05-12,2.5,20.37
1995-07-26,2.5,32.01
1998-10-28,2.5,19.52
2002-04-15,2.5,24.12
2003-03-14,2.5,16.92
2003-04-17,2.5,18.16
2003-09-03,2.5,28.3
2004-05-25,2.5,23.29
2004-07-18,2.5,30.42
2006-09-16,2.5,23.81
2006-11-14,2.5,11.85
2010-07-15,2.5,31.28
2011-07-25,2.5,32.46
2012-06-15,2.5,28.98
2013-05-05,2.5,18.65
2014-09-29,2.5,23.22
2015-01-05,2.5,3.31
2016-04-16,2.5,18.32
2017-03-10,2.5,15.11
2017-07-14,2.5,30.81
2018-03-20,2.5,11.89
2020-05-29,2.5,27.71
2020-08-01,2.5,31.29
2022-11-10,2.5,13.97
2022-12-08,2.5,9.03
2023-12-04,2.5,10.97
1973-02-03,2.51,8.97
1973-06-20,2.51,26.32
1974-01-25,2.51,7.51
1978-07-24,2.51,30.88
1980-11-08,2.51,19.59
1981-02-20,2.51,17.17
1982-04-21,2.51,14.46
1982-06-13,2.51,25.26
1982-08-08,2.51,30.51
1985-09-06,2.51,27.65
1986-01-19,2.51,12.34
1987-08-10,2.51,30.64
1988-03-18,2.51,8.96
1988-05-09,2.51,21.89
1989-07-21,2.51,30.04
1992-08-05,2.51,28.17
1992-10-09,2.51,18.48
1993-04-17,2.51,16.38
1994-10-31,2.51,16.27
1995-09-18,2.51,25.3
1996-06-16,2.51,29.04
1996-08-11,2.51,30.12
1996-09-14,2.51,22.17
1996-10-20,2.51,15.63
1997-09-10,2.51,27.26
2001-05-23,2.51,24.05
2001-07-24,2.51,31.74
2002-03-30,2.51,17.43
2003-03-07,2.51,8.61
2003-07-31,2.51,31.38
2003-09-14,2.51,23.88
2005-03-16,2.51,9.06
2005-05-19,2.51,24.14
2006-05-08,2.51,21.39
2006-08-19,2.51,29.99
2008-02-23,2.51,7.31
2011-12-08,2.51,6.09
2013-05-18,2.51,24.69
2015-01-13,2.51,2.59
2016-03-02,2.51,13.07
2017-06-21,2.51,30.88
2018-04-22,2.51,18.23
2021-07-13,2.51,30.67
2023-10-14,2.51,17.81
1973-10-30,2.52,14.56
1974-04-14,2.52,16.95
1977-05-31,2.52,27.3
1977-09-12,2.52,25.54
1978-05-02,2.52,16.74
1980-02-22,2.52,11.07
1981-11-17,2.52,16.6
1983-11-03,2.52,18.29
1983-12-15,2.52,5.27
1987-09-15,2.52,26.45
1987-12-09,2.52,10.53
1989-07-05,2.52,31.76
1991-08-02,2.52,30.53
1992-02-05,2.52,9.23
1993-11-27,2.52,4.48
1994-09-18,2.52,26.94
1995-02-18,2.52,10.73
1998-11-03,2.52,12.38
1999-08-09,2.52,29.51
2000-06-06,2.52,25.52
2002-08-21,2.52,28.91
2005-04-28,2.52,16.58
2006-11-11,2.52,13.61
2008-09-15,2.52,25.21
2009-06-07,2.52,22.89
2011-12-14,2.52,7.81
2012-12-25,2.52,3.64
2013-06-22,2.52,28.48
2013-09-11,2.52,28.67
2017-01-08,2.52,-1.72
2017-09-27,2.52,23.55
2018-10-06,2.52,20.52
2018-11-16,2.52,10.53
2019-08-11,2.52,29.38
2021-08-27,2.52,30.29
1973-09-04,2.53,28.11
1975-05-13,2.53,23.03
1976-03-13,2.53,10.19
1977-06-21,2.53,27.74
1978-03-07,2.53,8.69
1979-07-22,2.53,29.85
1980-04-25,2.53,18.96
1980-08-20,2.53,28.95
1980-09-25,2.53,23.54
1981-01-07,2.53,5.7
1981-03-01,2.53,12.12
1982-02-13,2.53,5.02
1983-05-13,2.53,19.86
1984-06-23,2.53,28.75
1984-07-30,2.53,28.74
1986-09-21,2.53,23.07
1987-07-11,2.53,29.2
1989-05-13,2.53,18.92
1991-08-11,2.53,28.71
1992-09-19,2.53,24.62
1994-03-08,2.53,12.36
1995-03-27,2.53,12.99
1995-10-27,2.53,18.73
1996-06-17,2.53,29.32
1998-06-20,2.53,28.71
2000-06-10,2.53,27.1
2001-10-23,2.53,20.67
2002-05-28,2.53,26.81
2002-12-17,2.53,9.87
2004-05-18,2.53,24.34
2004-08-05,2.53,29.65
2004-09-23,2.53,23.47
2005-08-12,2.53,29.81
2007-06-05,2.53,26.92
2008-01-17,2.53,1.4
2008-06-08,2.53,27.14
2012-02-18,2.53,9.79
2012-06-07,2.53,25.71
2013-07-07,2.53,30.63
2013-07-18,2.53,31.09
2014-04-26,2.53,20.58
2016-07-10,2.53,30.42
2019-04-11,2.53,15.86
2019-05-25,2.53,23.51
2021-01-03,2.53,7.27
2022-12-01,2.53,6.85
2024-01-14,2.53,-1.17
1974-04-01,2.54,16.31
1974-09-08,2.54,26.76
1974-09-22,2.54,22.29
1976-01-25,2.54,6.78
1978-01-10,2.54,-2.03
1981-02-19,2.54,16.73
1982-06-01,2.54,23.46
1982-12-10,2.54,4.21
1983-02-18,2.54,11.08
1983-10-05,2.54,22.53
1986-10-06,2.54,20.29
1987-07-21,2.54,30.08
1987-09-06,2.54,26.46
1988-11-04,2.54,18.01
1989-08-29,2.54,28.73
1989-09-04,2.54,27.56
1990-06-07,2.54,27.31
1991-06-17,2.54,28.15
1991-07-23,2.54,31.3
1993-03-26,2.54,15.88
1993-09-08,2.54,26.2
1993-12-11,2.54,11.39
1994-06-09,2.54,25.55
1994-07-04,2.54,29.36
1994-09-22,2.54,24.34
1995-02-14,2.54,1.08
1995-09-21,2.54,19.91
1996-12-11,2.54,11.44
1997-05-08,2.54,22.2
2003-06-19,2.54,27.89
2004-07-17,2.54,30.58
2006-08-13,2.54,29.09
2006-08-20,2.54,29.95
2006-09-17,2.54,23.44
2007-06-30,2.54,29.11
2009-08-07,2.54,27.91
2010-06-21,2.54,29.08
2014-07-01,2.54,30.22
2014-08-14,2.54,28.29
2016-05-16,2.54,18.66
2016-12-11,2.54,4.6
2017-09-16,2.54,24.83
2019-06-25,2.54,27.51
2019-07-12,2.54,31.18
2024-12-25,2.54,9.17
1976-03-25,2.55,16.79
1977-09-27,2.55,24.96
1978-07-31,2.55,30.14
1981-05-15,2.55,21.26
1981-11-14,2.55,15.65
1982-04-04,2.55,12.97
1983-03-03,2.55,15.76
1983-06-22,2.55,28.7
1984-10-12,2.55,21.35
1985-08-23,2.55,28.41
1987-07-08,2.55,29.81
1991-09-05,2.55,27.76
1994-09-24,2.55,23.9
1998-11-09,2.55,9.25
1999-05-02,2.55,19.65
2001-10-24,2.55,20.01
2003-05-25,2.55,25.39
2005-08-16,2.55,28.54
2007-08-17,2.55,31.3
2007-09-15,2.55,24.27
2007-09-23,2.55,26.21
2007-10-27,2.55,16.96
2008-04-28,2.55,18.51
2009-10-16,2.55,16.18
2009-11-16,2.55,12.28
2010-01-26,2.55,5.68
2011-09-20,2.55,25.21
2011-09-27,2.55,25.88
2014-10-23,2.55,18.64
2015-11-08,2.55,14.04
2016-03-12,2.55,17.46
2016-05-03,2.55,20.05
2016-07-17,2.55,30.19
2019-02-03,2.55,10.62
2019-09-09,2.55,25.7
2020-07-23,2.55,30.78
2021-08-29,2.55,30.09
2023-09-13,2.55,25.45
2024-07-04,2.55,30.63
2024-11-23,2.55,11.51
1975-04-26,2.56,19.15
1976-03-16,2.56,11.34
1977-06-16,2.56,28.7
1977-09-07,2.56,28.37
1979-02-22,2.56,7.47
1979-06-03,2.56,26.01
1983-06-08,2.56,25.26
1987-04-13,2.56,17.59
1987-08-09,2.56,30.8
1987-12-19,2.56,4.8
1989-12-30,2.56,5.44
1993-07-17,2.56,27.75
1995-03-12,2.56,16.0
1995-11-28,2.56,8.39
1997-01-10,2.56,2.47
1998-09-03,2.56,30.42
1999-02-01,2.56,7.71
1999-09-11,2.56,26.88
2002-08-16,2.56,30.8
2004-08-29,2.56,27.4
2006-07-22,2.56,32.32
2006-09-03,2.56,25.78
2007-09-24,2.56,24.89
2008-07-14,2.56,29.67
2015-06-04,2.56,24.99
2017-07-13,2.56,31.05
2017-08-30,2.56,29.15
2019-02-27,2.56,5.82
2019-04-10,2.56,19.4
2020-11-26,2.56,11.38
2021-06-28,2.56,30.04
2022-08-18,2.56,29.95
2022-09-05,2.56,29.96
2023-04-16,2.56,19.2
2023-10-27,2.56,17.09
2024-07-03,2.56,29.93
1973-08-01,2.57,29.23
1973-09-08,2.57,25.44
1974-06-02,2.57,25.4
1974-12-21,2.57,7.15
1974-12-28,2.57,5.55
1975-08-18,2.57,27.66
1975-12-14,2.57,8.41
1976-02-19,2.57,12.09
1977-02-12,2.57,12.96
1983-09-16,2.57,25.07
1984-12-28,2.57,9.35
1985-05-23,2.57,24.97
1988-04-17,2.57,18.38
1989-08-02,2.57,29.58
1989-08-18,2.57,28.6
1992-05-21,2.57,24.85
1993-08-28,2.57,28.54
1994-10-13,2.57,18.29
1995-12-14,2.57,10.51
1996-06-18,2.57,28.82
1999-02-17,2.57,10.16
1999-03-08,2.57,7.2
2001-12-02,2.57,10.44
2004-04-30,2.57,19.43
2006-01-01,2.57,10.35
2006-10-07,2.57,21.47
2011-05-10,2.57,22.77
2012-07-19,2.57,32.55
2014-08-21,2.57,29.26
2018-09-17,2.57,28.34
2019-02-06,2.57,6.19
2019-02-16,2.57,6.11
2021-05-21,2.57,23.75
2022-08-06,2.57,31.46
2023-02-22,2.57,11.22
2024-11-08,2.57,14.67
1973-02-11,2.58,3.29
1973-04-23,2.58,19.57
1973-09-23,2.58,23.73
1974-12-25,2.58,4.15
1975-07-16,2.58,29.36
1975-08-04,2.58,30.77
1976-02-16,2.58,12.91
1977-01-07,2.58,0.67
1977-05-22,2.58,24.52
1977-10-31,2.58,17.07
1979-02-14,2.58,6.86
1979-06-07,2.58,26.1
1979-07-05,2.58,28.39
1980-05-10,2.58,19.01
1980-06-03,2.58,24.59
1983-08-11,2.58,30.74
1983-08-23,2.58,29.75
1983-11-05,2.58,15.05
1985-05-12,2.58,22.19
1987-02-25,2.58,5.46
1987-05-23,2.58,22.21
1988-06-29,2.58,29.71
1988-12-25,2.58,6.05
1989-06-29,2.58,28.75
1989-07-19,2.58,30.42
1989-09-01,2.58,28.37
1990-09-30,2.58,22.78
1991-09-11,2.58,25.51
1992-03-27,2.58,15.17
1992-05-23,2.58,24.13
1993-11-05,2.58,13.45
1995-05-31,2.58,24.95
1998-02-12,2.58,8.79
1999-04-03,2.58,14.65
1999-12-21,2.58,4.26
2000-02-28,2.58,14.47
2000-09-03,2.58,28.01
2000-10-30,2.58,16.02
2001-07-30,2.58,30.39
2002-04-13,2.58,21.61
2004-01-27,2.58,1.09
2004-05-29,2.58,24.61
2004-08-31,2.58,28.93
2005-11-22,2.58,13.06
2008-05-12,2.58,20.42
2008-12-26,2.58,7.33
2009-11-20,2.58,13.35
2011-01-10,2.58,0.15
2011-02-20,2.58,9.71
2011-04-21,2.58,17.19
2011-06-17,2.58,27.87
2011-10-07,2.58,21.03
2012-02-16,2.58,8.86
2012-09-14,2.58,25.36
2012-12-16,2.58,8.18
2013-07-12,2.58,30.29
2015-04-03,2.58,17.92
2016-01-08,2.58,6.26
2016-05-30,2.58,26.86
2016-07-15,2.58,31.02
2016-09-30,2.58,23.51
2019-04-30,2.58,17.32
2020-07-21,2.58,31.52
2020-08-11,2.58,31.85
2021-09-30,2.58,23.59
2022-08-31,2.58,30.97
2023-08-09,2.58,29.49
1974-04-21,2.59,19.62
1976-03-08,2.59,8.97
1976-05-30,2.59,24.28
1977-06-26,2.59,30.52
1977-09-15,2.59,24.76
1978-08-12,2.59,30.53
1979-07-07,2.59,27.42
1981-05-09,2.59,19.62
1981-07-20,2.59,31.66
1982-02-15,2.59,10.5
1983-10-11,2.59,20.18
1985-05-11,2.59,23.04
1986-08-22,2.59,27.9
1989-06-30,2.59,28.77
1989-09-21,2.59,24.25
1990-12-16,2.59,7.44
1991-05-23,2.59,25.38
1992-07-11,2.59,28.42
1993-01-14,2.59,1.69
1993-03-05,2.59,8.89
1995-07-16,2.59,30.77
1997-08-05,2.59,30.17
1998-03-29,2.59,16.93
1999-03-15,2.59,11.94
1999-04-28,2.59,19.88
2002-04-21,2.59,17.04
2003-04-19,2.59,16.4
2006-04-21,2.59,21.95
2006-08-31,2.59,27.52
2007-03-17,2.59,14.7
2008-06-03,2.59,26.82
2010-07-06,2.59,29.12
2011-06-16,2.59,28.23
2011-11-15,2.59,15.53
2012-04-13,2.59,16.86
2012-04-28,2.59,18.55
2014-01-30,2.59,4.49
2014-07-08,2.59,31.25
2014-10-16,2.59,21.26
2018-08-28,2.59,28.52
2021-05-09,2.59,19.82
2021-08-13,2.59,31.91
2022-07-08,2.59,31.21
2023-02-12,2.59,9.72
2024-06-20,2.59,27.7
1974-01-28,2.6,9.06
1975-05-15,2.6,24.57
1976-03-02,2.6,11.01
1976-10-29,2.6,11.6
1979-07-18,2.6,30.33
1980-09-12,2.6,26.4
1981-08-11,2.6,29.01
1986-02-14,2.6,3.07
1986-06-28,2.6,31.18
1986-08-13,2.6,28.35
1987-06-19,2.6,29.22
1989-05-09,2.6,23.93
1990-06-20,2.6,29.44
1995-02-11,2.6,6.06
1997-05-29,2.6,22.41
1998-05-10,2.6,20.95
2001-03-02,2.6,8.16
2001-03-16,2.6,10.55
2001-05-07,2.6,22.4
2001-09-18,2.6,24.9
2003-07-03,2.6,30.84
2005-12-28,2.6,11.03
2007-03-12,2.6,17.53
2007-07-26,2.6,30.54
2007-12-15,2.6,3.55
2008-06-13,2.6,26.78
2008-12-01,2.6,8.98
2008-12-27,2.6,8.31
2009-02-12,2.6,10.07
2009-04-02,2.6,13.64
2010-01-19,2.6,8.42
2012-03-04,2.6,10.31
2013-02-13,2.6,7.25
2014-12-15,2.6,9.27
2015-07-20,2.6,30.79
2017-02-28,2.6,10.98
2018-05-22,2.6,25.22
2018-06-26,2.6,29.19
2020-03-10,2.6,14.07
2020-05-09,2.6,18.96
2020-07-09,2.6,31.31
2024-03-28,2.6,11.95
2024-06-06,2.6,29.11
2024-07-21,2.6,31.01
1975-01-03,2.61,3.19
1975-04-11,2.61,11.69
1977-08-23,2.61,28.05
1979-11-09,2.61,10.29
1980-01-19,2.61,6.39
1982-01-24,2.61,3.89
1984-07-11,2.61,30.89
1984-10-11,2.61,22.14
1986-04-05,2.61,17.86
1986-05-20,2.61,23.95
1988-05-07,2.61,21.04
1991-07-13,2.61,30.4
1991-12-22,2.61,7.47
1992-07-05,2.61,28.36
1994-03-01,2.61,8.64
1996-05-18,2.61,26.27
1997-06-08,2.61,24.07
1997-07-10,2.61,29.24
1998-06-18,2.61,26.96
2000-11-01,2.61,16.37
2003-06-20,2.61,27.13
2004-04-03,2.61,15.72
2004-07-12,2.61,31.02
2005-03-20,2.61,11.47
2005-03-24,2.61,10.87
2006-10-11,2.61,17.56
2006-11-28,2.61,11.07
2007-05-26,2.61,24.36
2008-12-17,2.61,0.08
2009-07-07,2.61,28.53
2010-04-08,2.61,17.58
2010-06-23,2.61,30.34
2011-07-23,2.61,32.49
2011-08-14,2.61,30.11
2012-05-04,2.61,24.53
2012-07-16,2.61,31.31
2012-08-06,2.61,31.65
2016-07-05,2.61,30.28
2016-07-08,2.61,30.31
2017-05-02,2.61,19.78
2020-08-27,2.61,31.29
2021-09-29,2.61,25.23
2022-11-26,2.61,11.85
2023-08-21,2.61,29.88
1973-07-16,2.62,28.78
1980-08-31,2.62,27.59
1981-05-05,2.62,21.31
1981-08-27,2.62,29.2
1982-05-05,2.62,22.2
1982-06-02,2.62,22.73
1984-07-22,2.62,29.86
1985-08-03,2.62,27.92
1985-10-01,2.62,17.09
1986-12-03,2.62,8.5
1988-04-03,2.62,18.37
1988-05-22,2.62,24.87
1989-09-17,2.62,25.64
1990-08-05,2.62,30.12
1991-07-01,2.62,29.04
1993-05-01,2.62,19.52
1993-07-11,2.62,29.65
1993-08-13,2.62,28.63
1994-03-29,2.62,12.51
1996-09-21,2.62,22.15
1998-08-12,2.62,30.98
1999-07-08,2.62,30.08
1999-11-27,2.62,13.43
2000-06-27,2.62,28.03
2000-11-02,2.62,16.02
2002-07-14,2.62,31.96
2002-09-28,2.62,22.75
2002-10-23,2.62,13.31
2003-05-26,2.62,24.61
2006-03-14,2.62,11.48
2008-06-30,2.62,29.61
2009-05-28,2.62,24.41
2011-05-28,2.62,22.9
2012-04-30,2.62,21.04
2012-12-02,2.62,15.06
2013-04-05,2.62,15.16
2013-07-09,2.62,31.37
2014-03-02,2.62,5.0
2016-05-25,2.62,24.99
2016-08-02,2.62,31.36
2017-06-19,2.62,29.1
2018-06-10,2.62,29.09
2019-08-21,2.62,31.87
2021-10-11,2.62,21.54
2021-12-16,2.62,11.6
2022-03-12,2.62,7.22
2022-03-30,2.62,15.39
2022-07-31,2.62,31.33
2022-10-01,2.62,23.08
1976-08-03,2.63,26.8
1976-09-10,2.63,25.15
1976-12-06,2.63,5.53
1977-05-04,2.63,21.91
1980-02-08,2.63,3.44
1982-04-09,2.63,10.03
1984-06-17,2.63,27.7
1985-03-29,2.63,15.07
1985-10-04,2.63,20.94
1986-01-17,2.63,11.19
1987-02-14,2.63,10.98
1990-07-19,2.63,30.33
1990-08-25,2.63,28.55
1993-04-30,2.63,20.35
1993-10-19,2.63,17.45
1994-06-30,2.63,31.4
1995-01-18,2.63,6.25
1996-06-19,2.63,28.21
1997-07-28,2.63,31.41
1998-04-08,2.63,15.39
1998-05-11,2.63,21.54
1999-08-01,2.63,30.62
2000-03-22,2.63,13.32
2002-06-16,2.63,28.06
2002-07-24,2.63,30.68
2003-08-10,2.63,31.2
2003-12-25,2.63,7.6
2004-03-27,2.63,18.92
2004-05-15,2.63,21.42
2005-05-10,2.63,22.27
2006-09-14,2.63,25.93
2007-03-15,2.63,18.18
2007-10-25,2.63,19.42
2008-02-07,2.63,6.96
2008-08-22,2.63,28.7
2009-08-18,2.63,29.0
2011-10-12,2.63,21.65
2012-05-11,2.63,22.63
2013-03-12,2.63,11.82
2013-06-17,2.63,29.18
2017-06-29,2.63,28.93
2017-09-15,2.63,26.4
1974-03-17,2.64,13.26
1974-09-04,2.64,23.57
1974-09-21,2.64,23.62
1975-08-26,2.64,28.18
1979-07-17,2.64,30.68
1981-04-05,2.64,16.23
1982-04-06,2.64,10.43
1985-02-05,2.64,-2.57
1988-01-17,2.64,7.23
1988-03-29,2.64,14.39
1990-06-04,2.64,25.63
1990-07-24,2.64,28.41
1994-05-07,2.64,20.82
1994-05-16,2.64,23.84
1994-07-16,2.64,29.88
1995-07-20,2.64,29.74
1996-12-13,2.64,11.2
1999-09-03,2.64,27.05
2001-03-20,2.64,13.65
2001-07-18,2.64,30.1
2003-09-04,2.64,28.35
2003-11-03,2.64,14.16
2005-02-07,2.64,7.79
2005-05-14,2.64,22.08
2005-07-18,2.64,31.95
2005-08-17,2.64,28.96
2007-08-03,2.64,30.92
2009-06-14,2.64,26.38
2013-06-29,2.64,32.18
2014-08-30,2.64,28.83
2016-05-31,2.64,27.04
2016-10-04,2.64,21.65
2017-02-14,2.64,10.27
2017-09-28,2.64,23.62
2020-07-25,2.64,30.79
2024-03-16,2.64,14.62
1974-03-28,2.65,15.45
1976-02-02,2.65,9.07
1977-05-17,2.65,23.24
1979-12-23,2.65,8.38
1980-01-17,2.65,9.34
1984-09-04,2.65,26.76
1984-09-22,2.65,24.16
1985-02-08,2.65,0.44
1985-06-27,2.65,26.5
1986-02-13,2.65,0.27
1987-11-01,2.65,18.59
1988-06-26,2.65,31.46
1988-08-20,2.65,30.11
1991-09-26,2.65,23.5
1992-02-14,2.65,8.3
1993-02-08,2.65,8.91
1993-08-12,2.65,29.4
1995-07-24,2.65,30.67
1996-07-25,2.65,30.26
1997-06-26,2.65,29.02
1997-06-29,2.65,29.4
1997-10-31,2.65,17.71
1999-02-08,2.65,12.78
1999-09-27,2.65,23.64
2003-01-02,2.65,6.85
2003-06-02,2.65,25.33
2004-07-25,2.65,27.94
2006-07-26,2.65,32.83
2006-07-27,2.65,32.77
2006-09-19,2.65,22.08
2007-12-10,2.65,4.71
2008-09-09,2.65,25.31
2011-04-19,2.65,17.48
2011-07-16,2.65,30.64
2017-07-23,2.65,32.34
2017-11-16,2.65,12.82
2021-04-01,2.65,15.05
1973-10-14,2.66,21.97
1975-08-22,2.66,28.46
1975-10-09,2.66,20.53
1977-05-20,2.66,23.72
1977-07-05,2.66,29.97
1977-08-04,2.66,30.57
1978-08-07,2.66,30.8
1978-08-23,2.66,28.62
1978-12-01,2.66,7.45
1981-04-01,2.66,18.1
1982-05-23,2.66,23.97
1983-05-11,2.66,19.51
1983-08-18,2.66,31.11
1985-10-12,2.66,18.5
1985-10-24,2.66,19.65
1988-08-28,2.66,27.72
1991-08-13,2.66,28.51
1992-06-05,2.66,25.76
1992-12-31,2.66,5.4
1993-10-31,2.66,9.18
1996-05-08,2.66,21.77
1997-05-01,2.66,19.25
1997-06-25,2.66,28.46
1999-10-18,2.66,16.08
2000-07-12,2.66,31.09
2001-06-21,2.66,28.92
2001-10-15,2.66,19.22
2001-11-16,2.66,17.94
2003-06-10,2.66,26.99
2003-07-24,2.66,31.23
2007-09-08,2.66,27.96
2007-12-20,2.66,8.38
2008-10-22,2.66,16.68
2012-06-01,2.66,25.55
2013-07-17,2.66,30.18
2013-09-25,2.66,23.43
2019-02-08,2.66,3.94
2021-01-28,2.66,3.49
2022-05-30,2.66,25.28
2023-06-21,2.66,27.8
1973-01-12,2.67,0.42
1975-04-10,2.67,12.17
1975-04-29,2.67,16.87
1975-05-21,2.67,22.65
1976-05-22,2.67,23.95
1976-07-28,2.67,30.85
1976-10-08,2.67,17.01
1978-09-21,2.67,22.37
1979-07-19,2.67,29.81
1981-07-01,2.67,29.65
1982-11-11,2.67,12.45
1984-07-07,2.67,29.85
1984-08-11,2.67,30.11
1991-05-15,2.67,25.21
1991-07-08,2.67,30.4
1992-06-08,2.67,25.76
1992-06-13,2.67,26.33
1993-05-19,2.67,22.75
1995-04-10,2.67,14.11
1995-08-27,2.67,29.81
1996-01-17,2.67,10.44
2001-07-05,2.67,31.55
2002-11-13,2.67,12.27
2004-04-12,2.67,14.04
2008-08-10,2.67,29.06
2008-10-13,2.67,18.31
2009-08-15,2.67,28.83
2011-02-01,2.67,2.18
2011-06-10,2.67,26.38
2011-08-09,2.67,31.25
2013-03-06,2.67,8.84
2013-04-09,2.67,16.97
2014-02-14,2.67,9.46
2017-07-28,2.67,30.64
2017-08-23,2.67,29.65
2018-07-20,2.67,32.11
2018-08-15,2.67,29.85
2018-11-04,2.67,13.69
2021-04-16,2.67,14.05
2021-07-14,2.67,30.6
2021-09-03,2.67,26.77
2022-01-16,2.67,4.85
2023-01-22,2.67,4.45
2023-06-10,2.67,26.66
1976-01-28,2.68,7.43
1977-08-19,2.68,27.35
1977-09-08,2.68,28.48
1977-11-23,2.68,8.19
1980-06-25,2.68,29.89
1982-03-12,2.68,14.51
1983-10-14,2.68,17.73
1984-05-06,2.68,19.52
1986-05-19,2.68,23.3
1988-01-07,2.68,-3.44
1988-04-22,2.68,16.98
1988-07-10,2.68,31.55
1991-05-19,2.68,21.84
1992-06-25,2.68,28.92
1993-09-27,2.68,23.07
1994-06-26,2.68,30.92
1998-08-03,2.68,30.08
1998-11-22,2.68,12.73
1999-05-23,2.68,25.83
2007-03-28,2.68,18.45
2007-05-22,2.68,23.61
2008-12-09,2.68,7.59
2009-06-17,2.68,27.26
2010-06-07,2.68,27.84
2010-09-16,2.68,26.91
2011-06-29,2.68,30.22
2012-05-09,2.68,22.23
2012-07-14,2.68,31.4
2012-10-13,2.68,18.73
2013-04-03,2.68,13.39
2013-06-28,2.68,32.34
2013-08-07,2.68,29.96
2013-10-11,2.68,20.38
2016-10-31,2.68,19.72
2017-08-10,2.68,28.81
2021-07-16,2.68,30.62
2022-04-21,2.68,18.44
2022-06-27,2.68,29.18
2023-06-14,2.68,25.97
1976-04-26,2.69,16.37
1977-02-25,2.69,10.36
1977-05-09,2.69,23.12
1978-03-10,2.69,9.99
1979-06-06,2.69,27.08
1980-01-15,2.69,10.5
1980-10-19,2.69,17.14
1980-11-25,2.69,6.28
1985-07-19,2.69,30.49
1986-04-14,2.69,16.21
1986-07-22,2.69,29.97
1986-08-12,2.69,28.61
1988-08-30,2.69,27.43
1990-08-03,2.69,29.64
1992-04-16,2.69,19.8
1992-05-27,2.69,19.93
1992-10-29,2.69,15.56
1993-07-01,2.69,28.15
1993-09-20,2.69,22.88
1995-04-19,2.69,16.08
1996-04-01,2.69,14.23
1998-09-29,2.69,27.09
2001-04-04,2.69,15.09
2001-09-10,2.69,25.85
2003-03-26,2.69,16.99
2003-06-21,2.69,25.96
2006-06-11,2.69,26.3
2008-04-25,2.69,19.93
2008-10-16,2.69,19.17
2009-04-12,2.69,15.29
2009-06-02,2.69,26.01
2011-10-19,2.69,17.68
2015-09-10,2.69,28.71
2018-03-23,2.69,14.72
2020-10-28,2.69,10.2
2021-01-27,2.69,3.34
2021-09-16,2.69,27.69
2021-10-30,2.69,17.36
2022-07-27,2.69,30.94
2023-04-30,2.69,21.82
2023-09-22,2.69,24.87
2024-06-23,2.69,31.36
1973-08-14,2.7,30.45
1974-04-09,2.7,15.6
1974-11-10,2.7,12.46
1978-07-15,2.7,32.32
1982-04-27,2.7,19.51
1983-03-25,2.7,7.71
1985-06-16,2.7,28.88
1985-09-28,2.7,19.52
1986-09-23,2.7,23.9
1987-12-02,2.7,7.79
1989-08-23,2.7,29.05
1990-09-18,2.7,22.99
1993-03-30,2.7,15.98
1994-07-05,2.7,30.15
1995-01-12,2.7,10.7
1996-10-21,2.7,14.18
1998-05-26,2.7,24.36
1998-09-15,2.7,28.43
1998-12-22,2.7,0.68
2000-05-02,2.7,23.25
2001-09-21,2.7,26.29
2002-10-10,2.7,20.44
2002-12-16,2.7,11.38
2003-06-17,2.7,29.02
2007-02-26,2.7,8.39
2008-08-06,2.7,31.35
2008-09-06,2.7,25.18
2008-09-10,2.7,24.59
2009-12-31,2.7,2.83
2013-02-12,2.7,7.05
2015-05-22,2.7,20.11
2015-07-14,2.7,31.03
2016-06-13,2.7,28.36
2016-10-16,2.7,22.96
2017-10-03,2.7,20.74
2021-12-25,2.7,11.49
2022-07-07,2.7,30.66
2023-06-26,2.7,29.65
2024-01-12,2.7,3.84
2024-07-26,2.7,30.95
1973-07-11,2.71,31.73
1973-12-28,2.71,6.5
1975-06-06,2.71,27.5
1975-08-28,2.71,28.76
1978-05-29,2.71,26.05
1979-03-29,2.71,14.42
1980-12-25,2.71,4.51
1984-07-04,2.71,30.84
1985-05-31,2.71,25.03
1985-09-21,2.71,22.42
1986-11-07,2.71,12.47
1989-01-15,2.71,5.11
1989-08-14,2.71,28.74
1990-03-31,2.71,14.45
1992-12-05,2.71,2.74
1994-05-13,2.71,23.77
1994-12-09,2.71,4.89
1997-06-23,2.71,28.79
2002-09-10,2.71,27.75
2002-11-08,2.71,15.87
2004-11-11,2.71,13.11
2005-08-18,2.71,29.08
2006-06-24,2.71,30.05
2006-07-29,2.71,32.65
2007-03-23,2.71,18.38
2007-06-14,2.71,28.08
2008-07-07,2.71,30.33
2008-11-14,2.71,14.88
2010-03-22,2.71,13.92
2013-12-14,2.71,4.42
2016-07-31,2.71,31.58
2016-08-22,2.71,28.64
2018-01-23,2.71,8.23
2018-10-14,2.71,15.5
2022-08-16,2.71,30.14
2023-04-08,2.71,15.01
2023-05-06,2.71,21.12
2023-09-11,2.71,27.18
2024-03-03,2.71,14.17
1973-04-02,2.72,13.12
1975-08-06,2.72,30.16
1977-04-02,2.72,13.59
1979-03-21,2.72,12.63
1979-05-02,2.72,18.61
1979-09-28,2.72,25.87
1981-08-03,2.72,30.23
1982-01-02,2.72,3.59
1983-08-03,2.72,31.59
1984-03-26,2.72,13.05
1984-06-18,2.72,28.13
1986-03-10,2.72,14.79
1989-05-23,2.72,26.64
1991-07-03,2.72,30.82
1992-06-27,2.72,27.37
1993-03-03,2.72,9.61
1994-08-04,2.72,30.72
1995-04-09,2.72,16.83
1997-08-07,2.72,28.66
2000-04-25,2.72,19.64
2000-08-31,2.72,28.88
2004-10-21,2.72,16.82
2004-12-29,2.72,8.81
2006-08-14,2.72,29.47
2008-01-06,2.72,10.31
2008-04-26,2.72,19.03
2008-05-14,2.72,20.66
2008-10-05,2.72,21.27
2009-08-08,2.72,27.65
2011-07-13,2.72,30.24
2011-09-08,2.72,26.42
2011-10-08,2.72,21.06
2013-01-29,2.72,9.69
2013-05-27,2.72,24.24
2016-08-18,2.72,30.83
2019-01-17,2.72,5.66
2021-07-03,2.72,29.66
2022-02-17,2.72,10.78
2022-02-25,2.72,1.85
2022-07-19,2.72,32.9
2022-09-22,2.72,25.56
2023-03-15,2.72,9.9
1975-07-24,2.73,30.81
1976-07-29,2.73,30.7
1976-09-20,2.73,24.41
1977-08-26,2.73,26.82
1979-09-13,2.73,25.77
1981-04-14,2.73,20.11
1981-09-08,2.73,26.48
1981-10-04,2.73,18.69
1982-09-11,2.73,26.25
1984-06-19,2.73,28.38
1984-07-06,2.73,30.41
1984-10-24,2.73,12.64
1987-06-11,2.73,26.46
1987-11-18,2.73,10.75
1989-10-18,2.73,15.2
1989-11-07,2.73,15.2
1990-08-21,2.73,27.43
1993-06-06,2.73,22.66
1996-05-07,2.73,21.36
1997-03-13,2.73,13.23
1997-05-09,2.73,21.96
1997-05-19,2.73,24.83
1997-12-03,2.73,6.7
1999-03-03,2.73,12.48
2000-06-22,2.73,28.75
2005-03-21,2.73,12.44
2005-11-27,2.73,10.5
2006-11-13,2.73,10.81
2007-02-02,2.73,0.72
2008-10-15,2.73,18.77
2011-07-07,2.73,31.58
2011-07-27,2.73,31.08
2012-05-14,2.73,24.65
2013-05-24,2.73,22.93
2017-02-10,2.73,9.77
2017-08-05,2.73,29.11
2022-04-25,2.73,19.52
2022-06-04,2.73,25.97
2022-11-06,2.73,15.89
2023-05-15,2.73,23.71
2024-03-10,2.73,11.84
1973-02-15,2.74,3.98
1974-03-31,2.74,16.41
1976-07-30,2.74,30.17
1979-09-15,2.74,24.24
1981-05-12,2.74,19.19
1981-06-30,2.74,29.77
1982-08-12,2.74,27.07
1985-07-29,2.74,29.38
1985-08-18,2.74,28.6
1988-09-12,2.74,24.55
1989-09-02,2.74,28.23
1990-09-23,2.74,22.57
1991-06-21,2.74,27.94
1993-04-05,2.74,13.11
1994-09-02,2.74,24.29
1995-04-13,2.74,17.0
1995-10-22,2.74,17.09
1996-12-12,2.74,11.46
1997-03-06,2.74,10.19
1999-07-18,2.74,28.99
2002-03-26,2.74,10.71
2005-02-20,2.74,8.39
2008-02-04,2.74,8.53
2013-06-09,2.74,27.63
2014-06-20,2.74,28.12
2017-03-27,2.74,15.99
2019-05-03,2.74,19.86
2020-04-12,2.74,16.8
2020-05-24,2.74,24.52
2020-12-20,2.74,7.91
2021-08-08,2.74,30.58
2022-09-04,2.74,30.13
2022-09-06,2.74,30.21
2022-11-09,2.74,14.64
2023-01-10,2.74,9.16
2023-06-13,2.74,25.0
1973-06-30,2.75,29.07
1974-04-11,2.75,15.34
1974-09-12,2.75,24.41
1974-12-24,2.75,5.19
1977-04-24,2.75,22.24
1978-02-02,2.75,0.43
1978-04-16,2.75,16.45
1979-01-18,2.75,4.13
1979-01-26,2.75,0.11
1979-12-14,2.75,6.48
1986-08-08,2.75,30.52
1988-10-01,2.75,24.07
1989-02-28,2.75,7.13
1989-03-04,2.75,5.31
1990-05-14,2.75,21.37
1990-08-22,2.75,27.76
1991-08-14,2.75,28.8
1992-03-23,2.75,11.25
1996-06-24,2.75,27.85
1997-08-19,2.75,27.69
1998-08-04,2.75,30.21
1999-06-14,2.75,27.11
1999-11-25,2.75,10.47
2001-07-02,2.75,29.7
2002-12-11,2.75,7.87
2003-08-29,2.75,29.57
2004-07-26,2.75,28.09
2004-07-30,2.75,28.9
2008-02-02,2.75,5.89
2008-05-30,2.75,24.5
2009-07-14,2.75,29.41
2012-08-26,2.75,29.26
2012-12-03,2.75,15.82
2013-07-26,2.75,29.29
2013-08-03,2.75,28.8
2014-02-09,2.75,3.39
2014-06-13,2.75,26.28
2016-03-24,2.75,14.68
2018-08-29,2.75,28.44
1976-03-12,2.76,10.8
1980-08-19,2.76,28.69
1981-07-25,2.76,30.34
1984-10-27,2.76,17.47
1985-03-05,2.76,8.11
1987-04-15,2.76,19.66
1989-09-22,2.76,24.8
1990-02-03,2.76,7.08
1991-06-22,2.76,27.51
1992-07-30,2.76,29.45
1992-09-04,2.76,26.91
1992-09-07,2.76,24.95
1993-03-16,2.76,10.59
1993-05-03,2.76,20.41
1993-06-23,2.76,27.3
1993-08-16,2.76,29.18
1995-01-16,2.76,8.88
1996-07-29,2.76,29.52
1999-10-08,2.76,21.07
2001-03-05,2.76,9.07
2003-11-06,2.76,10.21
2004-06-01,2.76,25.08
2004-06-12,2.76,25.86
2005-07-15,2.76,32.34
2008-05-26,2.76,24.23
2008-10-23,2.76,14.94
2009-11-12,2.76,15.13
2010-05-19,2.76,22.36
2011-07-14,2.76,29.45
2012-01-20,2.76,5.55
2013-05-03,2.76,17.64
2014-07-09,2.76,30.43
2015-02-23,2.76,2.65
2015-11-09,2.76,14.36
2017-03-28,2.76,16.83
2017-04-01,2.76,14.93
2018-07-24,2.76,31.28
2019-07-17,2.76,31.26
2020-01-23,2.76,6.59
2020-03-24,2.76,13.87
2020-09-18,2.76,25.68
2021-12-07,2.76,7.98
2022-07-10,2.76,31.66
2024-04-17,2.76,21.16
2024-09-17,2.76,26.74
1973-06-15,2.77,25.92
1974-01-26,2.77,8.74
1976-05-24,2.77,22.3
1976-12-12,2.77,6.84
1979-08-01,2.77,30.39
1982-06-09,2.77,25.57
1983-03-17,2.77,10.27
1984-06-16,2.77,27.44
1985-05-21,2.77,24.28
1986-04-26,2.77,20.68
1986-05-16,2.77,22.16
1989-06-21,2.77,28.36
1989-08-07,2.77,29.43
1989-09-10,2.77,24.55
1993-02-15,2.77,3.67
1993-07-08,2.77,29.61
1994-09-16,2.77,26.47
1998-06-16,2.77,25.98
1998-06-30,2.77,31.65
2000-05-09,2.77,23.51
2000-07-10,2.77,30.57
2001-01-28,2.77,4.1
2002-07-22,2.77,31.8
2007-07-04,2.77,30.76
2008-12-16,2.77,-0.89
2011-05-04,2.77,19.1
2012-03-23,2.77,20.16
2012-08-27,2.77,30.04
2012-09-01,2.77,30.45
2015-02-07,2.77,11.57
2020-08-15,2.77,31.58
2021-08-01,2.77,30.05
2024-06-21,2.77,29.24
1973-07-26,2.78,30.14
1974-09-14,2.78,22.24
1976-06-15,2.78,26.42
1977-05-25,2.78,24.48
1977-09-06,2.78,28.64
1978-05-06,2.78,15.94
1980-05-21,2.78,25.96
1980-09-18,2.78,25.3
1981-01-28,2.78,8.0
1982-05-30,2.78,24.34
1982-07-09,2.78,28.8
1983-03-31,2.78,13.47
1983-04-05,2.78,10.11
1987-07-13,2.78,29.09
1988-12-27,2.78,4.49
1989-03-24,2.78,14.54
1989-09-15,2.78,24.29
1991-05-28,2.78,25.97
1991-07-11,2.78,29.52
1992-08-18,2.78,27.83
1992-10-08,2.78,18.49
1993-01-10,2.78,-0.56
1993-07-21,2.78,28.45
1994-12-16,2.78,6.01
1995-01-09,2.78,5.98
1996-05-15,2.78,23.14
1997-06-16,2.78,26.65
1998-01-13,2.78,3.67
1999-06-02,2.78,24.87
2004-09-27,2.78,25.2
2005-05-01,2.78,15.22
2005-12-09,2.78,0.88
2006-06-10,2.78,27.12
2006-11-17,2.78,12.57
2007-05-16,2.78,24.46
2007-08-25,2.78,29.7
2008-03-07,2.78,7.56
2009-11-30,2.78,10.77
2010-04-17,2.78,20.33
2011-06-18,2.78,27.97
2018-08-04,2.78,30.67
2021-10-09,2.78,23.15
2022-07-28,2.78,31.55
2023-06-25,2.78,29.08
1974-08-27,2.79,29.18
1974-12-27,2.79,3.58
1975-07-07,2.79,31.11
1976-05-29,2.79,24.26
1976-07-05,2.79,28.87
1977-08-27,2.79,27.0
1979-04-10,2.79,12.84
1979-04-27,2.79,18.85
1979-08-15,2.79,24.37
1982-10-20,2.79,16.66
1982-11-02,2.79,16.99
1984-09-09,2.79,26.36
1986-08-07,2.79,30.33
1989-02-18,2.79,2.31
1989-06-10,2.79,24.96
1990-01-01,2.79,6.65
1990-08-12,2.79,29.14
1990-08-13,2.79,29.01
1990-08-23,2.79,28.01
1996-03-29,2.79,10.46
1996-08-05,2.79,29.04
1998-04-04,2.79,14.83
1998-12-11,2.79,6.7
2001-07-29,2.79,30.16
2005-04-24,2.79,16.47
2005-04-25,2.79,15.54
2008-08-16,2.79,28.3
2010-09-03,2.79,28.62
2011-05-22,2.79,24.29
2011-08-07,2.79,31.64
2013-07-08,2.79,31.11
2014-05-11,2.79,22.46
2014-06-01,2.79,27.54
2014-12-22,2.79,8.35
2017-08-22,2.79,29.52
2019-12-02,2.79,6.59
2020-01-25,2.79,8.68
2020-06-24,2.79,29.77
2021-12-30,2.79,5.3
2022-01-07,2.79,2.47
2024-05-18,2.79,25.33
1973-07-14,2.8,29.04
1976-06-21,2.8,28.18
1977-06-25,2.8,30.07
1978-08-16,2.8,28.94
1978-12-30,2.8,-0.11
1981-12-20,2.8,3.33
1984-01-25,2.8,7.96
1986-02-20,2.8,10.88
1988-06-03,2.8,26.62
1990-07-26,2.8,28.44
1991-07-12,2.8,29.97
1992-07-20,2.8,28.68
1993-08-29,2.8,28.04
1994-06-06,2.8,28.32
1995-01-05,2.8,-1.47
1996-03-31,2.8,13.43
1996-05-12,2.8,22.04
1996-05-24,2.8,22.87
1998-08-06,2.8,30.33
1999-08-24,2.8,30.41
2000-01-25,2.8,4.6
2000-12-26,2.8,0.0
2003-06-25,2.8,27.54
2004-10-30,2.8,17.33
2006-05-06,2.8,20.54
2007-11-22,2.8,9.35
2018-08-03,2.8,30.46
1973-03-15,2.81,13.73
1973-03-29,2.81,11.65
1974-04-23,2.81,19.83
1976-09-16,2.81,24.78
1977-04-23,2.81,22.24
1977-05-27,2.81,24.14
1977-06-09,2.81,26.29
1977-08-22,2.81,28.18
1979-01-14,2.81,-1.12
1979-05-29,2.81,23.91
1981-05-14,2.81,21.1
1981-10-08,2.81,17.8
1981-10-23,2.81,14.22
1982-08-01,2.81,30.44
1983-03-20,2.81,8.65
1987-07-22,2.81,29.63
1990-11-06,2.81,11.36
1991-09-09,2.81,26.78
1991-11-21,2.81,13.3
1993-07-07,2.81,29.02
1996-04-20,2.81,18.75
1998-07-07,2.81,30.85
2003-03-16,2.81,17.28
2003-07-05,2.81,31.56
2004-08-19,2.81,27.66
2005-05-29,2.81,24.53
2005-06-09,2.81,25.89
2011-03-16,2.81,14.33
2012-03-31,2.81,20.65
2013-07-16,2.81,30.07
2015-11-12,2.81,13.34
2018-12-29,2.81,3.36
2020-05-22,2.81,22.94
2021-10-24,2.81,17.6
2022-07-26,2.81,30.78
1976-02-09,2.82,10.47
1977-12-02,2.82,9.07
1978-09-15,2.82,24.5
1979-03-31,2.82,14.13
1980-04-08,2.82,16.31
1981-08-08,2.82,30.08
1984-10-26,2.82,15.75
1985-03-22,2.82,12.18
1991-07-05,2.82,31.14
1991-07-28,2.82,29.22
1993-06-17,2.82,26.53
1993-09-13,2.82,25.5
1998-07-26,2.82,30.04
2001-05-20,2.82,25.19
2002-07-23,2.82,30.82
2003-01-30,2.82,7.97
2005-04-08,2.82,20.02
2005-06-14,2.82,27.17
2005-06-28,2.82,29.65
2005-12-16,2.82,3.79
2006-06-28,2.82,29.64
2007-07-13,2.82,29.86
2008-06-28,2.82,30.12
2009-04-14,2.82,16.34
2010-07-03,2.82,28.38
2010-08-31,2.82,27.41
2012-10-23,2.82,18.69
2014-12-21,2.82,6.47
2015-06-26,2.82,30.87
2017-08-03,2.82,29.72
2018-09-07,2.82,27.97
2020-12-30,2.82,6.2
2021-05-24,2.82,23.65
2022-03-19,2.82,15.58
2023-06-19,2.82,27.54
1973-02-10,2.83,1.62
1973-07-30,2.83,29.7
1974-03-02,2.83,15.46
1974-09-01,2.83,26.29
1976-06-30,2.83,29.36
1980-12-04,2.83,8.33
1981-05-24,2.83,24.18
1982-03-17,2.83,13.52
1983-10-01,2.83,21.29
1987-08-23,2.83,27.98
1988-06-27,2.83,30.24
1989-09-20,2.83,24.01
1990-02-23,2.83,12.19
1992-11-24,2.83,6.82
1996-11-20,2.83,11.11
1997-06-03,2.83,25.4
1998-05-12,2.83,21.77
1998-07-25,2.83,29.29
1999-09-04,2.83,27.11
2000-02-13,2.83,6.72
2000-07-30,2.83,31.39
2001-02-14,2.83,7.27
2004-06-03,2.83,27.15
2005-06-05,2.83,25.99
2008-04-06,2.83,15.73
2010-07-02,2.83,28.31
2010-11-25,2.83,6.92
2011-03-31,2.83,12.89
2015-11-10,2.83,14.34
2015-11-29,2.83,5.82
2016-01-10,2.83,3.11
2018-02-04,2.83,8.96
2024-04-09,2.83,17.29
2024-06-19,2.83,27.36
1977-02-27,2.84,8.97
1977-06-10,2.84,26.13
1978-03-04,2.84,0.91
1979-10-21,2.84,19.95
1981-09-02,2.84,26.76
1983-05-17,2.84,17.86
1985-10-08,2.84,17.37
1989-07-16,2.84,28.87
1992-09-10,2.84,26.72
1998-07-15,2.84,31.82
1998-11-08,2.84,8.56
2000-02-15,2.84,10.32
2000-04-14,2.84,18.23
2000-09-02,2.84,27.9
2006-02-11,2.84,6.02
2008-07-11,2.84,30.62
2009-03-15,2.84,11.99
2011-08-10,2.84,30.49
2012-01-19,2.84,4.94
2012-12-15,2.84,8.26
2013-05-23,2.84,23.16
2015-12-17,2.84,7.04
2016-09-07,2.84,27.6
2016-12-12,2.84,6.44
2019-07-21,2.84,31.47
2019-10-03,2.84,21.74
2020-01-04,2.84,9.35
2020-10-27,2.84,7.7
2020-11-15,2.84,13.65
2022-05-01,2.84,20.08
2022-07-30,2.84,30.86
1974-08-31,2.85,27.02
1975-08-16,2.85,28.62
1976-04-01,2.85,15.44
1976-05-14,2.85,24.2
1978-11-13,2.85,9.57
1979-01-25,2.85,1.09
1980-01-18,2.85,8.17
1982-12-06,2.85,10.71
1985-06-07,2.85,27.47
1986-02-07,2.85,4.83
1987-05-17,2.85,25.43
1987-05-18,2.85,24.78
1988-12-21,2.85,8.94
1991-07-24,2.85,30.13
1991-08-15,2.85,28.91
1992-08-11,2.85,31.22
1994-01-12,2.85,5.54
1994-09-04,2.85,24.57
1995-03-26,2.85,13.13
1996-08-09,2.85,30.31
1996-12-16,2.85,6.0
1997-08-09,2.85,28.63
1998-01-24,2.85,6.4
2000-04-18,2.85,19.07
2001-09-04,2.85,29.83
2001-11-26,2.85,10.74
2004-06-14,2.85,28.0
2004-06-24,2.85,27.66
2004-10-18,2.85,16.94
2008-06-14,2.85,28.21
2010-08-18,2.85,30.39
2012-06-05,2.85,27.98
2013-07-28,2.85,27.17
2016-06-16,2.85,28.43
2017-01-17,2.85,7.78
2018-07-26,2.85,31.49
2019-09-28,2.85,24.3
2021-05-20,2.85,24.19
2021-09-19,2.85,27.84
2023-08-13,2.85,30.83
1973-09-01,2.86,28.04
1975-06-07,2.86,27.01
1979-02-18,2.86,-0.19
1980-05-24,2.86,23.59
1983-04-13,2.86,12.9
1986-12-02,2.86,7.85
1990-04-21,2.86,21.66
1993-02-25,2.86,1.35
1995-06-02,2.86,26.44
1997-05-02,2.86,18.46
1997-10-14,2.86,17.63
1999-05-07,2.86,20.78
1999-06-15,2.86,26.48
2001-05-28,2.86,26.0
2001-08-14,2.86,30.19
2002-06-13,2.86,28.23
2003-10-28,2.86,17.56
2003-11-04,2.86,13.32
2004-11-22,2.86,9.69
2008-08-21,2.86,28.02
2009-01-08,2.86,7.94
2010-02-09,2.86,2.59
2010-07-23,2.86,30.81
2011-05-30,2.86,24.26
2011-09-26,2.86,26.0
2014-09-13,2.86,21.08
2015-04-15,2.86,19.61
2015-08-23,2.86,28.43
2016-07-01,2.86,29.37
2017-06-20,2.86,29.88
2017-11-19,2.86,12.11
2018-01-29,2.86,9.3
2018-09-16,2.86,28.27
2018-11-15,2.86,8.99
2019-08-22,2.86,30.69
2021-06-03,2.86,28.03
2022-08-24,2.86,29.56
2024-03-08,2.86,12.03
1974-05-20,2.87,22.57
1975-09-06,2.87,27.16
1977-09-18,2.87,24.42
1978-11-12,2.87,8.76
1979-05-12,2.87,20.23
1980-03-14,2.87,9.81
1981-06-01,2.87,25.2
1981-09-04,2.87,26.57
1981-12-25,2.87,3.66
1982-07-03,2.87,28.2
1983-06-05,2.87,24.31
1983-11-17,2.87,11.38
1985-07-23,2.87,29.7
1985-09-03,2.87,27.56
1988-12-24,2.87,7.22
1989-07-01,2.87,29.12
1993-12-21,2.87,4.18
1994-10-19,2.87,18.57
1995-01-06,2.87,1.37
1998-08-05,2.87,30.11
1998-08-17,2.87,30.09
1998-09-22,2.87,23.41
1998-11-21,2.87,11.17
2000-05-11,2.87,22.54
2001-08-11,2.87,30.01
2002-09-08,2.87,27.78
2008-04-24,2.87,21.23
2010-09-01,2.87,28.26
2012-08-31,2.87,30.53
2013-04-29,2.87,22.86
2014-02-12,2.87,2.95
2014-06-05,2.87,28.16
2015-11-03,2.87,18.49
2017-07-27,2.87,30.82
2018-01-08,2.87,7.19
2024-08-15,2.87,30.01
1973-02-09,2.88,2.14
1973-08-13,2.88,30.91
1974-11-05,2.88,12.57
1975-03-16,2.88,9.6
1976-07-31,2.88,29.66
1977-09-30,2.88,22.09
1978-07-04,2.88,29.13
1980-01-22,2.88,5.41
1980-05-20,2.88,24.68
1981-12-23,2.88,5.81
1984-09-23,2.88,23.27
1985-05-01,2.88,24.33
1986-12-07,2.88,6.3
1989-08-24,2.88,28.32
1990-01-26,2.88,8.47
1996-01-07,2.88,0.08
1996-12-10,2.88,10.5
1997-01-22,2.88,9.3
2000-11-04,2.88,14.63
2002-07-13,2.88,31.79
2002-11-12,2.88,12.58
2003-10-12,2.88,20.63
2005-04-03,2.88,17.1
2005-09-15,2.88,26.17
2006-08-02,2.88,30.47
2007-03-27,2.88,20.16
2008-08-23,2.88,29.08
2009-05-09,2.88,22.94
2010-08-19,2.88,30.37
2011-04-12,2.88,19.55
2014-04-19,2.88,18.86
2014-08-10,2.88,29.56
2018-09-23,2.88,24.15
2019-10-25,2.88,15.19
2024-03-07,2.88,13.33
1976-05-01,2.89,19.51
1977-11-29,2.89,8.3
1980-10-27,2.89,11.21
1981-03-31,2.89,17.09
1981-05-29,2.89,25.74
1983-02-14,2.89,9.6
1984-05-22,2.89,25.08
1984-08-23,2.89,28.58
1988-06-01,2.89,25.48
1991-04-10,2.89,17.7
1992-06-07,2.89,25.23
1992-10-16,2.89,17.58
1994-10-02,2.89,22.79
1996-01-03,2.89,3.38
1997-01-05,2.89,9.49
1997-02-22,2.89,9.74
1997-06-12,2.89,26.35
1999-07-17,2.89,28.71
2003-12-24,2.89,8.45
2004-11-30,2.89,5.45
2005-01-09,2.89,5.65
2005-12-30,2.89,9.13
2006-07-11,2.89,30.42
2007-09-10,2.89,25.31
2008-02-05,2.89,8.96
2010-03-10,2.89,11.62
2010-08-14,2.89,31.02
2011-04-24,2.89,18.37
2011-07-12,2.89,31.38
2011-12-06,2.89,3.55
2013-06-11,2.89,29.11
2013-07-30,2.89,27.97
2014-06-24,2.89,28.79
2017-07-22,2.89,32.41
2019-11-07,2.89,13.4
2021-09-15,2.89,27.84
2023-12-17,2.89,11.02
1973-07-25,2.9,30.06
1977-07-30,2.9,30.68
1980-05-23,2.9,25.41
1981-05-25,2.9,24.22
1981-05-31,2.9,25.1
1983-07-01,2.9,28.83
1985-06-04,2.9,24.73
1986-05-28,2.9,25.72
1986-09-01,2.9,25.29
1986-09-20,2.9,22.73
1988-08-22,2.9,29.19
1991-04-22,2.9,16.07
1991-05-13,2.9,24.76
1994-05-27,2.9,23.35
1995-08-26,2.9,29.53
1995-09-16,2.9,27.19
1999-08-25,2.9,30.3
2002-10-16,2.9,17.12
2004-05-03,2.9,21.51
2004-06-13,2.9,27.21
2005-08-19,2.9,29.01
2009-12-26,2.9,2.8
2010-05-21,2.9,23.4
2011-04-22,2.9,17.41
2012-12-29,2.9,1.63
2013-06-23,2.9,28.83
2015-06-03,2.9,24.78
2016-06-07,2.9,28.93
2016-08-10,2.9,30.31
2017-01-01,2.9,6.57
2017-01-10,2.9,6.56
2017-05-12,2.9,23.15
2018-08-17,2.9,31.03
2018-10-05,2.9,20.1
2020-07-24,2.9,30.52
2021-06-07,2.9,28.79
2021-07-06,2.9,31.31
2023-01-26,2.9,4.83
2024-01-07,2.9,4.57
2024-05-23,2.9,24.18
2024-12-11,2.9,7.44
1973-04-21,2.91,18.38
1976-05-28,2.91,24.2
1976-06-14,2.91,26.77
1977-08-14,2.91,29.13
1978-07-27,2.91,31.65
1978-11-28,2.91,5.2
1979-08-25,2.91,27.51
1982-07-12,2.91,29.92
1983-03-16,2.91,12.14
1983-06-07,2.91,24.04
1984-10-14,2.91,20.15
1986-11-27,2.91,10.52
1987-01-04,2.91,6.46
1988-11-17,2.91,9.95
1990-05-22,2.91,22.67
1991-06-07,2.91,25.01
1992-07-26,2.91,29.17
1992-09-21,2.91,25.82
1994-07-22,2.91,30.99
1998-01-09,2.91,5.92
2002-06-12,2.91,27.79
2002-09-21,2.91,25.43
2003-04-26,2.91,19.02
2006-10-10,2.91,18.23
2007-11-27,2.91,9.03
2008-10-24,2.91,15.57
2008-11-07,2.91,14.02
2009-08-29,2.91,28.18
2010-08-17,2.91,30.13
2011-10-05,2.91,23.17
2013-06-25,2.91,28.85
2014-07-28,2.91,30.74
2015-06-21,2.91,30.05
2016-05-11,2.91,21.97
2018-11-12,2.91,7.0
2019-04-12,2.91,13.9
2021-03-19,2.91,13.87
2022-06-02,2.91,25.6
2023-01-05,2.91,8.09
1974-01-24,2.92,7.19
1974-09-25,2.92,22.24
1974-10-30,2.92,17.35
1975-05-28,2.92,24.21
1975-08-15,2.92,28.42
1975-11-07,2.92,19.02
1978-03-05,2.92,2.79
1980-03-05,2.92,7.44
1982-02-27,2.92,6.05
1982-07-01,2.92,26.84
1983-07-04,2.92,29.24
1987-05-22,2.92,22.08
1987-11-29,2.92,7.72
1988-03-10,2.92,13.24
1989-08-20,2.92,27.8
1989-12-09,2.92,5.84
1990-04-25,2.92,21.97
1990-05-25,2.92,23.1
1990-05-31,2.92,22.46
1991-10-05,2.92,21.0
1994-07-26,2.92,30.37
1994-09-15,2.92,26.56
1995-03-01,2.92,5.46
1995-11-29,2.92,7.67
1996-01-20,2.92,0.59
1996-08-24,2.92,29.88
1997-03-10,2.92,14.5
1997-07-09,2.92,29.97
1998-02-26,2.92,10.88
1998-08-11,2.92,31.1
2000-05-01,2.92,22.12
2001-06-22,2.92,29.01
2002-06-23,2.92,29.98
2003-11-17,2.92,12.91
2004-10-28,2.92,17.17
2005-05-08,2.92,21.34
2005-12-26,2.92,11.02
2006-05-12,2.92,21.1
2007-07-02,2.92,29.71
2008-09-05,2.92,25.38
2010-06-17,2.92,27.23
2011-10-10,2.92,20.45
2012-08-30,2.92,31.01
2014-09-06,2.92,27.18
2015-06-01,2.92,25.33
2015-06-09,2.92,29.83
2016-01-16,2.92,6.02
2017-04-21,2.92,20.27
2017-05-28,2.92,25.89
2018-10-15,2.92,13.82
2020-05-20,2.92,22.84
2020-08-05,2.92,29.53
2021-09-20,2.92,26.63
2023-08-15,2.92,30.31
2024-07-17,2.92,32.09
1973-03-26,2.93,13.18
1973-12-24,2.93,5.7
1975-02-13,2.93,6.65
1977-11-26,2.93,9.02
1978-02-28,2.93,5.72
1979-06-10,2.93,25.78
1979-07-20,2.93,29.76
1981-12-16,2.93,5.14
1982-03-20,2.93,12.08
1982-06-12,2.93,26.02
1984-08-20,2.93,28.92
1985-09-13,2.93,21.87
1985-11-04,2.93,15.43
1987-06-21,2.93,28.83
1991-01-15,2.93,7.89
1991-03-05,2.93,13.44
1992-07-27,2.93,29.65
1994-12-17,2.93,7.75
1997-08-13,2.93,28.18
1999-05-17,2.93,22.71
1999-06-17,2.93,24.75
2001-03-28,2.93,10.03
2002-08-22,2.93,28.96
2003-03-17,2.93,17.15
2004-06-27,2.93,26.06
2005-03-08,2.93,13.89
2005-05-11,2.93,22.14
2006-07-13,2.93,31.63
2007-08-02,2.93,31.31
2011-03-23,2.93,14.62
2011-05-18,2.93,18.68
2013-06-19,2.93,27.84
2014-03-07,2.93,10.18
2016-07-04,2.93,29.27
2017-04-05,2.93,16.81
2017-12-06,2.93,7.96
2018-04-24,2.93,20.68
2021-06-01,2.93,24.99
2022-06-13,2.93,29.7
2022-08-19,2.93,29.66
2024-07-02,2.93,28.83
2024-08-08,2.93,30.46
1973-07-05,2.94,31.99
1973-09-24,2.94,23.22
1977-09-20,2.94,23.7
1979-03-28,2.94,11.18
1981-06-22,2.94,29.29
1982-05-08,2.94,20.89
1983-01-24,2.94,5.57
1984-03-16,2.94,13.72
1984-06-21,2.94,27.94
1985-01-31,2.94,-1.22
1985-08-12,2.94,28.18
1989-06-25,2.94,27.57
1991-06-03,2.94,26.43
1994-04-27,2.94,17.67
1995-06-01,2.94,26.01
1997-06-21,2.94,29.1
1998-04-15,2.94,16.56
1998-04-20,2.94,17.62
2000-07-29,2.94,31.63
2002-08-13,2.94,30.48
2009-08-19,2.94,29.57
2010-07-14,2.94,30.53
2010-12-21,2.94,6.75
2016-04-25,2.94,20.0
2017-01-24,2.94,8.02
2018-03-27,2.94,12.32
2018-07-23,2.94,30.99
2019-04-26,2.94,22.1
2020-02-10,2.94,8.24
2023-02-15,2.94,9.79
2023-06-23,2.94,27.57
2024-06-01,2.94,25.6
1975-03-08,2.95,9.89
1976-01-14,2.95,7.46
1976-03-31,2.95,15.09
1977-04-15,2.95,20.39
1979-07-30,2.95,30.73
1981-03-22,2.95,11.97
1981-11-16,2.95,16.13
1982-02-14,2.95,6.66
1982-10-26,2.95,17.38
1983-03-30,2.95,11.53
1983-04-25,2.95,17.66
1984-03-27,2.95,12.53
1984-07-01,2.95,27.81
1985-03-12,2.95,14.34
1986-06-02,2.95,27.65
1987-06-22,2.95,28.92
1988-08-21,2.95,29.64
1990-12-17,2.95,6.59
1993-05-08,2.95,22.12
1993-07-18,2.95,28.12
1993-12-03,2.95,10.32
1994-05-01,2.95,16.51
1996-07-08,2.95,31.46
1998-06-08,2.95,21.93
1999-08-13,2.95,29.35
2000-06-24,2.95,29.59
2002-09-09,2.95,27.43
2003-05-01,2.95,20.39
2004-11-18,2.95,14.78
2005-11-06,2.95,16.79
2006-08-25,2.95,29.43
2006-12-20,2.95,7.59
2007-12-04,2.95,9.37
2008-07-13,2.95,29.54
2009-06-10,2.95,23.92
2009-07-06,2.95,28.68
2011-02-05,2.95,5.13
2011-07-08,2.95,31.08
2013-05-02,2.95,18.97
2013-06-03,2.95,25.63
2014-05-01,2.95,17.18
2015-05-07,2.95,22.39
2015-10-27,2.95,17.0
2017-08-14,2.95,28.21
2017-08-26,2.95,27.79
2018-10-26,2.95,15.56
2019-02-04,2.95,10.07
2021-05-27,2.95,25.33
1974-08-02,2.96,29.13
1976-02-22,2.96,9.68
1977-07-22,2.96,31.12
1978-08-31,2.96,27.23
1980-09-27,2.96,22.69
1984-03-12,2.96,7.56
1984-04-20,2.96,16.21
1989-02-22,2.96,7.52
1989-10-19,2.96,13.76
1990-01-04,2.96,6.59
1991-09-16,2.96,26.22
1992-02-23,2.96,12.97
1992-03-28,2.96,13.68
1995-01-11,2.96,9.69
1995-06-08,2.96,23.64
1997-04-24,2.96,15.6
1999-01-19,2.96,10.88
1999-06-13,2.96,27.3
2001-08-30,2.96,29.36
2003-04-16,2.96,20.49
2003-12-15,2.96,6.54
2004-08-11,2.96,28.18
2007-07-18,2.96,31.42
2008-05-28,2.96,21.91
2009-08-02,2.96,29.59
2010-03-26,2.96,13.3
2010-05-04,2.96,21.66
2013-01-14,2.96,1.65
2013-06-26,2.96,29.92
2014-07-31,2.96,28.56
2015-04-09,2.96,17.35
2015-05-13,2.96,20.68
2016-08-05,2.96,30.75
2016-12-01,2.96,8.76
2018-06-02,2.96,28.19
2018-06-12,2.96,27.67
2018-07-21,2.96,31.82
2020-07-08,2.96,30.86
2021-06-11,2.96,28.98
2021-07-15,2.96,30.34
2022-01-01,2.96,6.47
2022-09-12,2.96,26.69
2024-09-22,2.96,26.52
1974-03-12,2.97,13.23
1977-06-18,2.97,28.92
1979-05-10,2.97,19.37
1983-08-19,2.97,30.74
1983-12-25,2.97,-8.87
1984-04-10,2.97,14.19
1985-11-18,2.97,10.48
1986-05-25,2.97,25.01
1986-07-01,2.97,28.42
1986-12-08,2.97,7.09
1989-08-22,2.97,28.64
1991-06-01,2.97,25.64
1991-07-26,2.97,27.87
1992-07-18,2.97,29.21
1993-02-19,2.97,1.23
1995-03-10,2.97,10.35
1995-06-26,2.97,28.73
1996-06-10,2.97,28.26
1996-10-25,2.97,15.79
1997-01-03,2.97,13.76
1999-09-05,2.97,27.58
2004-06-29,2.97,26.87
2007-12-23,2.97,5.37
2009-03-16,2.97,14.58
2010-07-27,2.97,31.34
2011-05-03,2.97,17.56
2013-10-07,2.97,21.27
2014-06-04,2.97,28.29
2014-07-17,2.97,27.63
2014-09-12,2.97,21.86
2015-12-15,2.97,9.39
2016-04-02,2.97,15.55
2016-05-21,2.97,21.84
2020-03-18,2.97,12.86
2020-09-08,2.97,27.27
1976-08-02,2.98,27.1
1977-03-30,2.98,14.01
1979-02-06,2.98,0.24
1982-05-20,2.98,24.1
1984-02-16,2.98,11.55
1984-08-08,2.98,31.27
1984-10-29,2.98,15.51
1987-06-23,2.98,28.57
1987-08-08,2.98,30.3
1989-07-15,2.98,29.2
1999-07-09,2.98,29.4
2001-09-19,2.98,25.31
2008-08-28,2.98,27.7
2011-05-27,2.98,22.41
2011-12-15,2.98,9.79
2012-05-01,2.98,22.89
2012-06-02,2.98,25.93
2013-05-29,2.98,24.61
2015-04-27,2.98,17.09
2016-09-23,2.98,24.8
2016-12-16,2.98,2.73
2023-01-01,2.98,10.3
1974-05-18,2.99,22.51
1974-12-16,2.99,6.1
1975-07-10,2.99,29.97
1976-08-16,2.99,26.76
1977-08-09,2.99,30.9
1978-06-04,2.99,24.99
1978-07-28,2.99,30.66
1979-09-02,2.99,28.8
1981-06-08,2.99,28.04
1982-11-13,2.99,8.97
1983-10-24,2.99,17.06
1984-06-30,2.99,28.92
1985-11-10,2.99,9.96
1987-02-02,2.99,11.46
1989-04-28,2.99,20.34
1989-06-17,2.99,26.48
1990-04-24,2.99,22.93
1990-07-16,2.99,28.87
1992-05-17,2.99,25.44
1995-02-17,2.99,8.32
1995-05-25,2.99,21.11
1998-11-14,2.99,12.82
2002-06-10,2.99,26.57
2004-12-30,2.99,9.89
2005-04-23,2.99,19.06
2006-02-26,2.99,9.41
2007-07-11,2.99,30.51
2009-10-04,2.99,17.74
2010-09-02,2.99,28.63
2011-03-30,2.99,11.36
2011-08-13,2.99,30.27
2012-05-27,2.99,24.81
2012-07-13,2.99,31.96
2012-08-11,2.99,30.37
2014-06-07,2.99,27.22
2017-05-11,2.99,22.94
2022-04-23,2.99,20.54
2022-07-25,2.99,31.89
2024-04-21,2.99,16.81
1973-07-19,3.0,29.59
1974-05-30,3.0,24.76
1975-06-08,3.0,25.09
1975-06-20,3.0,26.42
1976-05-26,3.0,21.9
1976-06-02,3.0,25.69
1976-11-28,3.0,1.83
1978-06-02,3.0,24.7
1982-05-12,3.0,20.93
1982-11-10,3.0,12.37
1983-01-22,3.0,2.88
1983-03-04,3.0,15.8
1985-11-17,3.0,10.35
1988-05-23,3.0,25.01
1988-11-10,3.0,14.39
1991-04-19,3.0,17.27
1991-06-04,3.0,26.47
1992-09-27,3.0,22.47
1993-09-04,3.0,27.86
1996-10-27,3.0,15.1
1999-06-12,3.0,26.99
1999-12-12,3.0,8.13
2001-04-21,3.0,18.38
2002-10-19,3.0,17.63
2002-10-24,3.0,11.55
2003-05-19,3.0,22.5
2007-07-19,3.0,30.94
2010-07-20,3.0,31.18
2012-07-09,3.0,32.26
2014-06-14,3.0,25.87
2016-09-16,3.0,25.97
2018-01-09,3.0,8.73
2018-07-17,3.0,31.98
2022-05-13,3.0,24.73
2022-07-18,3.0,33.07
2022-12-28,3.0,7.89
2024-11-22,3.0,10.85
1974-05-14,3.01,20.78
1975-06-21,3.01,27.15
1975-12-25,3.01,3.88
1978-11-15,3.01,8.46
1979-05-05,3.01,18.35
1983-02-28,3.01,10.57
1983-03-28,3.01,10.26
1985-05-30,3.01,24.71
1985-10-29,3.01,17.95
1985-11-11,3.01,8.91
1986-05-08,3.01,20.64
1986-06-12,3.01,27.7
1987-03-23,3.01,13.85
1987-09-17,3.01,24.84
1988-03-09,3.01,13.37
1988-07-18,3.01,32.13
1992-06-03,3.01,25.59
1993-04-29,3.01,20.93
1993-06-26,3.01,28.72
1996-01-01,3.01,7.24
1997-01-24,3.01,6.15
1998-06-27,3.01,30.06
1999-05-12,3.01,20.64
2000-05-10,3.01,23.05
2002-01-23,3.01,9.55
2004-03-28,3.01,17.71
2004-08-12,3.01,27.46
2006-03-12,3.01,13.56
2006-04-08,3.01,18.2
2010-08-23,3.01,30.64
2012-01-22,3.01,7.18
2013-07-01,3.01,30.49
2013-07-21,3.01,30.85
2014-06-18,3.01,27.49
2015-06-20,3.01,29.49
2018-02-08,3.01,6.69
2018-02-18,3.01,9.85
2019-08-08,3.01,31.11
1973-03-30,3.02,11.53
1976-07-16,3.02,30.05
1978-08-28,3.02,28.97
1980-05-26,3.02,23.5
1986-03-18,3.02,12.5
1986-10-05,3.02,21.12
1990-04-10,3.02,16.77
1990-05-19,3.02,22.14
1991-09-10,3.02,26.14
1992-02-12,3.02,7.14
1993-01-19,3.02,2.43
1994-06-10,3.02,26.76
1996-04-15,3.02,15.86
1996-07-16,3.02,29.83
1998-02-15,3.02,8.3
2000-11-19,3.02,4.76
2002-04-27,3.02,16.38
2002-06-06,3.02,27.35
2002-06-14,3.02,27.91
2004-11-12,3.02,11.12
2009-04-20,3.02,19.72
2009-10-07,3.02,17.9
2011-08-29,3.02,31.48
2011-10-06,3.02,21.86
2011-10-13,3.02,21.1
2012-03-30,3.02,19.2
2014-06-17,3.02,27.53
2015-07-03,3.02,29.43
2016-05-02,3.02,18.47
2016-09-02,3.02,27.8
2017-08-04,3.02,29.07
2018-05-23,3.02,26.24
2019-01-18,3.02,6.39
2024-05-08,3.02,21.54
2024-07-08,3.02,31.33
2024-07-29,3.02,30.84
2024-09-18,3.02,26.32
2024-11-20,3.02,11.81
2024-11-21,3.02,11.04
1973-11-12,3.03,14.14
1974-09-07,3.03,25.45
1976-07-12,3.03,30.54
1976-10-24,3.03,14.07
1977-06-15,3.03,27.99
1979-04-01,3.03,12.36
1979-07-12,3.03,30.25
1979-08-29,3.03,28.35
1981-08-30,3.03,29.47
1982-10-13,3.03,16.84
1983-11-19,3.03,12.18
1984-09-24,3.03,22.06
1986-04-27,3.03,20.43
1987-07-19,3.03,27.64
1991-03-22,3.03,15.1
1992-06-26,3.03,27.42
1992-07-25,3.03,28.12
1993-04-20,3.03,17.51
1996-02-03,3.03,-6.46
1996-09-20,3.03,21.28
1997-09-21,3.03,22.83
1997-10-08,3.03,22.62
1997-11-01,3.03,17.72
1997-11-12,3.03,6.41
2001-12-12,3.03,7.18
2002-03-27,3.03,13.1
2004-09-20,3.03,23.22
2006-12-13,3.03,11.52
2008-06-27,3.03,30.26
2008-07-25,3.03,30.18
2009-08-16,3.03,28.47
2010-06-06,3.03,28.51
2011-03-27,3.03,10.28
2013-12-09,3.03,-1.88
2014-04-16,3.03,14.92
2014-09-03,3.03,29.39
2015-03-04,3.03,7.34
2016-01-07,3.03,5.69
2019-01-12,3.03,5.32
2019-07-04,3.03,29.53
2020-02-05,3.03,5.31
2020-09-24,3.03,25.86
2022-12-23,3.03,-1.7
1974-01-20,3.04,9.34
1974-04-30,3.04,21.93
1975-05-31,3.04,23.6
1975-06-22,3.04,27.18
1975-10-08,3.04,21.34
1979-11-25,3.04,9.44
1982-08-13,3.04,27.54
1982-11-04,3.04,11.53
1986-09-10,3.04,23.67
1989-04-03,3.04,16.9
1989-08-13,3.04,28.52
1989-11-08,3.04,15.23
1993-07-27,3.04,29.49
1994-06-25,3.04,30.47
1995-03-21,3.04,17.18
1996-08-30,3.04,29.08
1999-04-22,3.04,18.96
2002-06-11,3.04,26.99
2004-08-23,3.04,26.93
2005-04-30,3.04,15.08
2009-03-24,3.04,13.84
2012-10-18,3.04,19.7
2013-02-27,3.04,7.08
2013-07-11,3.04,31.6
2013-08-10,3.04,28.56
2016-09-05,3.04,26.27
2018-05-16,3.04,26.63
2018-06-29,3.04,31.05
2018-10-03,3.04,23.48
2019-05-17,3.04,23.81
2019-08-18,3.04,30.22
2023-01-17,3.04,8.86
2024-11-01,3.04,16.38
2024-12-12,3.04,6.32
1974-08-18,3.05,30.09
1974-12-11,3.05,7.1
1979-06-20,3.05,26.64
1979-11-03,3.05,12.1
1984-11-25,3.05,10.9
1985-10-20,3.05,20.18
1986-03-08,3.05,10.28
1987-12-10,3.05,12.03
1989-09-23,3.05,23.4
1992-09-03,3.05,26.97
1992-12-30,3.05,5.6
1995-12-31,3.05,6.86
1998-04-19,3.05,16.38
1998-12-07,3.05,9.65
2000-09-26,3.05,20.81
2002-03-09,3.05,10.34
2002-12-15,3.05,11.11
2004-07-04,3.05,29.19
2004-11-21,3.05,9.89
2005-07-06,3.05,30.27
2010-07-08,3.05,29.79
2014-08-19,3.05,29.96
2017-03-14,3.05,9.98
2018-06-01,3.05,28.0
2018-08-22,3.05,27.27
2022-04-19,3.05,15.93
2022-08-25,3.05,29.49
2023-05-11,3.05,23.99
2023-09-12,3.05,26.24
2024-07-01,3.05,29.56
1977-04-16,3.06,21.23
1977-06-24,3.06,29.26
1979-05-08,3.06,20.6
1979-08-19,3.06,27.17
1979-09-05,3.06,28.81
1980-07-03,3.06,30.01
1981-06-11,3.06,27.43
1984-08-21,3.06,28.25
1984-12-15,3.06,7.27
1986-11-19,3.06,11.0
1988-02-04,3.06,3.02
1990-08-18,3.06,29.16
2002-11-04,3.06,9.8
2003-07-11,3.06,31.11
2003-10-27,3.06,16.52
2004-01-05,3.06,2.67
2006-02-04,3.06,10.42
2006-06-02,3.06,28.3
2006-09-01,3.06,26.77
2010-07-28,3.06,30.67
2010-12-19,3.06,3.06
2017-08-29,3.06,29.12
2018-05-17,3.06,26.68
2018-09-03,3.06,28.79
2018-09-11,3.06,26.34
2019-07-07,3.06,29.57
2019-08-23,3.06,29.19
2019-08-24,3.06,28.57
2020-10-24,3.06,15.04
2021-05-31,3.06,22.98
2022-04-18,3.06,15.95
1973-06-29,3.07,29.52
1973-07-27,3.07,30.07
1975-07-15,3.07,29.19
1976-08-01,3.07,28.68
1977-03-05,3.07,9.01
1977-08-06,3.07,29.71
1980-09-09,3.07,28.02
1982-04-11,3.07,13.78
1982-05-17,3.07,24.08
1984-08-31,3.07,29.26
1985-06-19,3.07,27.62
1990-07-11,3.07,31.14
1991-10-31,3.07,6.9
1994-01-26,3.07,7.16
1994-04-07,3.07,12.8
1999-02-18,3.07,9.74
2004-09-05,3.07,25.97
2007-05-24,3.07,23.63
2012-07-27,3.07,32.0
2014-11-06,3.07,15.46
2015-08-06,3.07,30.25
2019-05-26,3.07,24.87
2019-09-11,3.07,26.84
2019-12-13,3.07,7.67
2024-02-13,3.07,9.32
1973-04-24,3.08,19.36
1976-09-11,3.08,24.95
1979-04-23,3.08,19.91
1982-09-28,3.08,20.56
1984-07-29,3.08,28.58
1984-12-13,3.08,7.19
1987-07-07,3.08,30.05
1989-01-10,3.08,3.32
1991-09-14,3.08,26.83
1992-11-05,3.08,7.97
1997-05-28,3.08,21.85
1997-08-10,3.08,27.21
1998-06-13,3.08,27.41
1999-04-29,3.08,18.24
2001-08-13,3.08,30.64
2003-06-05,3.08,24.5
2006-12-12,3.08,10.47
2008-11-30,3.08,9.38
2010-07-09,3.08,30.26
2013-03-19,3.08,11.36
2015-05-08,3.08,22.16
2015-07-28,3.08,30.58
2015-12-01,3.08,6.49
2017-11-06,3.08,14.18
2018-06-27,3.08,30.29
2018-10-27,3.08,16.79
2022-01-17,3.08,7.3
2022-10-26,3.08,16.2
2023-03-02,3.08,10.87
2024-05-02,3.08,21.53
1974-04-05,3.09,14.07
1975-03-22,3.09,14.32
1975-04-19,3.09,16.11
1975-08-29,3.09,27.92
1976-04-24,3.09,20.55
1976-10-26,3.09,11.99
1977-08-12,3.09,29.21
1983-10-02,3.09,21.66
1987-06-14,3.09,31.22
1992-05-31,3.09,22.62
1997-05-30,3.09,23.54
1998-05-22,3.09,24.07
2000-04-24,3.09,19.48
2004-08-04,3.09,30.3
2006-08-29,3.09,28.51
2007-06-13,3.09,28.02
2007-09-07,3.09,28.18
2007-09-09,3.09,26.95
2009-09-17,3.09,26.0
2010-08-06,3.09,31.06
2012-03-16,3.09,21.28
2013-05-11,3.09,23.02
2013-06-14,3.09,27.83
2013-11-23,3.09,6.03
2016-06-14,3.09,27.68
2018-06-23,3.09,28.98
2019-07-16,3.09,31.02
2020-06-20,3.09,28.1
2023-03-13,3.09,9.04
2024-08-07,3.09,31.35
1976-06-18,3.1,26.39
1977-12-17,3.1,9.72
1978-06-26,3.1,29.46
1981-09-06,3.1,26.27
1983-09-13,3.1,26.34
1984-03-20,3.1,12.36
1984-04-04,3.1,13.77
1990-07-23,3.1,28.37
1993-07-09,3.1,30.14
1996-04-16,3.1,17.1
1997-07-22,3.1,30.19
1998-07-23,3.1,30.7
1998-09-04,3.1,31.42
2000-06-13,3.1,27.56
2002-06-27,3.1,32.08
2002-07-11,3.1,31.39
2003-05-18,3.1,22.78
2003-11-29,3.1,9.09
2005-02-24,3.1,9.15
2009-02-10,3.1,10.54
2009-02-28,3.1,8.28
2009-07-21,3.1,29.61
2013-07-06,3.1,30.47
2015-09-29,3.1,26.07
2019-11-29,3.1,5.33
2023-05-07,3.1,21.89
2024-07-10,3.1,32.35
2024-12-09,3.1,11.86
1974-07-03,3.11,30.38
1977-03-22,3.11,13.34
1977-08-31,3.11,27.71
1979-04-14,3.11,16.53
1979-05-11,3.11,20.08
1979-07-21,3.11,29.69
1983-03-02,3.11,14.61
1983-09-22,3.11,19.86
1987-08-25,3.11,25.53
1987-11-28,3.11,7.33
1988-10-02,3.11,24.03
1997-02-15,3.11,6.9
1997-12-23,3.11,4.92
1999-05-01,3.11,18.6
2000-07-31,3.11,31.57
2002-08-29,3.11,28.59
2003-08-05,3.11,30.34
2004-06-15,3.11,28.29
2004-10-29,3.11,17.71
2007-07-06,3.11,31.67
2007-10-15,3.11,19.84
2010-07-25,3.11,31.42
2012-08-17,3.11,29.31
2017-04-26,3.11,17.94
2021-08-30,3.11,30.01
2024-02-03,3.11,10.92
1976-06-23,3.12,27.07
1978-02-10,3.12,1.99
1979-10-20,3.12,20.63
1982-07-07,3.12,28.34
1982-09-15,3.12,21.94
1983-01-20,3.12,1.65
1983-05-31,3.12,22.45
1984-11-29,3.12,8.61
1985-05-03,3.12,23.49
1989-03-02,3.12,4.62
1993-06-29,3.12,28.37
1993-07-02,3.12,28.69
1996-03-05,3.12,10.33
1996-09-29,3.12,22.41
2005-04-11,3.12,18.22
2006-03-31,3.12,17.43
2007-01-22,3.12,3.05
2008-09-11,3.12,24.14
2009-07-04,3.12,28.98
2010-02-22,3.12,6.64
2011-05-16,3.12,18.32
2014-09-28,3.12,24.25
2015-07-10,3.12,27.99
2016-11-23,3.12,10.68
2017-06-07,3.12,27.37
2017-06-22,3.12,30.8
2019-09-10,3.12,26.52
2021-09-23,3.12,24.95
2021-12-29,3.12,6.13
2023-02-27,3.12,11.64
2024-11-06,3.12,15.12
1973-11-26,3.13,9.5
1976-07-17,3.13,29.28
1977-07-01,3.13,29.7
1978-03-01,3.13,5.56
1979-08-14,3.13,25.09
1981-08-02,3.13,30.19
1982-03-19,3.13,13.53
1983-02-11,3.13,6.96
1984-04-23,3.13,16.6
1985-02-06,3.13,-0.4
1986-05-11,3.13,21.51
1989-05-24,3.13,26.05
1990-11-27,3.13,11.85
1991-08-31,3.13,31.03
1992-05-29,3.13,20.89
1993-10-08,3.13,20.38
1994-11-04,3.13,13.23
1996-08-13,3.13,30.39
1997-04-11,3.13,9.77
1997-08-18,3.13,28.01
1999-08-12,3.13,29.19
2001-06-01,3.13,25.42
2003-05-04,3.13,20.51
2003-05-10,3.13,20.44
2004-01-02,3.13,9.49
2004-04-14,3.13,17.06
2007-10-16,3.13,19.34
2009-02-27,3.13,11.47
2010-06-05,3.13,27.95
2014-04-25,3.13,19.43
2015-12-25,3.13,9.0
2016-06-02,3.13,26.68
2017-04-20,3.13,20.6
2018-08-14,3.13,30.08
2019-07-22,3.13,31.11
2020-07-28,3.13,31.43
1973-01-08,3.14,-5.11
1973-02-01,3.14,6.73
1974-05-26,3.14,24.68
1975-03-30,3.14,7.2
1978-12-21,3.14,6.97
1980-08-12,3.14,30.5
1981-09-15,3.14,27.44
1981-10-06,3.14,21.26
1982-06-06,3.14,23.24
1983-10-22,3.14,17.53
1984-06-09,3.14,25.39
1984-12-06,3.14,2.6
1985-09-27,3.14,21.34
1985-10-11,3.14,17.94
1990-05-12,3.14,19.35
1992-06-10,3.14,26.55
1999-04-05,3.14,14.97
2003-04-09,3.14,14.28
2006-07-28,3.14,32.67
2006-08-11,3.14,31.46
2009-09-23,3.14,23.5
2009-12-14,3.14,4.8
2013-01-16,3.14,2.89
2015-08-11,3.14,30.5
2016-06-06,3.14,29.08
2019-04-13,3.14,14.22
2019-09-30,3.14,22.35
2020-07-22,3.14,31.19
2021-12-18,3.14,7.8
2024-06-30,3.14,29.97
2024-12-17,3.14,11.02
1973-06-04,3.15,24.59
1973-09-29,3.15,24.05
1974-07-04,3.15,30.66
1977-12-30,3.15,4.71
1979-01-12,3.15,0.21
1980-02-18,3.15,3.4
1984-05-27,3.15,24.3
1985-05-29,3.15,24.87
1985-08-08,3.15,30.33
1985-10-30,3.15,15.58
1988-03-26,3.15,18.35
1990-05-26,3.15,23.69
1991-11-16,3.15,11.48
1993-07-03,3.15,28.58
1993-07-15,3.15,27.4
1993-10-18,3.15,17.0
1994-06-13,3.15,29.24
2002-06-28,3.15,31.41
2004-06-18,3.15,26.79
2004-08-25,3.15,26.88
2006-02-28,3.15,13.26
2009-10-06,3.15,16.49
2010-03-30,3.15,17.64
2010-07-01,3.15,28.23
2010-09-07,3.15,26.7
2012-06-13,3.15,27.65
2016-03-25,3.15,14.42
2017-04-24,3.15,19.13
2019-09-21,3.15,25.4
2019-11-22,3.15,9.98
2021-05-03,3.15,22.94
1973-06-06,3.16,27.16
1973-12-05,3.16,7.81
1982-06-19,3.16,25.69
1985-10-23,3.16,17.9
1993-08-05,3.16,27.8
1995-08-24,3.16,30.27
1997-04-29,3.16,18.59
1997-08-14,3.16,28.45
1998-01-22,3.16,4.71
1998-02-05,3.16,5.83
1998-05-09,3.16,20.91
2001-08-12,3.16,30.6
2001-09-14,3.16,25.48
2004-06-30,3.16,27.55
2005-06-30,3.16,29.74
2010-01-20,3.16,8.1
2013-11-18,3.16,15.09
2018-08-02,3.16,30.06
2019-06-10,3.16,25.48
2020-12-12,3.16,8.61
2023-06-15,3.16,26.59
2024-05-15,3.16,24.26
1974-11-21,3.17,13.35
1974-12-07,3.17,8.02
1976-04-17,3.17,17.93
1977-05-02,3.17,22.37
1978-07-21,3.17,30.54
1979-08-28,3.17,27.71
1981-12-19,3.17,1.63
1982-11-03,3.17,14.28
1984-12-22,3.17,7.68
1986-09-17,3.17,22.27
1987-09-12,3.17,25.72
1992-07-14,3.17,28.57
1992-09-02,3.17,25.92
1992-11-11,3.17,10.91
1994-08-14,3.17,30.45
2000-05-20,3.17,22.62
2003-05-08,3.17,20.94
2005-09-29,3.17,24.2
2006-07-12,3.17,31.44
2007-05-31,3.17,25.94
2011-05-23,3.17,25.05
2011-12-28,3.17,8.45
2014-05-27,3.17,27.43
2014-07-19,3.17,28.01
2015-01-24,3.17,7.32
2016-01-23,3.17,4.97
2016-09-08,3.17,27.94
2017-06-16,3.17,29.44
2018-09-28,3.17,22.95
2020-07-26,3.17,31.09
2021-02-14,3.17,-3.48
2022-04-12,3.17,16.98
1974-12-15,3.18,6.35
1975-07-20,3.18,30.55
1976-07-01,3.18,27.79
1979-05-22,3.18,23.33
1981-05-30,3.18,25.64
1986-11-09,3.18,11.41
1987-07-04,3.18,29.27
1987-11-09,3.18,14.44
1992-02-24,3.18,11.51
1994-01-04,3.18,6.12
1995-05-26,3.18,21.33
1995-07-06,3.18,28.65
1996-01-28,3.18,3.11
1996-02-02,3.18,-4.51
1998-01-04,3.18,8.58
2001-05-29,3.18,25.08
2003-08-01,3.18,31.12
2005-12-02,3.18,5.77
2006-06-23,3.18,30.11
2007-07-20,3.18,29.99
2009-12-15,3.18,4.92
2012-12-18,3.18,8.2
2013-10-14,3.18,18.64
2014-06-27,3.18,27.86
2015-03-02,3.18,5.16
2016-12-17,3.18,4.06
2017-04-18,3.18,20.4
2020-07-27,3.18,31.53
2023-04-07,3.18,14.07
2024-07-22,3.18,30.36
1974-06-05,3.19,26.4
1976-01-01,3.19,4.25
1976-04-18,3.19,18.32
1976-05-31,3.19,24.19
1976-08-07,3.19,28.21
1978-01-14,3.19,2.2
1980-02-17,3.19,2.02
1980-08-10,3.19,31.72
1982-04-20,3.19,15.65
1983-02-07,3.19,2.51
1983-06-18,3.19,27.59
1985-07-24,3.19,28.87
1985-08-15,3.19,28.31
1989-06-22,3.19,27.18
1991-04-18,3.19,18.55
1991-05-30,3.19,26.52
1993-05-23,3.19,22.94
1996-01-25,3.19,3.66
1998-11-13,3.19,10.62
2000-02-19,3.19,8.73
2000-04-12,3.19,16.92
2001-07-25,3.19,31.18
2005-10-10,3.19,17.54
2007-03-24,3.19,19.39
2009-12-19,3.19,6.1
2015-07-01,3.19,30.7
2016-09-18,3.19,26.87
2017-03-01,3.19,12.45
2017-04-25,3.19,19.09
2020-08-04,3.19,29.68
2021-12-12,3.19,9.46
1973-07-23,3.2,27.94
1974-05-15,3.2,21.45
1979-08-23,3.2,28.13
1982-03-16,3.2,12.63
1983-01-23,3.2,4.24
1985-11-13,3.2,9.88
1986-08-14,3.2,28.67
1986-12-24,3.2,6.73
1987-08-28,3.2,26.09
1988-09-03,3.2,28.78
1990-01-07,3.2,7.66
1992-07-15,3.2,29.21
1993-06-09,3.2,24.94
1994-05-15,3.2,23.8
1994-08-20,3.2,29.54
1995-06-30,3.2,26.33
1997-01-26,3.2,2.44
1998-06-10,3.2,24.16
1999-06-01,3.2,24.63
2003-02-07,3.2,1.14
2005-02-13,3.2,11.04
2005-06-10,3.2,26.08
2006-04-22,3.2,22.33
2006-06-03,3.2,28.62
2008-11-06,3.2,15.31
2011-03-11,3.2,12.64
2015-05-05,3.2,23.9
2015-12-02,3.2,8.01
2016-09-03,3.2,26.51
2016-09-26,3.2,24.22
2020-12-24,3.2,7.72
2021-07-17,3.2,30.65
2023-04-27,3.2,19.13
1974-08-05,3.21,28.1
1975-07-12,3.21,27.57
1978-12-03,3.21,5.39
1980-11-27,3.21,6.35
1985-10-21,3.21,19.49
1988-09-20,3.21,22.69
1989-06-07,3.21,26.86
1990-02-01,3.21,7.55
1990-06-15,3.21,26.86
1992-05-22,3.21,24.16
1992-08-13,3.21,28.04
1993-07-16,3.21,27.5
1994-06-23,3.21,30.32
1996-07-18,3.21,30.35
1996-11-29,3.21,6.96
2000-01-03,3.21,9.15
2004-06-25,3.21,26.88
2010-06-16,3.21,27.4
2015-07-05,3.21,30.2
2017-01-04,3.21,4.12
2018-02-24,3.21,7.49
2023-06-11,3.21,26.54
2024-08-10,3.21,28.19
1973-10-10,3.22,19.59
1974-01-09,3.22,0.64
1974-09-09,3.22,26.74
1974-10-14,3.22,19.49
1975-01-26,3.22,10.29
1979-06-02,3.22,24.48
1980-06-01,3.22,24.56
1982-05-26,3.22,24.51
1982-06-27,3.22,28.11
1984-02-28,3.22,5.88
1984-05-30,3.22,24.64
1984-07-05,3.22,30.21
1985-05-13,3.22,21.99
1986-09-03,3.22,25.9
1987-08-15,3.22,28.2
1990-01-06,3.22,6.3
1992-06-14,3.22,25.58
1992-08-07,3.22,28.15
1994-12-11,3.22,3.82
1996-08-12,3.22,30.0
1996-09-06,3.22,26.79
1997-04-25,3.22,15.28
1997-09-22,3.22,22.09
1999-06-24,3.22,28.86
2005-01-12,3.22,7.94
2007-05-25,3.22,23.7
2008-07-08,3.22,30.4
2011-09-15,3.22,23.63
2012-07-20,3.22,32.58
2013-07-24,3.22,30.51
2017-05-25,3.22,23.61
2020-02-25,3.22,10.36
2022-07-04,3.22,29.92
2023-12-02,3.22,8.75
1973-05-26,3.23,21.32
1974-01-01,3.23,-2.21
1974-12-08,3.23,6.93
1976-06-16,3.23,26.47
1982-06-30,3.23,27.3
1989-07-31,3.23,30.34
1993-04-14,3.23,15.48
1994-02-08,3.23,2.7
1995-09-20,3.23,22.03
1996-02-28,3.23,6.29
1998-05-27,3.23,24.16
2000-03-12,3.23,10.95
2002-07-29,3.23,31.38
2003-11-24,3.23,7.96
2003-11-28,3.23,8.82
2006-02-02,3.23,11.32
2006-08-26,3.23,28.36
2010-07-10,3.23,30.71
2011-11-17,3.23,10.99
2011-12-22,3.23,7.83
2013-07-02,3.23,29.8
2013-07-04,3.23,30.53
2015-07-15,3.23,30.5
2016-07-12,3.23,29.5
2017-04-07,3.23,17.13
2022-08-07,3.23,30.55
2024-01-22,3.23,3.66
2024-05-13,3.23,24.21
1973-03-12,3.24,13.89
1978-07-03,3.24,29.21
1982-09-26,3.24,22.1
1987-03-19,3.24,11.93
1988-07-11,3.24,30.66
1990-02-19,3.24,6.42
1992-01-13,3.24,5.56
1992-01-24,3.24,7.64
1992-07-21,3.24,27.4
1993-02-12,3.24,5.82
1993-04-10,3.24,17.27
1993-07-13,3.24,27.65
1994-04-25,3.24,21.25
1994-08-17,3.24,29.82
1994-10-09,3.24,20.36
1995-06-27,3.24,28.97
1997-01-23,3.24,7.37
1997-06-02,3.24,25.72
1997-11-22,3.24,9.54
1997-12-22,3.24,5.25
2000-10-06,3.24,19.18
2002-07-10,3.24,32.33
2002-10-11,3.24,20.93
2004-04-23,3.24,18.69
2004-05-24,3.24,23.35
2004-10-08,3.24,23.39
2009-06-08,3.24,23.17
2013-02-08,3.24,9.07
2014-09-01,3.24,28.29
2014-10-10,3.24,21.65
2015-01-12,3.24,4.54
2017-09-11,3.24,26.8
2020-10-12,3.24,22.85
2022-02-22,3.24,9.04
2023-03-11,3.24,9.95
1982-01-13,3.25,-1.87
1983-06-14,3.25,26.46
1985-07-22,3.25,30.19
1985-11-25,3.25,5.58
1985-11-26,3.25,7.45
1990-01-21,3.25,6.57
1990-08-04,3.25,30.29
1991-02-14,3.25,11.5
1992-06-29,3.25,27.96
1993-05-05,3.25,21.36
1994-02-20,3.25,10.62
1996-08-27,3.25,28.6
1996-08-28,3.25,28.08
1998-09-11,3.25,26.93
2000-05-08,3.25,24.91
2002-02-06,3.25,5.11
2003-04-05,3.25,12.89
2003-06-11,3.25,26.49
2006-04-03,3.25,18.04
2008-08-08,3.25,29.96
2009-06-06,3.25,23.74
2009-06-19,3.25,28.14
2011-10-20,3.25,16.46
2013-07-05,3.25,30.53
2014-06-15,3.25,25.35
2015-02-01,3.25,6.01
2017-08-31,3.25,28.83
2019-07-06,3.25,29.96
2020-01-24,3.25,7.78
2022-07-02,3.25,30.52
2023-03-12,3.25,10.52
1974-05-01,3.26,22.05
1977-06-22,3.26,27.96
1977-08-24,3.26,28.22
1977-09-19,3.26,24.8
1990-05-05,3.26,21.32
1992-02-18,3.26,9.17
1995-08-25,3.26,29.49
1998-02-24,3.26,11.23
2000-06-16,3.26,27.76
2001-05-06,3.26,21.55
2004-10-09,3.26,23.29
2007-07-28,3.26,30.49
2008-09-07,3.26,25.52
2016-04-19,3.26,20.19
2019-07-05,3.26,29.85
1974-11-18,3.27,12.3
1974-11-24,3.27,11.74
1978-01-19,3.27,-0.59
1978-03-02,3.27,4.02
1981-11-01,3.27,16.45
1981-11-24,3.27,11.14
1983-07-05,3.27,29.76
1984-06-22,3.27,28.04
1984-07-17,3.27,30.76
1985-02-01,3.27,-4.42
1985-10-31,3.27,15.05
1987-06-20,3.27,28.93
1987-08-14,3.27,27.96
1994-05-03,3.27,17.62
1997-08-12,3.27,27.21
1998-04-28,3.27,18.35
1999-05-11,3.27,20.13
2008-03-03,3.27,12.03
2008-11-15,3.27,13.15
2009-03-14,3.27,9.21
2015-02-17,3.27,4.24
2015-09-09,3.27,28.87
2017-08-15,3.27,27.93
2018-09-06,3.27,28.15
2020-03-15,3.27,9.84
2020-05-23,3.27,24.08
2024-02-29,3.27,10.36
1975-07-21,3.28,30.49
1979-03-19,3.28,13.36
1980-08-17,3.28,27.46
1980-11-24,3.28,7.67
1984-03-13,3.28,9.25
1986-10-24,3.28,17.75
1987-01-22,3.28,2.8
1990-08-06,3.28,29.41
1992-01-28,3.28,7.71
1993-01-11,3.28,-0.71
1993-03-02,3.28,8.75
1996-05-10,3.28,22.07
1997-02-14,3.28,4.22
1997-06-22,3.28,28.9
1999-04-30,3.28,17.33
1999-05-18,3.28,23.16
2000-03-08,3.28,17.13
2001-11-15,3.28,17.01
2004-08-24,3.28,26.54
2005-07-08,3.28,30.69
2013-08-14,3.28,28.64
2013-12-15,3.28,4.81
2016-10-17,3.28,23.22
2017-10-07,3.28,23.12
2018-11-03,3.28,14.73
2020-01-14,3.28,7.27
2024-04-04,3.28,16.25
2024-07-18,3.28,31.14
1974-02-16,3.29,9.39
1974-10-28,3.29,18.46
1976-10-31,3.29,14.06
1981-05-04,3.29,20.87
1984-01-10,3.29,5.74
1988-07-22,3.29,30.92
1989-08-25,3.29,26.98
1991-12-13,3.29,10.9
1993-03-18,3.29,7.89
1993-04-09,3.29,16.4
1993-07-20,3.29,28.87
2000-03-11,3.29,11.22
2001-01-20,3.29,3.07
2003-07-22,3.29,31.91
2005-05-20,3.29,26.06
2006-07-23,3.29,32.21
2007-06-19,3.29,28.89
2009-06-03,3.29,24.58
2009-06-18,3.29,27.83
2015-05-30,3.29,25.56
2016-09-17,3.29,26.27
2018-07-01,3.29,30.18
2019-12-10,3.29,8.6
2021-01-31,3.29,7.16
2022-05-31,3.29,24.82
1974-05-10,3.3,21.76
1978-11-18,3.3,10.18
1981-05-28,3.3,24.85
1983-01-27,3.3,4.4
1985-03-28,3.3,15.28
1987-01-02,3.3,5.49
1987-09-19,3.3,23.49
1988-05-21,3.3,24.13
1989-06-28,3.3,29.11
1989-08-19,3.3,27.93
1991-05-24,3.3,25.75
1992-05-28,3.3,20.22
1993-07-22,3.3,28.13
1994-12-10,3.3,4.55
1996-07-10,3.3,28.02
2005-05-13,3.3,20.52
2006-03-13,3.3,12.78
2006-09-12,3.3,25.8
2007-05-02,3.3,23.86
2007-12-29,3.3,3.67
2008-06-11,3.3,26.64
2008-11-11,3.3,9.81
2016-03-13,3.3,17.38
2017-10-30,3.3,16.18
2021-04-11,3.3,19.55
2022-05-05,3.3,20.61
2023-08-05,3.3,30.35
1975-07-30,3.31,29.99
1976-11-27,3.31,7.3
1978-05-12,3.31,22.92
1980-03-12,3.31,8.61
1981-04-24,3.31,20.92
1986-05-15,3.31,22.57
1986-11-20,3.31,10.44
1987-05-03,3.31,21.45
1988-12-31,3.31,4.64
1990-01-17,3.31,10.3
1990-10-08,3.31,18.53
1994-05-08,3.31,21.37
1995-08-03,3.31,30.61
1997-06-07,3.31,24.47
1998-04-17,3.31,15.26
1998-10-07,3.31,20.42
1999-05-04,3.31,20.29
2002-12-25,3.31,1.96
2003-10-15,3.31,19.25
2004-07-27,3.31,28.14
2004-10-24,3.31,16.75
2006-06-17,3.31,28.89
2007-09-11,3.31,25.74
2011-06-27,3.31,29.5
2012-09-05,3.31,30.71
2014-08-22,3.31,29.03
2015-03-10,3.31,15.65
2019-05-30,3.31,24.81
2021-02-18,3.31,0.0
1975-06-17,3.32,26.35
1977-09-25,3.32,23.39
1979-01-13,3.32,0.73
1982-02-01,3.32,5.39
1982-07-11,3.32,29.32
1984-10-20,3.32,14.76
1985-03-20,3.32,14.88
1987-09-16,3.32,25.51
1988-03-30,3.32,13.89
1988-05-19,3.32,23.37
1989-02-16,3.32,5.95
1990-05-09,3.32,21.25
1990-06-01,3.32,23.36
1996-05-17,3.32,25.07
1996-06-09,3.32,28.11
1997-06-10,3.32,24.82
1999-03-28,3.32,13.72
2002-08-17,3.32,30.87
2003-06-18,3.32,28.63
2004-11-04,3.32,13.41
2005-06-29,3.32,29.48
2007-01-01,3.32,7.36
2008-08-20,3.32,28.09
2010-12-13,3.32,5.41
2015-05-28,3.32,26.06
2020-06-22,3.32,29.55
2020-08-30,3.32,29.36
2022-05-27,3.32,25.9
2023-03-22,3.32,11.95
2023-08-07,3.32,29.83
1974-03-29,3.33,16.15
1982-05-21,3.33,23.92
1982-12-15,3.33,6.24
1991-07-27,3.33,28.42
1993-03-27,3.33,15.92
1994-08-18,3.33,30.58
1996-08-29,3.33,28.72
1997-08-06,3.33,28.89
1999-04-14,3.33,18.4
2000-10-22,3.33,19.26
2001-10-10,3.33,19.34
2003-11-13,3.33,13.41
2004-02-07,3.33,4.06
2005-02-28,3.33,9.16
2005-08-11,3.33,30.14
2006-10-26,3.33,13.95
2012-07-15,3.33,31.06
2013-09-30,3.33,22.46
2015-12-18,3.33,5.47
2017-02-07,3.33,11.18
2018-10-25,3.33,15.95
2024-03-24,3.33,11.18
2024-05-03,3.33,21.3
2024-05-10,3.33,22.03
2024-07-05,3.33,30.72
1974-09-29,3.34,22.21
1978-04-06,3.34,17.36
1980-05-30,3.34,25.17
1980-07-28,3.34,31.95
1981-02-01,3.34,4.35
1981-04-04,3.34,17.3
1981-08-06,3.34,31.36
1981-08-07,3.34,31.0
1983-12-07,3.34,5.51
1985-04-06,3.34,17.22
1986-10-26,3.34,17.36
1989-03-31,3.34,14.98
1991-05-16,3.34,24.64
1991-12-29,3.34,5.65
1992-09-06,3.34,25.63
1995-05-19,3.34,22.38
1995-07-18,3.34,29.79
1996-07-20,3.34,30.28
2000-01-24,3.34,4.75
2000-07-04,3.34,28.55
2002-10-27,3.34,12.76
2007-12-01,3.34,6.43
2008-05-09,3.34,20.77
2009-05-17,3.34,23.27
2012-06-11,3.34,27.31
2019-11-28,3.34,6.87
2022-04-05,3.34,17.1
2023-05-14,3.34,23.72
2023-12-24,3.34,10.54
1976-02-21,3.35,10.67
1976-05-13,3.35,23.09
1981-06-09,3.35,28.48
1987-03-31,3.35,10.9
1990-12-31,3.35,1.65
1996-12-06,3.35,7.88
1999-11-23,3.35,12.05
2002-10-30,3.35,9.78
2004-07-23,3.35,29.92
2005-05-31,3.35,23.18
2008-10-25,3.35,16.83
2016-06-03,3.35,27.23
2017-08-11,3.35,29.15
2019-09-22,3.35,25.51
2019-10-07,3.35,21.69
2020-05-21,3.35,22.02
2022-07-29,3.35,31.01
2022-08-20,3.35,29.26
2023-02-28,3.35,11.49
1974-01-16,3.36,11.61
1975-09-13,3.36,21.81
1978-02-08,3.36,0.54
1978-04-11,3.36,17.64
1982-12-23,3.36,9.76
1983-05-12,3.36,19.29
1983-11-15,3.36,11.64
1984-01-11,3.36,2.87
1986-09-18,3.36,22.63
1996-06-25,3.36,27.76
1996-10-19,3.36,16.64
2002-09-16,3.36,26.76
2004-05-27,3.36,24.35
2011-11-28,3.36,11.75
2012-04-04,3.36,19.16
2016-07-28,3.36,32.15
2017-06-17,3.36,29.49
2018-03-30,3.36,14.98
2020-05-28,3.36,27.58
2023-10-29,3.36,12.54
1974-06-10,3.37,26.21
1974-08-07,3.37,27.41
1975-04-30,3.37,17.75
1975-07-13,3.37,27.32
1977-11-06,3.37,16.77
1978-08-01,3.37,29.51
1979-08-21,3.37,27.36
1989-06-27,3.37,29.04
1991-08-08,3.37,30.1
1993-05-24,3.37,22.89
1996-04-24,3.37,20.6
1997-07-20,3.37,29.92
1998-07-04,3.37,30.02
2001-09-07,3.37,27.13
2003-06-26,3.37,28.0
2004-07-03,3.37,29.24
2006-01-11,3.37,10.29
2007-05-30,3.37,25.93
2008-08-27,3.37,27.31
2013-10-16,3.37,16.54
2018-07-18,3.37,31.54
2019-07-18,3.37,31.27
2021-05-19,3.37,24.15
2023-06-18,3.37,27.27
2024-05-04,3.37,21.65
1973-05-09,3.38,22.37
1973-07-31,3.38,29.42
1973-11-16,3.38,13.87
1978-08-03,3.38,28.92
1980-10-26,3.38,12.81
1988-05-20,3.38,23.05
1990-05-27,3.38,23.8
1993-06-10,3.38,26.33
1994-06-14,3.38,29.04
1994-07-28,3.38,29.48
1996-04-22,3.38,18.95
1998-07-24,3.38,29.41
2002-10-25,3.38,11.49
2008-01-28,3.38,8.71
2008-12-24,3.38,3.01
2010-06-01,3.38,26.53
2010-06-04,3.38,26.48
2011-09-19,3.38,23.98
2013-02-23,3.38,5.6
2017-08-28,3.38,29.32
2018-09-20,3.38,26.34
2019-10-11,3.38,16.79
2021-06-04,3.38,29.39
2021-06-30,3.38,30.49
2022-07-09,3.38,31.77
1974-08-11,3.39,27.63
1976-09-28,3.39,20.48
1978-05-14,3.39,23.02
1980-01-10,3.39,2.61
1980-10-25,3.39,13.85
1984-06-10,3.39,25.1
1989-04-05,3.39,16.79
1990-09-20,3.39,23.11
1992-12-20,3.39,4.08
1997-09-26,3.39,24.48
2002-05-17,3.39,22.95
2007-01-06,3.39,8.56
2007-03-29,3.39,16.39
2008-02-18,3.39,9.66
2009-06-21,3.39,27.51
2011-05-19,3.39,19.31
2013-06-02,3.39,26.06
2017-10-15,3.39,20.41
2019-05-05,3.39,22.01
2021-06-21,3.39,30.5
1973-10-29,3.4,15.8
1973-12-17,3.4,4.53
1974-05-22,3.4,23.39
1975-02-03,3.4,5.13
1975-06-01,3.4,24.42
1979-04-25,3.4,19.96
1979-08-26,3.4,27.37
1982-08-24,3.4,28.82
1983-04-03,3.4,11.59
1983-09-19,3.4,25.51
1984-12-21,3.4,7.12
1985-11-12,3.4,8.76
1986-06-30,3.4,28.92
1989-09-14,3.4,22.96
1990-08-19,3.4,28.33
1991-01-07,3.4,1.99
1993-02-11,3.4,7.51
1994-08-05,3.4,29.96
1996-06-08,3.4,27.49
1996-10-29,3.4,15.72
1997-03-26,3.4,15.84
1998-06-17,3.4,26.2
1999-09-30,3.4,21.86
2001-12-18,3.4,10.1
2007-06-29,3.4,29.06
2007-10-03,3.4,23.47
2013-04-15,3.4,16.24
2013-05-04,3.4,18.51
2013-07-22,3.4,30.69
2017-09-01,3.4,27.96
2019-04-05,3.4,16.6
2023-10-30,3.4,10.58
2024-12-15,3.4,9.39
1975-08-14,3.41,28.91
1976-02-17,3.41,12.57
1976-08-15,3.41,27.84
1981-07-21,3.41,31.94
1981-12-31,3.41,4.15
1982-03-14,3.41,14.74
1985-04-24,3.41,20.51
1986-09-04,3.41,27.05
1986-09-06,3.41,25.65
1993-04-16,3.41,15.32
1993-05-07,3.41,22.47
1995-12-09,3.41,2.5
1997-07-23,3.41,29.39
1999-01-09,3.41,3.87
1999-06-11,3.41,26.69
2000-03-16,3.41,14.01
2000-09-22,3.41,22.31
2003-10-09,3.41,24.41
2004-08-22,3.41,27.27
2005-09-24,3.41,25.38
2009-07-28,3.41,30.34
2013-03-11,3.41,11.62
2014-06-23,3.41,28.84
2014-09-30,3.41,22.53
2020-09-01,3.41,26.81
2020-10-30,3.41,15.09
2023-10-05,3.41,23.75
1978-05-28,3.42,26.07
1978-07-02,3.42,29.76
1979-08-20,3.42,27.41
1984-05-23,3.42,25.84
1986-07-13,3.42,29.34
1988-11-12,3.42,12.18
1991-01-30,3.42,3.25
1993-04-26,3.42,19.87
1994-07-21,3.42,30.81
1995-01-28,3.42,6.59
1996-05-29,3.42,21.72
1997-12-25,3.42,4.32
1998-12-12,3.42,8.4
2002-01-07,3.42,6.8
2003-07-02,3.42,30.18
2004-07-29,3.42,28.08
2005-10-06,3.42,20.97
2005-11-01,3.42,16.64
2006-10-20,3.42,15.39
2007-06-07,3.42,24.38
2010-07-12,3.42,30.28
2011-09-07,3.42,26.08
2012-07-12,3.42,31.89
2015-10-22,3.42,20.21
2018-04-23,3.42,19.71
2020-01-17,3.42,5.15
2021-06-09,3.42,29.09
2024-06-18,3.42,27.96
1974-08-04,3.43,27.34
1976-03-21,3.43,15.24
1981-12-14,3.43,5.61
1984-12-05,3.43,2.28
1986-02-06,3.43,7.63
1989-06-06,3.43,26.25
1989-07-02,3.43,29.64
1989-09-30,3.43,25.07
1990-08-14,3.43,28.67
1994-03-03,3.43,12.38
1996-11-22,3.43,8.38
1998-11-30,3.43,14.68
1999-05-31,3.43,25.52
1999-06-29,3.43,28.3
2003-03-06,3.43,7.28
2004-04-26,3.43,20.52
2010-09-10,3.43,24.11
2012-12-20,3.43,7.09
2015-06-19,3.43,29.36
2016-09-10,3.43,27.71
2017-03-07,3.43,13.6
2017-05-24,3.43,23.1
2020-06-29,3.43,28.83
2023-05-08,3.43,22.84
2024-07-24,3.43,30.93
1976-06-01,3.44,25.16
1976-09-15,3.44,25.44
1977-08-15,3.44,28.99
1978-01-08,3.44,6.8
1982-10-08,3.44,20.27
1983-11-16,3.44,11.2
1985-01-17,3.44,3.33
1985-06-26,3.44,26.63
1985-09-09,3.44,26.04
1986-08-10,3.44,29.85
1992-07-31,3.44,29.28
1993-02-20,3.44,3.91
1993-07-24,3.44,27.79
1994-09-23,3.44,22.97
1996-06-23,3.44,27.4
1998-07-05,3.44,29.74
1998-12-28,3.44,7.38
2001-10-06,3.44,19.44
2007-07-27,3.44,30.42
2010-01-24,3.44,7.04
2013-09-28,3.44,21.6
2014-08-13,3.44,28.73
2017-05-19,3.44,22.14
2018-06-11,3.44,27.6
2018-08-18,3.44,30.56
2019-02-22,3.44,5.01
2020-03-04,3.44,14.29
2020-11-11,3.44,13.08
2021-03-28,3.44,17.46
2022-09-11,3.44,25.69
2022-11-25,3.44,11.46
1973-07-24,3.45,29.02
1977-09-29,3.45,23.35
1979-05-09,3.45,19.58
1979-05-25,3.45,22.51
1981-06-15,3.45,25.81
1982-06-28,3.45,28.75
1983-06-06,3.45,24.09
1987-02-23,3.45,7.01
1987-09-08,3.45,26.66
1989-08-28,3.45,28.15
1992-08-26,3.45,25.56
1997-05-24,3.45,22.52
1999-07-11,3.45,28.45
1999-12-10,3.45,8.8
2001-05-31,3.45,24.88
2001-07-28,3.45,29.91
2002-12-19,3.45,8.3
2003-02-27,3.45,3.54
2003-08-02,3.45,30.54
2004-10-11,3.45,19.71
2005-08-10,3.45,30.81
2006-11-06,3.45,16.01
2011-01-17,3.45,6.49
2011-11-16,3.45,13.57
2013-04-20,3.45,14.66
2015-11-06,3.45,15.57
2016-10-21,3.45,19.2
2017-09-26,3.45,23.08
2020-03-25,3.45,14.98
2020-09-30,3.45,24.27
2021-04-30,3.45,23.33
2022-06-06,3.45,26.46
2022-08-30,3.45,30.79
2022-10-13,3.45,22.55
2024-01-27,3.45,9.62
2024-06-22,3.45,30.11
2024-09-13,3.45,26.41
1973-04-17,3.46,16.66
1981-08-17,3.46,28.6
1986-09-27,3.46,22.92
1987-05-31,3.46,26.17
1987-09-18,3.46,24.48
1989-02-17,3.46,3.75
1989-07-17,3.46,28.75
1990-05-20,3.46,21.83
1990-06-22,3.46,30.01
1993-07-23,3.46,27.97
1994-02-10,3.46,2.36
1999-06-23,3.46,28.18
2000-03-23,3.46,16.23
2003-09-13,3.46,24.56
2009-08-21,3.46,29.5
2010-06-15,3.46,26.89
2012-07-11,3.46,31.54
2012-08-19,3.46,28.72
2016-06-04,3.46,28.25
2016-10-14,3.46,19.75
2021-08-02,3.46,29.11
2023-06-03,3.46,27.21
1974-11-03,3.47,14.41
1974-12-01,3.47,4.69
1975-05-16,3.47,24.07
1978-06-09,3.47,26.85
1981-09-16,3.47,25.47
1982-07-31,3.47,29.73
1984-06-05,3.47,24.72
1986-12-10,3.47,4.19
1987-02-15,3.47,8.31
1988-11-28,3.47,7.72
1990-06-16,3.47,26.92
1994-07-13,3.47,30.17
1998-03-20,3.47,11.38
1999-04-09,3.47,18.57
2002-05-14,3.47,22.32
2003-08-03,3.47,29.94
2004-07-05,3.47,28.76
2010-06-28,3.47,30.82
2010-07-24,3.47,31.33
2011-01-01,3.47,2.8
2015-05-12,3.47,20.98
2015-07-02,3.47,30.04
2015-07-04,3.47,29.77
2016-07-03,3.47,28.8
2018-05-21,3.47,23.91
2020-10-10,3.47,25.42
2021-10-01,3.47,23.16
2024-05-22,3.47,24.25
1973-09-02,3.48,27.04
1974-02-07,3.48,4.02
1975-08-02,3.48,29.41
1982-07-28,3.48,30.1
1988-08-04,3.48,30.78
1992-09-22,3.48,26.06
1993-02-26,3.48,2.29
1994-05-04,3.48,19.12
1994-12-07,3.48,7.25
1995-05-07,3.48,18.67
1995-10-15,3.48,20.77
1996-07-09,3.48,29.31
1996-09-07,3.48,26.48
1996-12-31,3.48,10.05
2001-02-17,3.48,4.74
2004-07-02,3.48,28.47
2005-04-01,3.48,15.35
2007-12-12,3.48,6.8
2010-07-04,3.48,28.42
2011-11-29,3.48,12.01
2012-07-10,3.48,31.7
2013-10-04,3.48,21.35
2015-11-30,3.48,5.73
2018-05-03,3.48,22.74
2023-08-10,3.48,29.76
1977-03-03,3.49,7.64
1981-06-05,3.49,26.74
1982-01-05,3.49,4.79
1982-03-07,3.49,6.22
1982-08-10,3.49,27.71
1983-02-03,3.49,3.92
1984-11-11,3.49,11.15
1988-09-16,3.49,25.08
1989-06-03,3.49,27.18
1989-09-26,3.49,22.73
1993-10-16,3.49,18.62
1995-10-21,3.49,17.98
1996-10-28,3.49,14.9
1998-04-16,3.49,15.37
1999-07-12,3.49,28.77
2002-11-09,3.49,15.98
2009-06-04,3.49,24.31
2012-12-27,3.49,0.87
2014-06-25,3.49,28.38
2016-12-26,3.49,8.47
2017-02-09,3.49,9.41
2019-05-11,3.49,18.7
2020-07-07,3.49,31.36
2022-06-09,3.49,27.44
2023-06-16,3.49,26.7
1974-10-16,3.5,19.54
1976-05-06,3.5,19.78
1981-06-02,3.5,25.54
1984-08-02,3.5,29.29
1985-11-05,3.5,15.37
1986-05-10,3.5,21.06
1993-06-01,3.5,23.03
1993-06-22,3.5,28.03
1994-12-06,3.5,6.86
1999-04-23,3.5,18.33
2002-01-20,3.5,5.08
2008-12-19,3.5,5.01
2009-04-01,3.5,12.8
2009-10-24,3.5,16.13
2010-04-03,3.5,17.39
2011-09-04,3.5,29.02
2013-12-07,3.5,-2.23
2015-06-13,3.5,28.14
2019-02-14,3.5,7.59
2021-12-24,3.5,10.8
2024-05-24,3.5,24.49
1977-09-16,3.51,23.96
1977-10-02,3.51,20.83
1978-04-19,3.51,16.13
1978-09-11,3.51,26.99
1982-08-30,3.51,27.17
1987-07-05,3.51,29.2
1990-04-29,3.51,19.22
1991-10-25,3.51,16.7
1992-02-13,3.51,7.29
1994-05-14,3.51,22.83
1997-07-01,3.51,28.28
2000-06-05,3.51,26.38
2003-10-10,3.51,23.56
2009-04-28,3.51,19.49
2010-05-12,3.51,18.23
2011-03-01,3.51,10.77
2012-05-30,3.51,26.42
2013-08-02,3.51,29.08
2016-02-25,3.51,11.06
2016-09-22,3.51,26.1
2018-07-22,3.51,31.15
2021-02-15,3.51,-4.84
1973-07-22,3.52,27.39
1976-05-08,3.52,18.88
1978-01-18,3.52,0.55
1979-03-20,3.52,12.98
1986-07-10,3.52,29.3
1987-06-03,3.52,26.61
1989-11-09,3.52,14.71
1990-02-17,3.52,4.94
1991-05-08,3.52,20.77
1991-06-15,3.52,27.36
1992-03-04,3.52,15.12
1993-02-21,3.52,5.47
1995-01-10,3.52,8.05
1997-07-31,3.52,27.93
2002-02-07,3.52,7.6
2002-03-12,3.52,12.31
2002-05-09,3.52,20.6
2004-10-27,3.52,17.12
2005-12-29,3.52,11.14
2011-02-28,3.52,10.5
2015-06-11,3.52,28.7
2016-05-28,3.52,24.4
2018-04-04,3.52,14.2
2019-11-21,3.52,11.65
2024-07-25,3.52,31.54
1976-10-06,3.53,18.69
1977-08-28,3.53,26.71
1978-12-18,3.53,5.45
1978-12-25,3.53,5.39
1980-06-24,3.53,29.78
1980-09-17,3.53,25.5
1981-06-07,3.53,28.27
1984-07-18,3.53,30.15
1991-05-31,3.53,25.53
1993-08-07,3.53,27.03
1993-10-09,3.53,18.04
1995-08-02,3.53,30.32
2000-05-26,3.53,25.51
2004-04-22,3.53,18.9
2007-04-26,3.53,19.71
2007-08-23,3.53,30.11
2011-12-23,3.53,5.71
2013-05-19,3.53,24.47
2013-08-09,3.53,28.73
2015-05-15,3.53,21.04
2017-06-13,3.53,27.71
2017-08-06,3.53,28.28
2017-08-12,3.53,28.98
2020-06-30,3.53,28.25
1973-03-04,3.54,11.87
1980-06-20,3.54,28.18
1981-10-13,3.54,17.05
1982-12-05,3.54,11.75
1984-07-28,3.54,28.5
1985-10-22,3.54,18.09
1985-11-15,3.54,9.91
1986-02-19,3.54,11.95
1988-04-01,3.54,14.39
1996-12-08,3.54,9.32
2002-11-10,3.54,16.07
2008-03-31,3.54,12.53
2011-12-04,3.54,7.49
1984-04-09,3.55,15.04
1984-04-27,3.55,17.84
1986-04-04,3.55,16.68
1986-10-14,3.55,15.61
1991-05-27,3.55,25.54
1997-09-17,3.55,26.43
2000-02-23,3.55,14.37
2004-05-30,3.55,23.57
2004-07-28,3.55,27.97
2006-06-18,3.55,29.17
2007-07-10,3.55,31.61
2009-07-05,3.55,28.96
2011-07-26,3.55,31.92
2013-08-08,3.55,29.1
2015-08-07,3.55,29.54
2016-06-01,3.55,26.29
2017-01-18,3.55,8.63
2019-05-02,3.55,18.54
2022-06-07,3.55,26.73
1975-02-01,3.56,4.75
1980-02-09,3.56,2.65
1981-12-02,3.56,7.99
1982-10-10,3.56,17.83
1986-05-26,3.56,25.65
1991-03-17,3.56,10.72
1995-11-03,3.56,10.55
1998-07-30,3.56,30.21
1999-07-02,3.56,28.95
1999-12-05,3.56,9.95
2002-04-14,3.56,22.98
2002-11-17,3.56,10.51
2004-05-19,3.56,24.32
2007-10-24,3.56,20.0
2008-01-05,3.56,8.18
2008-10-06,3.56,20.68
2012-05-08,3.56,22.26
2016-02-23,3.56,10.94
2016-05-20,3.56,21.82
2018-01-22,3.56,9.0
2024-04-02,3.56,16.36
2024-04-12,3.56,19.68
1979-01-08,3.57,-1.87
1980-02-19,3.57,8.19
1983-03-26,3.57,8.63
1983-07-02,3.57,28.9
1985-10-18,3.57,19.73
1989-06-11,3.57,25.99
1989-07-13,3.57,30.26
1990-09-19,3.57,23.26
1992-06-02,3.57,24.13
1992-07-22,3.57,27.0
1992-07-24,3.57,26.81
1995-05-06,3.57,18.44
2000-11-10,3.57,7.83
2001-01-11,3.57,6.25
2010-07-13,3.57,30.06
2012-04-27,3.57,21.45
2014-12-23,3.57,9.16
2016-07-02,3.57,28.66
2018-01-28,3.57,9.48
2019-09-13,3.57,26.68
2021-05-17,3.57,24.14
2021-06-08,3.57,29.02
2021-07-12,3.57,30.61
2022-03-09,3.57,7.19
1978-02-07,3.58,0.63
1978-02-09,3.58,1.15
1980-02-20,3.58,10.76
1982-06-15,3.58,26.49
1984-05-02,3.58,17.72
1988-03-25,3.58,17.75
1988-07-13,3.58,30.06
1989-07-20,3.58,30.56
1990-03-29,3.58,13.06
1992-10-04,3.58,23.54
1997-07-24,3.58,30.23
1998-10-31,3.58,15.72
2005-11-30,3.58,6.76
2008-08-24,3.58,29.16
2010-11-23,3.58,9.69
2015-05-31,3.58,25.09
2020-02-12,3.58,7.18
2021-07-19,3.58,30.99
2023-06-22,3.58,27.56
1975-07-14,3.59,28.17
1978-08-02,3.59,29.63
1982-01-22,3.59,2.21
1986-06-08,3.59,26.81
1986-09-02,3.59,25.05
1990-06-17,3.59,27.59
1993-02-22,3.59,5.49
1993-06-07,3.59,22.76
1993-09-15,3.59,22.19
2001-06-08,3.59,27.38
2002-10-03,3.59,19.99
2007-01-04,3.59,10.04
2007-08-24,3.59,29.53
2009-04-18,3.59,18.2
1974-11-04,3.6,13.48
1977-08-25,3.6,27.05
1981-07-02,3.6,28.56
1985-05-22,3.6,24.53
1986-07-27,3.6,30.38
1986-08-11,3.6,28.95
1988-07-01,3.6,27.45
1992-08-14,3.6,27.93
1995-06-09,3.6,22.11
1996-06-01,3.6,24.32
1996-11-09,3.6,13.01
1997-06-30,3.6,28.69
2001-02-28,3.6,6.03
2007-04-01,3.6,17.17
2007-04-12,3.6,13.06
2007-12-21,3.6,8.63
2009-06-20,3.6,28.13
2016-07-29,3.6,31.57
2017-06-14,3.6,27.59
2018-02-05,3.6,7.17
2018-11-02,3.6,14.72
2019-05-29,3.6,23.66
2021-02-12,3.6,-0.15
1973-06-18,3.61,25.7
1973-06-19,3.61,25.27
1979-09-20,3.61,25.15
1979-11-24,3.61,8.93
1983-04-07,3.61,10.97
1984-08-03,3.61,29.71
1984-12-31,3.61,5.69
1985-04-22,3.61,21.02
1985-10-15,3.61,18.89
1992-03-09,3.61,14.06
1992-05-30,3.61,21.7
1999-04-25,3.61,17.81
2000-06-29,3.61,27.95
2004-05-22,3.61,24.67
2005-06-07,3.61,26.35
2011-06-23,3.61,28.97
2014-05-28,3.61,27.77
2022-03-07,3.61,10.7
1975-01-31,3.62,4.62
1978-03-08,3.62,8.27
1989-05-16,3.62,22.48
1989-07-14,3.62,29.57
1991-04-05,3.62,21.08
1991-08-20,3.62,29.29
1993-05-10,3.62,23.09
1996-06-07,3.62,27.65
1998-03-28,3.62,17.49
2004-06-23,3.62,26.9
2009-10-29,3.62,12.44
2015-05-14,3.62,20.1
2017-08-16,3.62,28.19
2018-04-08,3.62,11.13
2021-03-25,3.62,13.92
2023-08-14,3.62,30.09
1975-05-08,3.63,20.07
1981-08-16,3.63,29.88
1982-06-17,3.63,26.77
1984-11-01,3.63,15.54
1985-11-29,3.63,3.0
1988-08-24,3.63,30.29
1989-05-06,3.63,21.42
1991-02-05,3.63,14.05
1992-03-07,3.63,14.94
1994-11-27,3.63,8.32
1995-05-14,3.63,21.05
2002-05-12,3.63,21.76
2005-06-08,3.63,26.11
2006-01-14,3.63,10.8
2008-07-10,3.63,30.43
2009-05-24,3.63,24.66
2015-04-18,3.63,20.87
2015-10-04,3.63,17.81
2018-02-20,3.63,7.69
2019-05-04,3.63,21.03
2019-10-17,3.63,18.77
2021-07-18,3.63,31.0
2022-01-03,3.63,3.51
1974-05-13,3.64,21.47
1976-03-04,3.64,8.02
1980-01-23,3.64,4.44
1983-04-10,3.64,13.1
1984-04-05,3.64,14.38
1986-09-05,3.64,26.95
1986-10-01,3.64,21.86
1987-03-30,3.64,8.97
1987-07-12,3.64,29.29
1990-09-21,3.64,23.45
1990-10-12,3.64,17.94
1990-10-19,3.64,16.68
1992-01-23,3.64,7.68
1992-02-16,3.64,10.51
1995-05-29,3.64,23.17
1997-06-15,3.64,26.01
1999-06-30,3.64,28.07
2000-06-19,3.64,26.65
2003-05-17,3.64,22.96
2003-12-13,3.64,3.53
2004-02-12,3.64,3.82
2004-04-21,3.64,19.06
2004-07-24,3.64,28.29
2008-07-23,3.64,30.75
2011-04-17,3.64,16.99
2015-05-06,3.64,22.6
2015-12-26,3.64,8.06
2016-03-28,3.64,15.78
2018-07-30,3.64,30.36
2021-09-22,3.64,24.56
2023-09-23,3.64,24.41
1975-04-03,3.65,10.46
1977-10-25,3.65,19.69
1979-07-28,3.65,30.06
1982-02-09,3.65,1.16
1988-08-23,3.65,29.6
1990-08-20,3.65,27.44
1991-06-23,3.65,26.67
1994-08-31,3.65,26.94
1998-05-07,3.65,22.36
1998-09-21,3.65,24.91
1998-12-13,3.65,10.18
2000-12-16,3.65,5.37
2001-02-10,3.65,5.04
2001-03-03,3.65,8.97
2008-05-27,3.65,22.87
2010-05-17,3.65,23.63
2012-09-08,3.65,28.31
2013-11-26,3.65,5.77
2017-03-08,3.65,12.74
2021-07-01,3.65,30.37
2023-12-10,3.65,9.49
1973-02-14,3.66,5.28
1976-09-26,3.66,22.4
1977-05-05,3.66,21.34
1982-06-04,3.66,22.69
1983-11-10,3.66,12.16
1984-11-19,3.66,8.62
1988-11-06,3.66,15.09
1988-11-13,3.66,12.92
1989-02-15,3.66,6.42
1991-06-20,3.66,28.28
1993-10-21,3.66,17.16
1994-07-15,3.66,29.35
2001-09-25,3.66,23.64
2006-06-27,3.66,29.23
2007-05-05,3.66,19.73
2010-06-12,3.66,25.84
2013-05-28,3.66,24.27
2013-07-27,3.66,28.66
2013-08-13,3.66,29.52
2015-04-13,3.66,20.58
2016-11-28,3.66,10.23
2017-05-22,3.66,22.77
2023-08-06,3.66,30.35
2024-05-17,3.66,24.84
1976-10-05,3.67,20.02
1992-04-22,3.67,17.58
1993-06-25,3.67,27.36
1994-07-27,3.67,29.6
1995-06-10,3.67,23.83
1996-11-16,3.67,8.43
1998-03-18,3.67,10.67
2000-10-23,3.67,17.89
2004-06-17,3.67,27.26
2004-06-28,3.67,26.37
2004-09-28,3.67,24.4
2008-08-26,3.67,28.51
2009-09-21,3.67,25.51
2011-05-24,3.67,24.1
2011-11-09,3.67,13.03
2012-03-03,3.67,10.57
2024-03-06,3.67,13.19
1973-01-03,3.68,3.32
1975-01-13,3.68,0.38
1977-07-11,3.68,29.85
1978-11-26,3.68,7.27
1978-12-08,3.68,-0.26
1980-11-18,3.68,5.76
1981-05-26,3.68,24.36
1983-08-02,3.68,31.18
1984-03-17,3.68,11.48
1990-05-04,3.68,20.19
1993-06-24,3.68,26.83
1996-10-18,3.68,17.76
1996-12-24,3.68,4.91
1997-08-21,3.68,28.47
2003-12-29,3.68,6.51
2004-02-25,3.68,7.74
2004-05-28,3.68,25.27
2010-03-09,3.68,12.07
2010-09-30,3.68,26.79
2016-12-18,3.68,2.57
2017-02-20,3.68,15.45
2021-10-27,3.68,16.33
2022-12-30,3.68,9.74
2023-08-04,3.68,30.78
1973-08-02,3.69,29.19
1981-06-12,3.69,27.42
1982-06-05,3.69,22.89
1990-10-03,3.69,22.19
1993-03-14,3.69,4.6
1994-08-22,3.69,28.34
1994-12-04,3.69,10.84
1995-01-27,3.69,7.0
1996-05-25,3.69,22.16
1996-11-24,3.69,7.37
1996-12-17,3.69,4.91
1998-06-06,3.69,21.04
2000-06-12,3.69,27.46
2001-05-30,3.69,24.66
2010-06-09,3.69,26.91
2013-09-12,3.69,28.61
2015-06-14,3.69,28.24
2016-07-11,3.69,29.29
2016-10-07,3.69,20.66
2016-10-09,3.69,21.21
2019-06-08,3.69,26.43
2021-04-08,3.69,20.72
2021-11-11,3.69,15.7
1975-04-24,3.7,19.83
1977-12-05,3.7,9.42
1979-05-24,3.7,23.19
1979-06-01,3.7,22.97
1979-08-27,3.7,27.4
1979-11-22,3.7,9.57
1988-03-04,3.7,9.61
1995-01-19,3.7,6.52
1995-03-11,3.7,13.94
1995-04-30,3.7,17.8
1998-02-27,3.7,9.57
1998-10-03,3.7,19.35
1998-10-04,3.7,18.55
2007-07-05,3.7,31.35
2008-01-08,3.7,10.65
2011-06-19,3.7,28.1
2015-06-02,3.7,25.21
2017-04-06,3.7,17.19
2018-05-31,3.7,28.21
2018-09-25,3.7,23.36
2020-03-13,3.7,15.33
2021-05-28,3.7,24.11
1981-07-04,3.71,29.84
1982-07-30,3.71,29.12
1983-05-03,3.71,18.83
1991-04-09,3.71,18.78
1991-09-04,3.71,28.42
1993-01-22,3.71,8.67
1995-06-12,3.71,25.62
1998-07-31,3.71,29.18
1999-01-31,3.71,8.04
1999-12-14,3.71,8.57
2003-04-08,3.71,12.44
2007-01-21,3.71,2.99
2010-06-02,3.71,26.33
2010-12-29,3.71,5.69
2012-01-18,3.71,5.57
2012-03-12,3.71,16.34
2017-07-29,3.71,30.72
2018-02-07,3.71,5.32
2019-06-18,3.71,27.01
2019-06-22,3.71,25.65
2023-08-31,3.71,28.8
1974-11-20,3.72,13.39
1978-08-30,3.72,27.75
1980-07-23,3.72,31.61
1981-07-29,3.72,28.76
1981-08-12,3.72,29.09
1986-02-16,3.72,6.88
1996-04-13,3.72,16.67
2004-08-26,3.72,27.31
2011-11-27,3.72,12.03
2011-12-20,3.72,7.96
2019-06-16,3.72,27.82
2020-07-01,3.72,28.23
2024-12-30,3.72,12.56
1974-01-27,3.73,9.24
1978-08-15,3.73,29.24
1980-02-15,3.73,5.59
1980-06-02,3.73,24.32
1985-02-02,3.73,-5.32
1987-03-24,3.73,12.8
1990-07-20,3.73,29.68
1990-12-23,3.73,-4.61
1991-08-09,3.73,30.58
1991-09-08,3.73,27.48
1993-07-04,3.73,28.08
1995-05-24,3.73,21.65
1998-03-07,3.73,6.89
2003-07-23,3.73,31.3
2004-01-26,3.73,2.4
2005-02-21,3.73,10.02
2005-03-22,3.73,11.88
2008-06-12,3.73,25.49
2008-08-11,3.73,28.3
2008-08-12,3.73,28.08
2017-10-08,3.73,23.95
2024-05-31,3.73,24.92
2024-06-28,3.73,29.04
1975-03-10,3.74,5.86
1977-06-23,3.74,28.12
1980-04-03,3.74,13.37
1980-07-22,3.74,31.98
1982-07-10,3.74,28.81
1982-12-02,3.74,11.72
1988-08-29,3.74,27.16
1989-04-04,3.74,16.96
1989-06-12,3.74,26.74
1990-05-21,3.74,21.72
1993-05-06,3.74,22.43
1995-03-05,3.74,6.86
1996-02-21,3.74,14.16
1998-06-19,3.74,28.16
1998-10-08,3.74,21.35
2002-01-06,3.74,6.4
2004-02-24,3.74,9.11
2004-03-01,3.74,10.87
2011-06-20,3.74,27.67
2013-03-10,3.74,11.71
2015-04-26,3.74,17.43
2016-09-25,3.74,24.38
2020-01-18,3.74,5.43
2023-04-21,3.74,17.53
2024-02-12,3.74,8.32
1975-02-12,3.75,7.5
1976-11-29,3.75,0.15
1977-12-06,3.75,6.35
1984-03-14,3.75,11.9
1985-03-21,3.75,14.6
1989-07-03,3.75,30.61
1993-09-25,3.75,23.57
1997-07-30,3.75,27.88
2000-06-28,3.75,27.54
2004-02-03,3.75,3.67
2004-07-06,3.75,28.66
2007-05-07,3.75,21.08
2007-06-04,3.75,27.39
2007-06-28,3.75,29.68
2015-02-22,3.75,6.7
2015-09-11,3.75,28.12
2019-01-23,3.75,4.45
2021-05-10,3.75,19.09
2021-05-29,3.75,22.83
2023-06-12,3.75,25.91
1979-08-22,3.76,27.83
1982-11-20,3.76,12.8
1985-08-01,3.76,27.66
1990-06-02,3.76,24.3
1990-06-23,3.76,29.53
1990-07-15,3.76,27.84
1990-12-30,3.76,0.92
1991-01-16,3.76,7.82
1991-03-27,3.76,16.39
1992-11-19,3.76,10.72
1997-11-02,3.76,15.57
1998-01-12,3.76,3.09
2002-10-28,3.76,12.64
2008-03-08,3.76,7.45
2010-04-23,3.76,18.62
2014-06-11,3.76,27.24
2017-08-27,3.76,28.72
2018-11-05,3.76,13.7
2019-04-07,3.76,18.74
2021-06-20,3.76,31.17
2023-08-08,3.76,29.53
2024-03-25,3.76,10.75
1973-06-12,3.77,28.56
1973-09-26,3.77,23.04
1974-08-06,3.77,28.13
1977-11-07,3.77,15.41
1979-01-24,3.77,1.19
1981-09-07,3.77,26.15
1986-05-18,3.77,22.17
1987-05-19,3.77,23.44
1992-07-12,3.77,27.58
1992-11-04,3.77,10.62
1993-06-05,3.77,22.19
1994-06-27,3.77,30.31
1995-12-13,3.77,7.62
1999-04-06,3.77,15.53
2002-03-21,3.77,11.83
2003-06-03,3.77,25.13
2004-06-16,3.77,27.86
2008-08-13,3.77,28.94
2011-07-09,3.77,30.62
2016-06-05,3.77,28.82
2018-08-21,3.77,27.69
2019-06-09,3.77,25.51
2024-11-09,3.77,15.33
1979-03-30,3.78,14.69
1983-03-21,3.78,7.26
1983-06-30,3.78,27.41
1986-05-27,3.78,25.49
1991-03-18,3.78,12.79
1992-02-26,3.78,10.42
1992-11-25,3.78,5.24
1993-03-24,3.78,15.73
1995-03-14,3.78,16.85
1998-02-22,3.78,10.15
2001-02-15,3.78,6.57
2004-01-18,3.78,5.98
2004-06-26,3.78,26.21
2012-03-01,3.78,11.84
2012-06-12,3.78,27.92
2014-07-15,3.78,29.84
2018-07-31,3.78,30.14
2020-03-31,3.78,16.2
1973-04-07,3.79,14.29
1976-07-03,3.79,28.03
1976-10-21,3.79,13.91
1980-04-26,3.79,18.53
1980-12-03,3.79,7.64
1981-10-28,3.79,17.89
1982-05-27,3.79,24.63
1986-03-11,3.79,13.93
1986-04-28,3.79,20.63
1987-06-30,3.79,28.57
1987-12-27,3.79,3.12
1997-01-16,3.79,2.96
2000-01-11,3.79,10.49
2001-06-12,3.79,28.37
2003-05-07,3.79,20.38
2003-05-16,3.79,23.17
2003-09-10,3.79,25.09
2005-03-29,3.79,16.54
2010-05-20,3.79,22.78
2011-04-20,3.79,17.59
2011-11-08,3.79,13.26
2011-12-27,3.79,8.19
2013-01-13,3.79,4.22
2013-12-29,3.79,8.46
2014-06-29,3.79,28.63
2017-01-09,3.79,2.43
2017-04-22,3.79,19.03
2019-02-11,3.79,2.93
2020-12-17,3.79,4.85
2021-08-21,3.79,28.1
2022-06-08,3.79,27.27
2024-06-27,3.79,30.82
1974-03-10,3.8,14.18
1974-05-31,3.8,24.73
1979-07-24,3.8,30.51
1980-09-10,3.8,26.07
1982-12-24,3.8,9.29
1986-08-21,3.8,29.09
1987-09-13,3.8,25.56
1989-07-18,3.8,29.39
1993-01-07,3.8,1.82
1993-04-01,3.8,14.27
1993-12-14,3.8,7.41
1994-03-25,3.8,13.37
2002-10-26,3.8,12.7
2004-12-01,3.8,6.44
2007-05-03,3.8,21.71
2009-10-10,3.8,15.9
2015-04-10,3.8,18.44
2016-05-17,3.8,19.42
2020-06-07,3.8,27.31
2021-01-25,3.8,4.85
2021-04-10,3.8,20.09
2023-01-30,3.8,1.13
1973-04-27,3.81,17.35
1973-06-02,3.81,24.79
1973-07-15,3.81,28.59
1974-01-10,3.81,-0.54
1980-10-18,3.81,17.11
1982-01-30,3.81,7.34
1983-12-29,3.81,-1.8
1984-03-19,3.81,10.88
1984-05-20,3.81,25.44
1987-12-28,3.81,3.29
1996-07-13,3.81,29.39
1997-04-12,3.81,9.93
1999-10-10,3.81,23.42
2003-03-21,3.81,13.68
2005-04-07,3.81,20.75
2006-05-10,3.81,22.05
2009-05-05,3.81,20.39
2009-10-13,3.81,13.74
2010-01-30,3.81,1.47
2010-02-04,3.81,5.0
2010-09-28,3.81,25.72
2015-02-02,3.81,5.76
2016-10-08,3.81,20.34
2019-07-15,3.81,31.37
2020-03-14,3.81,11.39
2020-05-15,3.81,22.79
2020-07-30,3.81,31.79
2024-08-30,3.81,30.01
1980-05-13,3.82,20.85
1989-01-13,3.82,4.96
1991-05-09,3.82,21.55
1996-07-26,3.82,29.83
2000-04-02,3.82,16.55
2004-04-25,3.82,19.44
2008-10-12,3.82,17.98
2009-04-19,3.82,19.26
2009-10-27,3.82,14.89
2010-09-27,3.82,25.06
2017-07-24,3.82,31.73
2018-05-04,3.82,23.43
2018-12-14,3.82,8.02
2019-05-24,3.82,21.96
2019-07-09,3.82,29.38
1974-10-15,3.83,19.01
1976-03-27,3.83,15.57
1982-04-26,3.83,19.86
1982-11-30,3.83,10.99
1983-05-14,3.83,19.9
1984-09-26,3.83,19.94
1992-06-17,3.83,26.07
1993-05-30,3.83,24.19
1997-05-27,3.83,21.6
2003-06-08,3.83,25.11
2005-08-13,3.83,28.95
2010-05-18,3.83,23.36
2015-01-23,3.83,5.89
2018-10-12,3.83,15.42
2019-04-15,3.83,16.48
2021-06-25,3.83,29.6
2021-06-29,3.83,30.17
2021-09-01,3.83,28.83
2023-04-06,3.83,13.75
2024-06-04,3.83,27.29
2024-09-26,3.83,27.47
1973-06-05,3.84,25.91
1979-03-22,3.84,13.5
1979-08-13,3.84,25.59
1982-12-12,3.84,3.1
1983-02-06,3.84,1.96
1984-03-06,3.84,6.56
1985-11-28,3.84,4.4
1987-06-10,3.84,25.57
1991-02-20,3.84,10.73
1995-03-13,3.84,15.98
1996-05-16,3.84,24.21
1997-04-23,3.84,17.56
1998-10-02,3.84,21.22
2003-02-14,3.84,8.38
2003-12-30,3.84,6.04
2007-04-16,3.84,16.64
2010-05-25,3.84,24.07
2010-11-16,3.84,11.81
2012-12-10,3.84,7.53
2013-10-05,3.84,20.43
2014-06-12,3.84,27.14
2015-05-09,3.84,21.33
2019-05-27,3.84,24.43
2019-05-28,3.84,23.21
2020-09-17,3.84,26.26
2021-09-21,3.84,25.03
2023-11-21,3.84,11.6
1975-02-16,3.85,5.86
1977-11-08,3.85,14.19
1978-08-04,3.85,28.44
1982-01-21,3.85,3.72
1989-01-06,3.85,7.02
1990-03-12,3.85,15.98
1991-05-25,3.85,26.06
1992-12-17,3.85,3.8
1994-01-17,3.85,1.43
1994-04-10,3.85,16.31
1994-04-29,3.85,15.87
1997-05-31,3.85,25.52
2005-10-07,3.85,18.35
2007-06-27,3.85,30.32
2009-05-16,3.85,24.25
2009-09-12,3.85,26.58
2010-11-17,3.85,12.13
2013-06-08,3.85,26.78
2014-03-17,3.85,11.8
2014-04-08,3.85,17.31
2017-05-18,3.85,22.14
2017-06-06,3.85,27.85
2020-04-30,3.85,23.0
2020-11-30,3.85,9.72
2022-05-22,3.85,21.55
1974-05-23,3.86,24.14
1979-10-30,3.86,15.03
1985-03-27,3.86,15.09
1987-06-09,3.86,26.49
1990-11-05,3.86,12.61
1991-03-13,3.86,10.61
1993-04-04,3.86,12.87
1993-06-30,3.86,28.01
1993-07-25,3.86,28.68
1995-09-17,3.86,26.17
1996-01-02,3.86,5.1
1996-11-26,3.86,5.62
2001-09-09,3.86,24.98
2002-03-02,3.86,4.4
2002-03-18,3.86,9.96
2012-08-10,3.86,31.75
2015-08-20,3.86,27.85
2024-04-26,3.86,20.16
1976-02-06,3.87,2.38
1984-10-25,3.87,13.75
1986-12-23,3.87,6.27
1987-06-13,3.87,30.23
1989-02-03,3.87,-0.09
1989-10-02,3.87,22.27
1990-03-07,3.87,10.6
1994-07-06,3.87,29.92
2005-05-30,3.87,23.03
2007-04-11,3.87,13.02
2007-10-20,3.87,20.64
2009-05-14,3.87,22.71
2010-12-20,3.87,4.97
2013-01-11,3.87,9.06
2013-07-23,3.87,30.98
2014-06-02,3.87,27.57
2014-11-26,3.87,9.16
2016-11-30,3.87,10.07
2019-03-04,3.87,1.33
2021-08-17,3.87,30.72
2024-05-27,3.87,25.84
2024-06-05,3.87,28.07
2024-08-09,3.87,28.91
1977-11-05,3.88,17.62
1979-01-07,3.88,-2.06
1979-06-17,3.88,26.76
1980-12-09,3.88,7.33
1989-01-12,3.88,5.98
1991-06-06,3.88,24.73
1991-08-10,3.88,29.29
1996-12-30,3.88,8.96
2000-11-08,3.88,8.58
2001-03-12,3.88,10.26
2003-08-04,3.88,29.72
2007-01-13,3.88,2.65
2008-05-16,3.88,22.23
2011-05-02,3.88,17.0
2012-10-01,3.88,24.22
2014-09-11,3.88,24.14
2016-04-01,3.88,16.58
2017-08-13,3.88,28.69
2020-04-24,3.88,20.0
2021-07-20,3.88,30.4
2024-01-26,3.88,9.79
2024-02-04,3.88,9.18
2024-07-23,3.88,30.29
1977-08-29,3.89,26.79
1985-07-31,3.89,27.57
1992-07-17,3.89,28.65
1995-09-30,3.89,22.47
1996-10-08,3.89,22.4
1997-02-28,3.89,8.56
1997-06-14,3.89,25.53
1998-07-08,3.89,30.86
2000-05-19,3.89,22.89
2003-11-20,3.89,16.54
2004-09-07,3.89,26.35
2010-11-26,3.89,6.48
2016-08-11,3.89,30.61
2018-02-26,3.89,9.21
2018-05-29,3.89,28.47
2019-01-03,3.89,4.1
2020-09-02,3.89,28.07
2024-01-06,3.89,5.11
1973-09-15,3.9,22.54
1986-04-20,3.9,19.19
1992-08-25,3.9,24.92
1994-05-26,3.9,25.18
1994-09-01,3.9,24.89
1999-06-03,3.9,24.47
2000-06-21,3.9,27.86
2001-06-14,3.9,26.28
2007-06-02,3.9,27.2
2013-03-24,3.9,8.31
2014-05-10,3.9,21.73
2018-03-02,3.9,11.4
2018-10-07,3.9,19.24
2019-06-23,3.9,25.96
1973-09-03,3.91,27.38
1974-11-11,3.91,12.82
1975-09-11,3.91,26.81
1976-06-20,3.91,27.77
1981-04-19,3.91,21.39
1982-05-31,3.91,24.37
1984-06-08,3.91,25.49
1985-07-30,3.91,28.07
1990-11-04,3.91,13.78
1992-12-14,3.91,4.22
1992-12-16,3.91,4.89
1993-04-08,3.91,14.97
1993-05-31,3.91,24.76
1995-06-04,3.91,25.58
1997-08-20,3.91,28.36
1998-11-02,3.91,14.49
2003-03-18,3.91,15.0
2005-07-27,3.91,29.63
2011-04-15,3.91,16.31
2014-06-08,3.91,26.86
2014-10-11,3.91,20.47
2016-06-15,3.91,27.51
2023-03-24,3.91,13.83
1973-11-01,3.92,14.51
1975-06-18,3.92,25.61
1977-04-04,3.92,13.89
1979-04-09,3.92,15.63
1983-03-01,3.92,12.4
1985-02-12,3.92,4.83
1985-06-18,3.92,28.69
1990-09-22,3.92,23.55
1990-12-21,3.92,-0.75
1992-06-01,3.92,23.74
1992-07-03,3.92,26.22
1995-08-04,3.92,30.74
1995-09-19,3.92,23.94
1996-07-31,3.92,28.88
1997-05-20,3.92,22.66
2000-06-15,3.92,27.98
2001-05-04,3.92,21.16
2002-08-14,3.92,30.34
2007-03-30,3.92,15.75
2009-09-27,3.92,26.19
2011-03-05,3.92,10.55
2014-03-16,3.92,13.98
2016-07-07,3.92,30.63
2017-01-21,3.92,9.6
2019-09-29,3.92,22.37
2019-10-30,3.92,8.49
2024-09-28,3.92,27.74
1974-06-01,3.93,24.27
1978-01-15,3.93,1.22
1982-02-17,3.93,12.5
1986-03-15,3.93,11.61
1986-10-04,3.93,20.14
1987-12-07,3.93,10.43
1990-01-25,3.93,8.46
1992-12-11,3.93,7.85
1999-11-02,3.93,17.13
2005-05-09,3.93,21.98
2006-09-13,3.93,25.85
2008-10-08,3.93,21.41
2010-07-22,3.93,30.88
2011-05-15,3.93,19.03
2014-07-18,3.93,27.79
2018-05-30,3.93,28.59
2018-11-24,3.93,10.62
2019-08-12,3.93,29.12
2020-03-05,3.93,13.89
1974-03-21,3.94,9.6
1979-02-26,3.94,7.4
1979-04-26,3.94,19.86
1979-05-21,3.94,23.29
1980-11-17,3.94,5.63
1983-03-07,3.94,13.59
1983-03-19,3.94,8.66
1985-04-27,3.94,19.01
1986-02-03,3.94,11.32
1989-11-23,3.94,8.37
1993-08-31,3.94,26.69
1994-11-21,3.94,10.69
1998-02-18,3.94,8.63
2002-03-19,3.94,10.33
2008-06-10,3.94,27.2
2012-01-27,3.94,10.74
2019-10-02,3.94,21.95
2021-03-23,3.94,14.58
2023-02-17,3.94,6.86
1973-09-05,3.95,28.37
1975-09-19,3.95,22.85
1979-08-11,3.95,29.49
1989-03-28,3.95,18.96
1990-03-08,3.95,11.39
1999-05-10,3.95,21.13
2000-01-10,3.95,9.54
2003-09-11,3.95,24.74
2005-10-09,3.95,18.53
2006-11-15,3.95,12.44
2008-06-29,3.95,29.56
2012-02-04,3.95,9.1
2014-06-19,3.95,27.45
2018-08-01,3.95,30.11
2023-12-26,3.95,7.86
1981-05-11,3.96,19.23
1985-09-24,3.96,20.44
1990-03-14,3.96,14.79
2012-01-26,3.96,9.94
2014-11-05,3.96,14.76
2015-05-18,3.96,22.5
2018-02-23,3.96,5.99
2018-06-22,3.96,29.1
2019-02-15,3.96,8.77
2020-11-25,3.96,10.67
2022-04-30,3.96,19.98
2022-05-07,3.96,23.15
1974-06-06,3.97,25.57
1974-11-01,3.97,15.85
1977-01-14,3.97,1.99
1978-05-18,3.97,21.41
1981-07-03,3.97,28.82
1981-10-27,3.97,16.48
1985-07-27,3.97,30.33
1986-04-03,3.97,16.71
1992-07-02,3.97,26.08
1992-12-28,3.97,4.88
1993-06-18,3.97,26.36
1993-08-30,3.97,27.4
1995-05-17,3.97,23.24
1998-05-08,3.97,21.83
2001-12-16,3.97,7.6
2003-07-09,3.97,30.33
2005-02-14,3.97,11.45
2007-12-02,3.97,7.71
2015-11-02,3.97,18.64
2016-08-21,3.97,28.08
2019-12-17,3.97,4.46
2021-10-13,3.97,18.37
2024-03-23,3.97,13.0
1973-05-24,3.98,24.34
1973-06-14,3.98,26.85
1977-07-25,3.98,30.6
1983-04-08,3.98,11.65
1986-10-13,3.98,13.45
1986-11-04,3.98,13.71
1988-11-23,3.98,10.61
1990-12-28,3.98,2.74
1991-11-22,3.98,11.75
2001-05-22,3.98,22.41
2003-07-01,3.98,29.81
2006-09-02,3.98,26.2
2007-08-18,3.98,29.86
2015-02-26,3.98,5.55
2019-04-09,3.98,21.28
2022-11-11,3.98,12.54
1975-10-25,3.99,15.21
1977-09-17,3.99,23.48
1978-06-03,3.99,24.63
1980-01-13,3.99,7.61
1985-11-02,3.99,14.12
1988-04-19,3.99,16.29
1992-06-09,3.99,26.1
1994-07-14,3.99,29.44
1995-05-02,3.99,17.09
1995-11-01,3.99,12.93
1997-03-19,3.99,15.08
1998-09-30,3.99,26.27
2005-04-02,3.99,15.95
2006-04-07,3.99,17.62
2009-09-13,3.99,25.64
2010-03-12,3.99,11.67
2013-01-09,3.99,9.0
2013-09-13,3.99,27.18
2014-01-12,3.99,11.47
2014-06-26,3.99,28.35
2014-06-28,3.99,27.81
2014-07-16,3.99,27.78
2017-09-12,3.99,27.63
2019-05-20,3.99,19.77
2021-05-12,3.99,18.89
2024-02-05,3.99,9.06
1973-01-19,4.0,10.37
1973-04-19,4.0,17.42
1980-02-16,4.0,5.16
1982-11-18,4.0,11.39
1983-02-10,4.0,6.89
1983-03-24,4.0,7.48
2000-05-28,4.0,25.85
2006-02-03,4.0,11.74
2006-07-05,4.0,29.73
2007-01-14,4.0,1.8
2009-06-12,4.0,24.35
2010-03-29,4.0,15.59
2019-01-04,4.0,7.31
2021-03-15,4.0,13.1
2021-04-25,4.0,18.04
2024-01-28,4.0,10.21
1975-05-03,4.01,20.12
1976-05-23,4.01,22.84
1976-12-26,4.01,6.78
1981-03-29,4.01,16.96
1984-12-30,4.01,8.21
1987-05-24,4.01,22.7
1992-03-18,4.01,12.53
1999-06-26,4.01,28.65
2008-08-19,4.01,28.97
2011-05-12,4.01,22.93
2013-06-18,4.01,28.93
2019-11-01,4.01,11.2
2020-05-19,4.01,23.63
2024-05-09,4.01,21.89
1980-03-24,4.02,11.31
1983-12-13,4.02,6.11
1984-04-22,4.02,16.39
1985-09-19,4.02,23.79
1989-05-02,4.02,19.52
1989-06-05,4.02,24.98
1992-06-06,4.02,25.13
1999-07-10,4.02,29.21
2000-06-26,4.02,29.08
2005-11-15,4.02,14.24
2006-03-09,4.02,12.62
2007-12-11,4.02,6.09
2008-01-30,4.02,4.63
2009-05-02,4.02,19.94
2013-12-06,4.02,0.89
2021-01-02,4.02,6.55
2021-10-14,4.02,18.31
2023-01-13,4.02,8.51
2024-09-12,4.02,27.65
1984-03-29,4.03,11.09
1992-12-29,4.03,4.3
1993-05-09,4.03,21.86
1993-11-28,4.03,7.17
1995-12-12,4.03,4.85
1996-06-02,4.03,25.65
2002-09-15,4.03,26.91
2004-01-17,4.03,6.58
2005-08-31,4.03,28.26
2009-05-25,4.03,24.59
2012-12-05,4.03,13.82
2016-05-10,4.03,21.25
2016-12-24,4.03,8.11
2017-01-19,4.03,9.31
2017-06-05,4.03,28.56
2021-03-14,4.03,14.26
2021-07-07,4.03,30.76
2021-11-12,4.03,14.49
2024-02-11,4.03,8.54
1975-05-23,4.04,23.84
1983-04-09,4.04,12.16
1985-02-11,4.04,3.91
1985-12-13,4.04,-0.24
1989-03-03,4.04,5.29
1993-01-12,4.04,0.98
1996-07-30,4.04,29.18
2002-11-06,4.04,12.24
2004-07-01,4.04,27.9
2011-04-23,4.04,17.84
2019-06-07,4.04,27.24
2020-06-08,4.04,26.2
2023-03-04,4.04,10.88
1975-11-27,4.05,3.74
1978-04-26,4.05,18.24
1978-12-05,4.05,7.91
1981-05-10,4.05,19.25
1984-03-21,4.05,13.47
2009-06-05,4.05,24.71
2009-12-08,4.05,-0.25
1973-04-26,4.06,17.63
1974-09-13,4.06,22.24
1975-08-30,4.06,27.97
1976-06-19,4.06,26.77
1979-10-22,4.06,18.74
1988-02-03,4.06,3.6
1992-01-14,4.06,5.09
1994-12-05,4.06,9.48
2000-03-19,4.06,12.05
2008-11-12,4.06,10.9
2010-06-10,4.06,26.57
2015-03-14,4.06,17.27
2016-08-17,4.06,30.87
2019-12-23,4.06,10.6
2021-07-08,4.06,30.08
1973-05-01,4.07,17.35
1975-06-15,4.07,27.78
1978-11-16,4.07,7.35
1980-09-30,4.07,24.43
1983-11-04,4.07,17.89
1992-02-25,4.07,10.66
1992-08-24,4.07,24.83
1992-08-27,4.07,26.01
1995-05-30,4.07,24.03
1995-06-07,4.07,24.59
1999-04-27,4.07,19.79
2002-03-31,4.07,16.46
2004-09-15,4.07,25.07
2004-12-10,4.07,11.68
2005-01-06,4.07,2.28
2006-03-19,4.07,8.74
2012-09-19,4.07,24.8
2013-07-15,4.07,30.06
2015-03-05,4.07,6.45
1982-12-11,4.08,3.77
1987-11-10,4.08,12.5
1988-02-02,4.08,4.67
1994-01-18,4.08,0.92
1994-04-13,4.08,18.41
1996-05-11,4.08,21.83
1999-04-26,4.08,18.81
2000-02-26,4.08,13.41
2003-06-04,4.08,24.61
2005-06-04,4.08,24.26
2006-08-27,4.08,28.22
2010-01-29,4.08,3.1
1982-08-09,4.09,29.26
1983-03-18,4.09,9.08
1990-01-30,4.09,8.71
1990-04-27,4.09,21.44
1994-11-20,4.09,9.8
1997-01-01,4.09,10.83
1998-02-23,4.09,10.66
2000-11-25,4.09,8.68
2001-01-29,4.09,5.32
2002-11-05,4.09,10.21
2003-12-11,4.09,4.95
2006-01-17,4.09,7.11
2009-06-16,4.09,26.79
2014-12-25,4.09,7.94
2016-08-14,4.09,30.27
2018-12-31,4.09,6.28
1977-08-11,4.1,29.36
1978-11-30,4.1,7.4
1982-05-25,4.1,23.68
1984-10-07,4.1,21.74
1986-10-25,4.1,17.02
1986-12-09,4.1,6.36
1989-10-01,4.1,24.3
1993-07-14,4.1,27.72
1994-02-09,4.1,2.37
2000-10-24,4.1,19.08
2001-04-23,4.1,18.72
2001-06-07,4.1,26.09
2004-03-06,4.1,12.1
2007-08-19,4.1,29.06
2015-04-17,4.1,19.07
2016-04-28,4.1,17.51
2019-06-17,4.1,27.13
2023-04-28,4.1,20.48
2023-06-24,4.1,28.07
1973-09-28,4.11,23.33
1981-07-26,4.11,29.08
1982-10-29,4.11,15.77
1986-09-29,4.11,22.44
1997-08-17,4.11,29.09
1998-06-15,4.11,26.18
2006-01-02,4.11,10.76
2013-11-06,4.11,12.13
2013-12-23,4.11,5.23
2015-04-19,4.11,21.12
2017-07-01,4.11,29.2
2017-09-24,4.11,23.6
2021-07-10,4.11,31.18
2021-12-19,4.11,6.82
2023-11-22,4.11,11.38
1985-11-16,4.12,9.57
1994-06-07,4.12,27.6
1995-04-12,4.12,14.63
2003-02-17,4.12,5.52
2005-01-03,4.12,6.98
2008-03-20,4.12,14.02
2008-11-13,4.12,13.21
2010-09-09,4.12,24.88
2014-08-12,4.12,29.51
2016-08-15,4.12,30.42
2017-04-29,4.12,18.12
1975-01-09,4.13,7.44
1975-03-29,4.13,6.98
1985-06-11,4.13,27.3
1992-03-10,4.13,12.3
1992-06-16,4.13,24.6
1999-02-28,4.13,13.4
2004-12-06,4.13,8.26
2022-04-13,4.13,16.53
2023-12-03,4.13,9.56
1973-07-21,4.14,27.8
1974-09-02,4.14,24.86
1975-12-31,4.14,6.07
1977-11-30,4.14,8.62
1977-12-18,4.14,8.47
1979-03-24,4.14,13.0
1986-06-06,4.14,26.17
1993-01-04,4.14,5.24
1993-03-13,4.14,4.22
2008-10-07,4.14,21.25
2014-02-13,4.14,6.21
2014-08-31,4.14,28.42
2015-06-12,4.14,28.12
2017-05-17,4.14,23.34
2017-06-30,4.14,28.94
2023-10-25,4.14,19.41
1974-04-04,4.15,15.0
1975-08-01,4.15,28.95
1981-08-31,4.15,29.1
1986-07-12,4.15,28.9
1986-09-12,4.15,24.59
1988-11-19,4.15,8.76
1995-02-28,4.15,9.05
2001-02-16,4.15,6.04
2009-08-01,4.15,28.97
2016-08-19,4.15,29.82
2019-10-20,4.15,17.8
1977-10-01,4.16,21.36
1977-11-21,4.16,8.29
1981-07-05,4.16,31.02
1981-10-12,4.16,17.4
1987-05-29,4.16,24.37
1989-06-08,4.16,26.19
1990-04-11,4.16,15.7
2004-09-16,4.16,25.11
2008-05-11,4.16,20.83
2010-12-30,4.16,6.82
2015-06-28,4.16,30.43
2017-08-17,4.16,29.03
2022-07-06,4.16,31.09
2024-07-09,4.16,31.76
2024-08-06,4.16,31.79
1977-01-10,4.17,-3.78
1978-03-24,4.17,13.4
1985-09-12,4.17,22.31
1986-06-07,4.17,26.88
1987-05-20,4.17,22.57
1988-11-16,4.17,12.07
1991-02-18,4.17,9.14
1996-12-05,4.17,6.57
2000-11-24,4.17,7.87
2002-01-24,4.17,8.24
2002-12-05,4.17,3.29
2006-10-18,4.17,15.66
2008-02-13,4.17,7.62
2016-03-14,4.17,17.31
2018-10-16,4.17,14.2
2019-01-19,4.17,5.86
1974-03-11,4.18,13.1
1975-07-11,4.18,28.66
1986-11-21,4.18,11.11
1990-12-19,4.18,7.18
1991-12-19,4.18,4.24
1994-10-15,4.18,16.86
2000-05-18,4.18,22.63
2001-02-24,4.18,7.58
2004-11-23,4.18,10.8
2007-08-21,4.18,29.19
2013-04-10,4.18,15.15
2013-05-10,4.18,22.79
2017-01-16,4.18,6.13
2020-12-25,4.18,5.58
2021-03-24,4.18,14.17
1975-03-27,4.19,7.19
1985-11-22,4.19,4.23
1988-11-27,4.19,9.08
1995-11-07,4.19,12.5
2009-01-28,4.19,1.7
2021-05-18,4.19,24.13
2021-07-09,4.19,30.47
1974-01-19,4.2,9.65
1975-11-13,4.2,10.9
1980-05-15,4.2,19.53
1982-04-17,4.2,18.53
1982-08-25,4.2,28.5
1990-05-17,4.2,22.5
1991-03-30,4.2,11.27
1993-11-13,4.2,12.3
1994-11-06,4.2,14.61
1997-04-04,4.2,17.29
2001-06-02,4.2,25.8
2002-04-09,4.2,17.5
2002-09-20,4.2,24.85
2003-07-10,4.2,30.81
2014-12-28,4.2,5.14
2017-05-23,4.2,23.01
1977-07-26,4.21,29.07
1983-06-27,4.21,28.75
1987-08-13,4.21,28.33
1990-10-10,4.21,17.92
1997-08-11,4.21,26.58
2000-02-18,4.21,8.63
2004-09-08,4.21,26.13
2020-03-29,4.21,16.11
2020-06-23,4.21,29.66
2023-09-24,4.21,24.66
1973-02-08,4.22,4.79
1974-08-09,4.22,27.18
1979-05-31,4.22,22.56
1982-11-12,4.22,11.87
1983-10-23,4.22,17.51
1985-11-19,4.22,9.75
1989-05-19,4.22,24.07
1991-11-30,4.22,9.43
1995-05-10,4.22,20.68
2004-05-12,4.22,22.48
2007-06-03,4.22,27.49
2010-05-01,4.22,18.83
2012-09-29,4.22,24.59
2018-06-18,4.22,27.91
2019-05-18,4.22,21.45
2023-10-13,4.22,18.42
1978-05-05,4.23,15.53
1983-04-06,4.23,10.12
1986-02-17,4.23,10.12
1987-07-03,4.23,29.06
1990-05-02,4.23,17.96
1990-07-14,4.23,27.84
1991-03-29,4.23,13.35
2004-12-08,4.23,9.75
2012-01-23,4.23,8.33
2021-06-22,4.23,28.92
1973-09-25,4.24,22.77
1980-03-08,4.24,10.65
1981-07-06,4.24,30.79
1981-09-01,4.24,27.56
1986-08-28,4.24,26.56
1998-09-13,4.24,27.59
2008-01-09,4.24,9.39
2009-10-15,4.24,15.31
2015-05-27,4.24,25.02
2022-12-11,4.24,8.72
2024-06-03,4.24,26.82
1979-01-19,4.25,3.75
1979-11-10,4.25,9.8
1980-10-17,4.25,16.73
1984-07-27,4.25,29.49
1997-02-04,4.25,8.82
1998-01-23,4.25,5.09
2001-03-13,4.25,12.65
2001-11-27,4.25,8.7
2006-12-23,4.25,7.71
2006-12-25,4.25,7.58
2008-07-09,4.25,30.35
2015-10-29,4.25,16.32
2016-05-18,4.25,20.17
2017-03-30,4.25,16.72
2019-08-26,4.25,28.49
1975-11-20,4.26,10.58
1978-07-22,4.26,30.4
1985-10-28,4.26,19.93
1992-07-16,4.26,28.74
1992-08-23,4.26,26.01
1993-01-13,4.26,2.24
2004-02-26,4.26,7.86
2005-06-02,4.26,23.97
1974-09-03,4.27,23.78
1975-03-12,4.27,7.47
1975-04-14,4.27,13.07
1979-04-13,4.27,15.73
1979-06-08,4.27,24.77
2004-05-23,4.27,23.57
2006-12-21,4.27,7.51
2010-06-11,4.27,26.06
2013-06-06,4.27,26.03
2016-04-17,4.27,18.5
2017-01-02,4.27,6.77
2018-05-20,4.27,23.83
2018-09-27,4.27,23.34
1978-07-16,4.28,31.9
1982-05-06,4.28,20.66
1983-12-22,4.28,-5.06
1990-10-18,4.28,18.7
1991-04-28,4.28,18.49
1993-06-21,4.28,28.96
1995-02-15,4.28,4.9
1995-06-29,4.28,27.3
1998-11-01,4.28,15.25
2002-11-11,4.28,14.24
2004-06-22,4.28,26.63
2015-06-16,4.28,28.31
2017-03-31,4.28,15.96
2018-06-17,4.28,28.0
2019-02-07,4.28,4.73
1974-08-08,4.29,27.21
1975-07-25,4.29,30.36
1984-06-06,4.29,25.15
1991-06-02,4.29,26.14
1992-06-15,4.29,24.93
1993-06-20,4.29,28.09
1997-01-02,4.29,12.13
2002-02-01,4.29,6.16
2009-02-11,4.29,10.7
2011-06-21,4.29,27.78
2022-11-27,4.29,11.65
2024-05-06,4.29,20.22
2024-11-03,4.29,15.97
2024-12-28,4.29,10.82
1977-04-03,4.3,13.93
1979-04-04,4.3,10.6
1982-05-29,4.3,23.81
1983-04-24,4.3,17.96
1986-03-19,4.3,12.72
1990-05-10,4.3,20.12
1993-12-04,4.3,10.02
1997-11-29,4.3,12.27
1998-04-27,4.3,18.24
2007-05-04,4.3,20.38
2008-09-04,4.3,25.11
2008-12-25,4.3,5.51
2015-07-09,4.3,26.87
2016-02-04,4.3,5.71
2019-06-21,4.3,26.68
1973-05-02,4.31,18.34
1977-10-07,4.31,17.96
1986-07-11,4.31,28.67
1991-12-12,4.31,9.89
1994-11-10,4.31,13.8
2002-05-08,4.31,20.99
2014-04-15,4.31,14.79
2018-01-13,4.31,5.11
2019-12-14,4.31,8.19
2024-05-14,4.31,24.26
1975-02-04,4.32,3.9
1975-04-15,4.32,13.41
1975-09-18,4.32,23.98
1982-09-13,4.32,23.84
1984-05-29,4.32,24.28
1985-09-23,4.32,21.95
1988-06-30,4.32,28.15
1989-06-16,4.32,25.74
1992-11-03,4.32,12.6
1995-06-05,4.32,25.88
1996-09-18,4.32,20.54
2000-04-04,4.32,16.89
2006-12-26,4.32,7.53
2009-04-27,4.32,20.15
2010-03-11,4.32,11.3
2016-04-12,4.32,17.08
2020-05-25,4.32,24.77
2024-03-15,4.32,16.05
2024-11-18,4.32,14.02
1973-11-24,4.33,10.76
1976-05-07,4.33,19.33
1977-09-13,4.33,25.32
1989-02-14,4.33,6.71
1995-03-06,4.33,7.21
1996-11-18,4.33,8.65
1997-06-09,4.33,24.15
2000-06-20,4.33,26.92
2004-06-09,4.33,26.51
2007-01-08,4.33,8.08
2009-01-06,4.33,3.9
2010-05-13,4.33,19.14
2019-10-16,4.33,19.5
2020-04-23,4.33,19.8
2020-07-31,4.33,31.74
1975-02-02,4.34,5.22
1976-01-26,4.34,5.39
1979-04-03,4.34,10.35
1982-05-24,4.34,23.65
1987-05-21,4.34,21.8
1991-04-30,4.34,18.34
1996-09-26,4.34,20.91
1996-12-27,4.34,3.56
2001-06-04,4.34,22.66
1973-11-27,4.35,9.98
1976-01-08,4.35,-1.26
1981-04-20,4.35,18.64
1987-05-04,4.35,20.98
1988-02-19,4.35,8.23
1992-07-23,4.35,26.79
1995-10-28,4.35,17.79
1996-10-26,4.35,15.15
1998-04-01,4.35,15.57
2004-11-01,4.35,15.03
2006-11-30,4.35,6.72
2009-05-06,4.35,21.98
2010-10-01,4.35,26.14
2016-01-22,4.35,4.7
2021-05-04,4.35,20.76
2022-05-03,4.35,19.67
1976-01-27,4.36,4.74
1976-03-05,4.36,8.92
1976-05-16,4.36,23.35
1980-09-26,4.36,22.71
1981-07-27,4.36,28.66
1987-07-01,4.36,28.78
1990-01-18,4.36,9.2
2003-06-13,4.36,26.77
2005-08-15,4.36,27.75
2011-04-25,4.36,19.14
2014-02-03,4.36,3.25
2014-12-06,4.36,10.67
2018-05-18,4.36,25.95
2019-07-23,4.36,29.84
2021-12-11,4.36,10.02
2023-03-17,4.36,11.22
1975-03-24,4.37,12.31
1983-10-13,4.37,17.95
1990-01-29,4.37,7.91
1997-12-08,4.37,4.4
1999-09-28,4.37,21.27
2004-08-20,4.37,27.13
2009-05-07,4.37,23.21
2014-04-30,4.37,16.75
2015-05-19,4.37,21.32
2019-02-21,4.37,4.4
2023-12-01,4.37,9.0
1982-06-18,4.38,26.18
1982-11-19,4.38,12.39
1983-10-19,4.38,18.01
1987-05-26,4.38,21.91
1991-03-23,4.38,14.16
1996-10-30,4.38,14.78
2002-03-03,4.38,3.44
2009-03-27,4.38,11.56
1974-04-22,4.39,20.35
1976-06-17,4.39,26.36
1983-06-04,4.39,24.55
1984-04-08,4.39,15.09
1989-12-31,4.39,5.99
1993-03-31,4.39,15.74
1993-09-26,4.39,23.88
2006-05-11,4.39,21.45
2012-04-16,4.39,18.87
2024-04-27,4.39,19.4
1975-05-07,4.4,19.34
1983-05-15,4.4,18.81
1986-06-05,4.4,26.63
1991-05-03,4.4,18.02
1991-05-05,4.4,18.22
1995-05-13,4.4,20.07
1997-06-01,4.4,26.3
2001-07-26,4.4,30.49
2012-03-22,4.4,19.11
2013-05-21,4.4,24.44
2019-04-18,4.4,19.7
1973-01-21,4.41,5.81
1976-03-09,4.41,9.64
1978-05-01,4.41,17.87
1980-03-29,4.41,11.91
1982-03-31,4.41,14.88
1984-04-21,4.41,16.17
1987-07-02,4.41,29.07
1988-01-19,4.41,5.77
1991-05-17,4.41,24.94
2000-02-27,4.41,13.33
2000-09-25,4.41,19.61
2001-06-13,4.41,26.81
2013-06-10,4.41,28.57
2021-07-11,4.41,30.97
2022-08-23,4.41,29.37
1984-10-22,4.42,13.14
1987-05-25,4.42,21.9
1995-02-16,4.42,6.71
2006-06-26,4.42,29.58
2008-05-03,4.42,18.73
2013-11-22,4.42,8.15
2020-10-11,4.42,24.3
2021-06-27,4.42,29.46
1976-06-25,4.43,26.29
1993-05-04,4.43,20.98
1999-01-18,4.43,10.67
2008-06-09,4.43,27.33
2009-10-31,4.43,14.85
2010-06-14,4.43,26.3
2015-06-27,4.43,30.85
2020-05-17,4.43,23.5
1975-02-24,4.44,8.8
1985-12-12,4.44,1.01
1989-10-17,4.44,17.71
1989-12-08,4.44,4.92
1990-03-11,4.44,16.68
1990-10-22,4.44,15.75
1993-03-04,4.44,9.24
1995-08-05,4.44,31.0
1996-08-01,4.44,29.35
1998-01-15,4.44,4.67
2012-10-30,4.44,16.19
2013-10-06,4.44,19.95
2023-03-10,4.44,9.99
1981-05-17,4.45,18.92
1983-11-21,4.45,10.91
1984-05-08,4.45,20.08
1986-10-02,4.45,21.01
1986-11-05,4.45,13.83
1991-05-06,4.45,18.92
1997-06-13,4.45,25.76
1997-07-02,4.45,28.25
2004-04-13,4.45,15.18
2004-10-23,4.45,16.56
2009-12-02,4.45,8.92
2010-03-13,4.45,12.19
2014-11-17,4.45,3.45
2018-09-10,4.45,25.83
2019-06-19,4.45,27.33
2021-03-26,4.45,14.32
1980-01-14,4.46,9.96
1990-07-21,4.46,28.64
1995-01-13,4.46,10.64
1997-07-29,4.46,29.76
2009-11-11,4.46,16.44
2014-10-15,4.46,21.28
2018-08-19,4.46,29.66
2023-12-25,4.46,8.96
1975-03-25,4.47,11.15
1975-07-31,4.47,29.13
1981-05-16,4.47,20.08
1985-11-30,4.47,2.76
1988-07-21,4.47,30.06
1989-05-10,4.47,22.04
1992-06-30,4.47,26.4
1994-02-22,4.47,6.53
1997-02-20,4.47,12.34
1998-03-31,4.47,16.0
2001-09-08,4.47,26.0
2002-09-19,4.47,24.67
2004-09-06,4.47,26.35
2013-06-01,4.47,26.09
2016-08-16,4.47,30.32
2017-03-25,4.47,16.74
2018-09-04,4.47,28.77
2019-01-01,4.47,4.74
2022-02-23,4.47,4.77
2023-10-26,4.47,18.04
1973-01-04,4.48,1.73
1975-02-17,4.48,6.08
1979-02-21,4.48,6.75
1980-04-09,4.48,15.49
1981-02-10,4.48,2.77
1983-08-12,4.48,29.82
1986-09-11,4.48,24.06
1992-04-18,4.48,18.71
2000-03-17,4.48,11.88
2003-05-11,4.48,20.39
2011-03-07,4.48,8.47
2015-06-17,4.48,28.23
2017-10-23,4.48,20.52
2018-12-09,4.48,3.92
2019-10-22,4.48,17.1
2020-05-26,4.48,24.75
1973-04-25,4.49,18.43
1975-06-12,4.49,25.2
1982-05-14,4.49,22.05
1984-10-23,4.49,12.75
1985-08-17,4.49,28.33
1987-02-16,4.49,6.01
2001-02-09,4.49,6.39
2009-05-27,4.49,23.65
2014-10-13,4.49,19.54
2024-01-13,4.49,1.62
1975-02-05,4.5,2.21
1975-04-28,4.5,17.76
1991-12-02,4.5,4.38
1999-01-15,4.5,7.19
1999-12-13,4.5,9.34
2001-03-30,4.5,13.02
2005-05-12,4.5,20.85
2006-07-06,4.5,28.52
2006-11-08,4.5,18.84
2007-08-20,4.5,28.9
2010-07-05,4.5,28.41
2018-03-01,4.5,11.77
1978-08-29,4.51,28.4
1983-01-21,4.51,1.62
1983-11-27,4.51,6.81
1983-12-14,4.51,5.38
1984-01-24,4.51,5.54
1991-07-25,4.51,28.62
1993-06-19,4.51,27.38
2000-06-17,4.51,25.76
2003-06-14,4.51,27.0
2004-11-28,4.51,7.8
2014-03-28,4.51,12.92
2021-04-24,4.51,17.11
2024-03-02,4.51,12.51
1974-01-21,4.52,8.86
1981-11-30,4.52,7.24
1990-05-28,4.52,23.77
1993-11-17,4.52,11.11
2004-09-09,4.52,26.7
2011-08-28,4.52,32.08
2021-10-29,4.52,16.81
1974-05-11,4.53,21.52
1977-04-20,4.53,19.74
1978-04-10,4.53,17.81
1986-10-11,4.53,16.98
1986-11-24,4.53,9.78
1987-02-26,4.53,6.27
1988-07-12,4.53,29.48
1993-03-17,4.53,9.78
1993-10-17,4.53,17.43
2001-04-12,4.53,16.06
2009-04-30,4.53,19.84
2009-05-26,4.53,24.42
2015-10-03,4.53,19.66
2017-01-11,4.53,8.51
2019-05-12,4.53,19.93
1982-03-15,4.54,13.34
1984-02-12,4.54,10.69
1989-06-09,4.54,25.32
1990-03-17,4.54,14.56
1991-12-01,4.54,6.08
1994-03-09,4.54,9.27
2004-08-13,4.54,26.83
2007-02-14,4.54,2.31
2008-06-04,4.54,25.66
2020-05-18,4.54,24.01
1976-10-30,4.55,13.18
1981-07-28,4.55,28.85
1986-08-27,4.55,28.34
1987-05-28,4.55,23.3
1991-11-18,4.55,12.06
1994-11-01,4.55,16.28
1995-04-23,4.55,16.11
1995-08-01,4.55,29.93
1997-06-18,4.55,27.49
2003-01-01,4.55,8.27
2003-02-15,4.55,8.24
2008-03-05,4.55,9.49
2009-10-02,4.55,18.28
2010-05-15,4.55,22.66
2017-10-09,4.55,22.06
2017-10-24,4.55,19.64
2018-09-05,4.55,28.36
1996-10-23,4.56,13.96
2004-05-02,4.56,20.43
2004-12-09,4.56,10.3
2009-03-25,4.56,13.27
2019-02-23,4.56,5.69
1983-09-30,4.57,21.15
1986-09-19,4.57,21.92
1989-03-29,4.57,19.26
1992-04-19,4.57,18.11
1997-09-25,4.57,23.43
1998-01-16,4.57,5.55
2007-12-03,4.57,9.04
2012-02-19,4.57,8.78
2012-12-17,4.57,7.73
1978-03-14,4.58,10.35
1981-05-27,4.58,24.29
1984-03-05,4.58,8.38
1991-05-18,4.58,23.08
1991-05-26,4.58,25.66
1995-06-03,4.58,25.84
1996-09-19,4.58,20.61
2015-05-29,4.58,26.22
1973-09-07,4.59,26.14
1973-10-12,4.59,18.43
1983-04-30,4.59,18.63
1985-06-05,4.59,24.67
1988-09-05,4.59,26.74
1990-06-03,4.59,25.2
1992-11-13,4.59,11.78
1998-02-11,4.59,8.94
2005-12-15,4.59,4.46
2007-11-26,4.59,8.54
2008-09-03,4.59,25.95
2018-09-26,4.59,23.85
2021-05-05,4.59,20.8
1973-06-17,4.6,25.92
1975-09-23,4.6,21.92
1982-01-01,4.6,3.94
1984-11-18,4.6,9.01
1999-06-25,4.6,29.17
2003-02-23,4.6,6.59
1976-10-25,4.61,12.91
1977-08-16,4.61,29.0
1994-10-08,4.61,20.48
1995-09-22,4.61,18.23
1995-11-08,4.61,12.19
2007-02-13,4.61,5.95
2024-04-03,4.61,17.35
1973-05-25,4.62,22.47
1978-05-09,4.62,20.36
1980-09-28,4.62,22.58
1981-05-18,4.62,19.97
1989-06-15,4.62,25.05
1997-03-03,4.62,11.04
1999-07-01,4.62,28.13
2011-03-10,4.62,11.16
2013-09-22,4.62,23.6
2018-03-28,4.62,13.52
2020-06-09,4.62,26.14
2023-02-09,4.62,11.0
1973-12-25,4.63,5.7
1999-03-14,4.63,9.94
2004-03-04,4.63,10.69
2005-08-14,4.63,27.63
2012-11-12,4.63,10.14
2013-02-22,4.63,4.44
2015-01-03,4.63,4.07
2017-01-20,4.63,9.3
2018-06-25,4.63,29.13
2019-10-21,4.63,17.66
1977-11-02,4.64,15.54
1980-08-15,4.64,28.45
1983-12-06,4.64,5.53
1988-11-26,4.64,9.57
1990-12-04,4.64,7.65
1992-03-06,4.64,14.81
1994-04-06,4.64,12.84
1995-05-01,4.64,17.25
1998-06-12,4.64,25.54
2002-01-25,4.64,8.94
2006-01-03,4.64,11.17
2008-04-05,4.64,16.08
2014-05-16,4.64,21.68
2016-05-01,4.64,17.53
2016-08-12,4.64,31.0
2016-08-13,4.64,30.55
2019-04-20,4.64,20.96
1974-01-15,4.65,8.61
1989-09-09,4.65,25.93
1994-10-18,4.65,17.71
1995-07-04,4.65,26.81
1998-06-14,4.65,27.06
2001-01-19,4.65,3.29
2002-06-05,4.65,26.36
2012-01-25,4.65,8.72
1985-12-02,4.66,2.19
1988-07-20,4.66,29.97
1991-04-12,4.66,14.24
1998-09-14,4.66,28.18
2011-05-20,4.66,21.13
2015-05-20,4.66,19.91
2019-11-30,4.66,6.55
1973-03-16,4.67,13.02
1981-10-18,4.67,18.79
1985-05-14,4.67,22.51
1988-07-19,4.67,31.31
1990-11-09,4.67,9.76
1991-11-17,4.67,11.65
2008-06-05,4.67,24.7
2017-05-05,4.67,22.61
2018-11-06,4.67,14.37
2019-06-20,4.67,27.59
2020-11-12,4.67,12.47
1983-05-01,4.68,18.7
1991-01-12,4.68,4.78
1991-09-19,4.68,22.21
1996-11-25,4.68,6.25
1997-06-17,4.68,27.0
1997-10-12,4.68,20.13
1997-11-30,4.68,11.19
1999-01-29,4.68,7.75
1999-06-27,4.68,28.67
2008-09-02,4.68,26.36
2010-01-17,4.68,8.95
2015-04-25,4.68,17.7
2015-06-18,4.68,29.11
2018-12-15,4.68,9.19
2020-01-03,4.68,8.85
2021-10-26,4.68,17.94
1984-11-10,4.69,12.67
1991-05-04,4.69,17.59
1991-12-21,4.69,6.22
1997-04-06,4.69,13.98
1997-11-13,4.69,6.17
1998-03-16,4.69,10.32
1996-03-07,4.7,5.85
1996-03-25,4.7,10.27
2001-11-28,4.7,5.17
2004-02-05,4.7,3.51
2008-05-15,4.7,21.19
2012-02-29,4.7,10.73
2014-06-10,4.7,26.49
2014-08-23,4.7,28.09
2021-03-01,4.7,11.05
1975-04-08,4.71,10.08
1978-01-16,4.71,0.82
1990-12-22,4.71,-3.66
1994-01-27,4.71,4.97
2001-06-06,4.71,24.4
2004-12-23,4.71,1.34
2008-01-11,4.71,8.35
2012-12-21,4.71,5.86
2015-06-15,4.71,28.66
1975-03-28,4.72,6.55
1975-06-09,4.72,23.77
1976-04-20,4.72,20.08
1992-07-01,4.72,26.11
1998-04-09,4.72,15.61
2006-03-10,4.72,12.13
2012-09-30,4.72,24.36
2015-10-23,4.72,19.97
2017-02-21,4.72,15.29
2022-05-24,4.72,21.07
1973-06-03,4.73,24.07
1973-12-20,4.73,2.15
1975-10-26,4.73,14.25
1980-09-29,4.73,23.22
1989-03-05,4.73,3.86
1993-03-23,4.73,14.46
1998-06-09,4.73,22.38
1998-11-11,4.73,10.45
1999-05-06,4.73,20.03
2008-05-08,4.73,21.46
2012-04-15,4.73,19.21
2018-06-19,4.73,28.2
2019-08-27,4.73,28.26
1973-09-14,4.74,24.65
1979-10-23,4.74,16.9
1994-10-03,4.74,20.81
1997-03-01,4.74,9.75
2002-12-13,4.74,8.29
2009-06-11,4.74,23.62
2009-07-22,4.74,29.12
2010-05-02,4.74,19.16
2014-05-12,4.74,21.77
2016-04-18,4.74,19.61
2017-05-04,4.74,21.29
2017-05-21,4.74,21.92
2017-12-23,4.74,5.57
1973-11-05,4.75,9.53
1979-01-11,4.75,-1.4
1990-03-15,4.75,13.83
1992-03-05,4.75,14.5
1992-04-17,4.75,19.13
1996-03-28,4.75,9.45
2005-01-13,4.75,8.1
2010-09-08,4.75,26.4
1975-05-04,4.76,20.2
1979-01-02,4.76,-3.23
1979-05-30,4.76,23.33
1981-06-06,4.76,28.35
1984-10-16,4.76,16.04
1988-01-18,4.76,6.72
1992-06-04,4.76,25.93
1994-03-10,4.76,9.32
1996-10-22,4.76,13.17
2000-06-14,4.76,27.66
2001-03-04,4.76,9.18
2001-06-05,4.76,23.11
2020-02-13,4.76,6.97
2020-08-28,4.76,30.87
2023-02-23,4.76,6.48
1975-03-18,4.77,11.75
1981-04-23,4.77,19.74
1983-05-22,4.77,23.39
1985-12-01,4.77,2.94
1995-04-20,4.77,15.71
2000-09-24,4.77,19.34
2002-12-14,4.77,9.5
2003-05-09,4.77,20.12
2005-06-03,4.77,24.04
2007-04-14,4.77,14.41
2017-01-22,4.77,10.1
1981-12-15,4.78,5.2
1982-12-26,4.78,7.13
1986-11-25,4.78,11.18
1987-08-26,4.78,25.58
1990-10-23,4.78,16.84
1997-10-27,4.78,11.6
2004-04-24,4.78,19.1
2006-09-24,4.78,21.36
2010-10-24,4.78,18.5
2014-09-10,4.78,25.51
1973-05-08,4.79,21.24
1979-11-23,4.79,8.26
1981-10-26,4.79,13.75
1983-05-02,4.79,18.85
1985-11-01,4.79,14.17
1986-03-14,4.79,11.43
1987-01-19,4.79,2.95
1988-12-28,4.79,3.14
1991-04-27,4.79,18.79
1997-04-27,4.79,17.83
2002-12-20,4.79,7.55
2005-11-16,4.79,11.28
2014-03-30,4.79,15.33
1973-06-13,4.8,27.77
1975-01-25,4.8,10.07
1976-03-30,4.8,14.48
1981-10-14,4.8,16.96
1986-06-11,4.8,27.42
1992-11-23,4.8,8.78
1995-08-06,4.8,31.09
2009-05-04,4.8,19.69
2009-08-20,4.8,29.82
2010-10-27,4.8,16.45
2018-09-08,4.8,27.6
2022-05-06,4.8,21.92
2023-04-01,4.8,14.64
1975-09-24,4.81,22.16
1977-10-26,4.81,20.54
1980-03-17,4.81,11.83
1980-08-11,4.81,31.17
1984-12-14,4.81,6.51
1987-07-18,4.81,27.17
1990-01-20,4.81,5.83
1990-03-16,4.81,13.97
1993-01-09,4.81,1.48
2001-08-31,4.81,28.55
2022-12-31,4.81,9.51
2023-12-11,4.81,8.67
2024-04-10,4.81,18.22
1974-01-11,4.82,-0.33
1979-12-25,4.82,8.42
1980-04-13,4.82,13.73
1982-07-29,4.82,29.28
1990-02-22,4.82,10.92
1991-10-30,4.82,9.27
2004-05-13,4.82,21.11
2015-08-18,4.82,29.35
2015-10-25,4.82,18.19
2018-09-09,4.82,26.28
2020-04-29,4.82,23.46
2020-05-16,4.82,23.34
2020-09-10,4.82,20.9
2023-12-18,4.82,11.26
1973-01-22,4.83,5.46
1973-04-01,4.83,13.68
1992-12-09,4.83,4.65
1993-05-02,4.83,19.42
1994-04-26,4.83,18.35
1997-05-03,4.83,18.71
2008-03-18,4.83,11.73
2010-12-12,4.83,6.75
2016-12-04,4.83,6.74
2022-05-26,4.83,23.62
2023-03-03,4.83,10.17
2024-04-29,4.83,19.96
1981-06-04,4.84,25.59
1984-12-16,4.84,8.64
1990-11-28,4.84,9.96
1999-11-26,4.84,11.55
2003-04-25,4.84,18.4
2003-06-06,4.84,24.76
2018-06-20,4.84,28.22
2018-08-20,4.84,28.53
1982-12-25,4.85,7.91
1997-01-25,4.85,4.99
2000-10-29,4.85,16.58
2005-11-28,4.85,9.13
2014-04-04,4.85,14.57
1973-04-18,4.86,17.37
1979-09-06,4.86,29.36
1986-05-17,4.86,22.16
1996-12-02,4.86,7.53
2021-04-29,4.86,22.21
1977-11-22,4.87,6.43
1978-05-13,4.87,22.79
1985-03-30,4.87,12.38
1995-03-08,4.87,7.65
2003-10-29,4.87,17.16
2009-03-29,4.87,12.74
2018-09-21,4.87,25.79
2024-11-14,4.87,13.55
1974-04-13,4.88,16.67
1982-06-16,4.88,26.91
1985-04-23,4.88,20.52
2023-10-12,4.88,19.6
2024-12-27,4.88,9.12
1983-11-11,4.89,10.87
1986-06-09,4.89,26.44
1990-01-08,4.89,9.35
1994-04-28,4.89,15.62
1994-08-21,4.89,28.63
2008-04-01,4.89,13.31
1973-11-20,4.9,10.0
1977-08-18,4.9,27.61
1979-04-02,4.9,11.17
1982-09-12,4.9,24.12
1983-10-21,4.9,16.98
1985-06-12,4.9,25.72
1987-05-27,4.9,22.67
2005-01-08,4.9,3.71
2012-03-21,4.9,17.14
2017-12-20,4.9,10.67
2019-02-13,4.9,6.42
1975-12-01,4.91,7.36
1979-05-03,4.91,18.72
1985-12-11,4.91,3.08
2000-04-03,4.91,16.52
2001-04-07,4.91,17.3
2005-07-26,4.91,30.83
2021-01-26,4.91,4.43
1980-12-08,4.92,7.51
1985-08-16,4.92,28.47
1986-05-09,4.92,20.28
1989-06-14,4.92,25.06
1997-11-14,4.92,5.94
1998-03-17,4.92,10.45
2000-03-20,4.92,12.4
2003-09-12,4.92,24.87
2010-06-03,4.92,26.12
2014-08-24,4.92,27.77
1976-04-25,4.93,19.3
1982-05-28,4.93,24.08
1984-05-07,4.93,20.0
1985-01-01,4.93,4.47
1988-04-18,4.93,17.58
1994-06-08,4.93,26.27
1994-10-16,4.93,15.5
1999-09-29,4.93,21.01
2007-03-31,4.93,16.13
2009-12-03,4.93,5.99
2017-06-23,4.93,29.74
2022-11-30,4.93,8.24
2023-01-19,4.93,7.53
2023-05-12,4.93,24.18
1975-06-19,4.94,25.51
1990-05-29,4.94,22.71
1993-09-03,4.94,27.98
1994-04-16,4.94,21.51
1995-06-11,4.94,24.87
1997-12-21,4.94,6.48
1999-01-02,4.94,3.69
2003-04-24,4.94,17.45
2004-11-25,4.94,10.24
2011-12-05,4.94,6.11
2019-04-19,4.94,20.19
2022-08-21,4.94,29.3
1979-04-11,4.95,12.31
1985-03-31,4.95,11.67
1994-02-24,4.95,5.32
2002-12-04,4.95,4.24
2004-11-03,4.95,13.71
2017-04-27,4.95,17.82
2018-05-19,4.95,24.41
2019-05-08,4.95,20.77
2022-01-02,4.95,3.87
1975-02-23,4.96,7.58
1980-03-13,4.96,7.93
1984-05-04,4.96,19.26
1985-10-10,4.96,15.63
1985-10-19,4.96,20.56
1992-08-28,4.96,26.72
1997-02-13,4.96,3.78
2003-06-12,4.96,26.86
2006-09-22,4.96,20.2
2015-11-19,4.96,13.48
2022-02-03,4.96,1.66
1975-11-10,4.97,15.25
1977-12-01,4.97,8.96
1978-01-20,4.97,-1.72
1979-10-19,4.97,20.14
1994-07-08,4.97,29.11
2003-03-20,4.97,13.27
2005-04-12,4.97,17.44
2014-05-09,4.97,21.72
1985-07-26,4.98,29.98
1990-02-04,4.98,8.14
1996-01-18,4.98,7.55
2003-02-21,4.98,9.27
2005-07-11,4.98,30.34
2014-11-23,4.98,12.55
2020-04-20,4.98,17.96
1985-08-25,4.99,28.88
1989-03-30,4.99,16.9
1990-04-26,4.99,21.89
1994-04-11,4.99,16.37
1997-01-09,4.99,2.51
1997-10-24,4.99,14.0
2003-09-02,4.99,27.95
2007-01-15,4.99,1.43
2008-02-22,4.99,5.6
2012-10-14,4.99,20.22
2020-08-29,4.99,30.71
1975-04-25,5.0,19.82
1992-02-15,5.0,10.04
2004-08-21,5.0,27.12
2012-01-21,5.0,6.84
2013-09-29,5.0,21.88
1980-04-12,5.01,15.42
1994-06-24,5.01,30.13
2005-12-31,5.01,9.03
2010-10-26,5.01,17.77
2023-01-04,5.01,8.16
1973-03-10,5.02,12.16
2014-02-21,5.02,11.45
1979-08-12,5.03,27.63
1980-10-16,5.03,16.24
1981-06-03,5.03,25.47
1990-01-19,5.03,6.78
1990-10-11,5.03,18.15
1996-04-29,5.03,18.0
1996-05-26,5.03,21.54
2011-05-25,5.03,23.24
1973-07-20,5.04,28.77
1978-09-14,5.04,23.48
1984-05-28,5.04,24.52
1996-11-19,5.04,10.29
1997-10-09,5.04,20.98
2003-09-23,5.04,25.19
2007-04-15,5.04,15.48
2009-07-31,5.04,28.16
2015-05-10,5.04,20.9
1987-11-25,5.05,11.01
1989-09-13,5.05,22.22
1990-05-16,5.05,22.28
1991-10-27,5.05,16.74
2007-06-20,5.05,29.92
2008-04-04,5.05,15.69
2013-10-15,5.05,17.56
2015-10-24,5.05,18.91
2016-05-27,5.05,25.1
2021-02-16,5.05,-2.69
2024-10-31,5.05,17.62
1978-05-03,5.06,16.81
1979-12-13,5.06,6.8
1981-03-04,5.06,9.78
1982-12-27,5.06,6.21
1992-12-15,5.06,4.56
2000-01-04,5.06,6.85
2003-05-06,5.06,19.55
2006-04-29,5.06,20.43
2014-03-03,5.06,3.52
2015-07-06,5.06,29.25
2021-06-26,5.06,29.23
2024-01-23,5.06,6.57
1973-10-31,5.07,14.54
1982-09-14,5.07,22.53
1985-02-24,5.07,11.87
2001-05-21,5.07,23.9
2008-05-24,5.07,20.82
2019-04-08,5.07,20.54
1992-04-20,5.08,17.91
2004-10-20,5.08,16.42
2008-07-24,5.08,29.95
2017-04-04,5.08,16.93
2018-03-29,5.08,14.75
2019-09-12,5.08,26.4
2019-11-27,5.08,8.9
1985-11-27,5.09,6.82
1987-04-14,5.09,17.78
1987-08-27,5.09,25.93
1995-05-18,5.09,21.36
2015-10-26,5.09,17.76
1980-05-18,5.1,21.47
1983-04-23,5.1,17.32
1984-06-07,5.1,25.04
1988-09-17,5.1,25.4
1989-03-21,5.1,10.72
1990-07-13,5.1,28.44
1992-07-13,5.1,27.83
1992-10-31,5.1,13.29
2003-12-14,5.1,5.0
2008-02-17,5.1,9.2
1986-02-15,5.11,4.99
1989-11-16,5.11,11.48
2005-09-26,5.11,24.87
2017-08-07,5.11,27.63
2019-06-06,5.11,27.81
1998-09-12,5.12,27.47
1974-08-28,5.13,28.16
1986-02-05,5.13,9.3
1990-07-22,5.13,28.49
2003-12-10,5.13,6.36
2009-09-22,5.13,24.01
2010-06-13,5.13,25.33
1974-05-12,5.14,22.27
1974-08-30,5.14,27.01
1975-06-11,5.14,23.7
1981-06-14,5.14,26.03
1993-02-16,5.14,1.57
1997-09-24,5.14,22.54
2005-06-11,5.14,25.87
2006-12-01,5.14,6.34
2011-04-28,5.14,18.54
2024-03-09,5.14,11.49
1973-12-26,5.15,6.19
1978-04-18,5.15,15.55
1991-12-20,5.15,4.07
2000-11-07,5.15,9.99
2008-12-12,5.15,7.73
2011-05-26,5.15,23.4
2019-10-27,5.15,16.63
2000-06-18,5.16,25.64
2001-03-15,5.16,12.84
2001-07-27,5.16,29.23
2003-02-16,5.16,6.13
2006-12-22,5.16,8.09
2009-03-26,5.16,12.29
2009-03-28,5.16,11.11
2015-12-23,5.16,10.31
2019-12-01,5.16,7.33
1973-03-07,5.17,12.61
1973-04-08,5.17,10.96
1978-09-13,5.17,23.89
1985-06-06,5.17,25.49
1993-04-15,5.17,15.1
1999-06-28,5.17,28.42
2005-01-04,5.17,6.36
2019-05-10,5.17,18.34
1973-05-07,5.18,19.4
1975-10-17,5.18,18.92
1983-04-02,5.18,12.64
1996-09-28,5.18,19.64
2017-08-08,5.18,27.59
2018-02-11,5.18,5.15
1983-09-21,5.19,20.46
2024-05-07,5.19,21.01
1985-07-25,5.2,29.35
1988-03-03,5.2,10.82
1996-07-15,5.2,29.81
1997-01-28,5.2,3.96
2003-09-19,5.2,22.81
2004-05-01,5.2,19.63
2011-10-09,5.2,20.59
1977-10-09,5.21,17.98
1984-03-28,5.21,12.07
1995-03-09,5.21,7.5
1998-10-17,5.21,18.35
2006-01-23,5.21,6.5
2008-12-11,5.21,8.01
2010-09-24,5.21,25.41
2014-04-14,5.21,17.78
2016-04-27,5.21,18.37
2017-02-08,5.21,10.74
1976-07-04,5.22,28.3
1978-09-18,5.22,23.07
2002-05-13,5.22,22.19
2006-09-18,5.22,22.36
2016-12-06,5.22,7.34
1983-05-16,5.23,17.73
1983-10-12,5.23,18.68
1984-04-30,5.23,17.05
1992-11-20,5.23,9.92
1999-04-15,5.23,16.43
2001-12-13,5.23,6.95
1990-02-02,5.24,6.54
2001-10-11,5.24,19.35
2002-05-18,5.24,21.58
2003-03-19,5.24,13.11
2004-06-10,5.24,25.43
2013-02-11,5.24,7.84
2021-08-20,5.24,27.75
2022-11-12,5.24,8.83
1974-02-19,5.25,9.44
1975-03-19,5.25,14.12
1988-11-05,5.25,17.06
1990-10-09,5.25,17.45
2000-12-17,5.25,5.92
2004-01-25,5.25,4.47
2019-12-30,5.25,6.8
1973-03-24,5.26,12.63
1974-08-03,5.26,27.61
1981-06-16,5.26,26.22
1988-09-18,5.26,24.92
1990-03-30,5.26,12.9
2009-07-29,5.26,29.45
2015-04-14,5.26,20.74
2018-12-08,5.26,3.63
2020-03-19,5.26,13.53
1973-03-14,5.27,13.43
1999-09-17,5.27,24.94
2008-12-28,5.27,7.86
2013-05-22,5.27,23.6
2020-12-14,5.27,5.19
2021-08-18,5.27,29.41
2022-08-22,5.27,29.26
1975-11-30,5.28,7.42
1979-06-09,5.28,23.97
1982-06-29,5.28,28.34
1987-12-20,5.28,6.33
1990-10-04,5.28,22.35
1991-10-26,5.28,16.34
1994-03-27,5.28,12.95
1999-01-22,5.28,9.51
2009-10-28,5.28,13.44
2013-12-21,5.28,5.95
1979-11-21,5.29,10.9
1991-01-10,5.29,1.9
1992-04-21,5.29,17.47
1995-05-28,5.29,22.47
1997-04-26,5.29,16.52
1997-10-25,5.29,11.9
2000-05-27,5.29,25.05
2016-08-20,5.29,28.47
1983-02-01,5.3,5.85
1983-12-28,5.3,0.27
1990-05-30,5.3,21.72
2001-04-11,5.3,17.12
2001-09-01,5.3,27.86
2005-06-13,5.3,25.62
2006-03-21,5.3,7.47
2010-05-11,5.3,18.0
2018-09-22,5.3,24.99
2024-01-24,5.3,7.73
1979-03-23,5.31,14.11
1990-05-13,5.31,20.17
2005-11-29,5.31,7.8
1975-01-10,5.32,6.61
1978-06-07,5.32,27.14
2001-10-13,5.32,18.3
2013-06-07,5.32,25.94
2017-01-23,5.32,8.87
2017-03-29,5.32,16.09
1980-01-11,5.33,6.94
1986-03-12,5.33,12.78
1996-01-24,5.33,4.03
1998-01-06,5.33,8.01
2016-12-05,5.33,7.73
2018-06-21,5.33,28.79
2020-09-09,5.33,21.88
1977-08-17,5.34,28.96
1981-02-02,5.34,4.04
1982-11-29,5.34,9.39
1993-10-20,5.34,17.49
1996-04-23,5.34,18.81
2019-03-10,5.34,10.16
1976-10-09,5.35,19.04
1977-01-03,5.35,-0.39
1977-11-09,5.35,12.1
1983-04-14,5.35,12.28
1989-03-06,5.35,5.31
1993-08-06,5.35,27.57
1995-06-06,5.35,25.54
2006-11-07,5.35,17.13
2014-05-15,5.35,20.89
2023-05-13,5.35,24.84
1992-11-01,5.36,13.78
1995-04-18,5.36,15.59
1995-11-12,5.36,11.13
2001-06-15,5.36,26.8
2013-11-01,5.36,16.06
1974-08-29,5.37,27.29
1975-01-08,5.37,8.09
1991-03-01,5.37,11.93
2004-06-11,5.37,24.84
2010-09-23,5.37,25.07
2015-11-01,5.37,16.94
1973-10-13,5.38,20.18
1981-05-19,5.38,20.39
1995-05-27,5.38,21.76
1996-02-20,5.38,13.82
2015-07-07,5.38,28.36
1989-05-05,5.39,22.11
1994-04-30,5.39,15.7
2018-10-11,5.39,16.79
1982-09-27,5.4,21.39
1984-02-14,5.4,12.56
1984-10-15,5.4,17.77
1984-11-27,5.4,9.38
1992-10-30,5.4,13.68
1995-01-15,5.4,9.98
2001-11-30,5.4,6.91
2004-09-17,5.4,26.22
2017-05-20,5.4,21.47
2020-03-20,5.4,13.93
2021-03-18,5.4,13.28
2024-03-26,5.4,10.85
1996-07-14,5.41,29.74
2000-09-23,5.41,20.37
2008-09-12,5.41,24.72
1980-04-14,5.42,14.27
1983-09-20,5.42,23.46
1990-07-12,5.42,29.96
1992-12-10,5.42,6.14
1995-10-03,5.42,22.0
1998-03-19,5.42,10.61
1999-03-13,5.42,8.22
2009-12-24,5.42,4.56
2010-02-06,5.42,5.73
2018-01-12,5.42,7.91
2018-04-14,5.42,16.09
1977-03-13,5.43,13.5
1980-03-18,5.43,11.38
1985-09-29,5.43,17.13
1996-11-30,5.43,6.58
2005-10-05,5.43,21.91
2008-04-11,5.43,15.63
2013-05-31,5.43,25.54
2016-02-03,5.43,7.18
2017-05-01,5.43,18.56
2003-09-01,5.44,26.99
2006-10-27,5.44,13.98
2013-09-20,5.44,25.32
1973-12-21,5.45,3.79
1977-05-21,5.45,24.05
1982-12-28,5.45,5.98
1999-10-09,5.45,22.6
2005-03-27,5.45,12.14
1978-11-17,5.46,8.68
2001-05-05,5.46,21.78
2007-05-06,5.46,19.8
2018-11-13,5.46,5.31
1993-06-08,5.47,23.25
2006-08-28,5.47,28.51
2008-05-23,5.47,20.04
2022-10-25,5.47,16.5
1981-06-13,5.48,26.97
1983-05-21,5.48,21.76
1989-05-18,5.48,23.74
1994-03-28,5.48,12.18
2001-10-12,5.48,19.29
2005-06-01,5.48,23.88
2011-03-06,5.48,9.43
2022-12-14,5.48,6.12
2023-03-25,5.48,12.39
1981-03-05,5.49,10.17
2006-12-31,5.49,7.41
2011-11-22,5.49,10.78
2019-02-24,5.49,7.26
1976-04-16,5.5,18.66
1985-03-04,5.5,8.96
2024-04-28,5.5,19.49
1973-12-27,5.51,6.26
1980-10-28,5.51,11.09
1981-10-07,5.51,20.69
1993-01-05,5.51,4.6
1998-02-03,5.51,7.66
1999-02-07,5.51,11.26
2002-02-20,5.51,11.62
2005-01-14,5.51,4.41
2015-05-25,5.51,22.98
2016-03-31,5.51,16.5
2019-10-26,5.51,16.73
2022-03-23,5.51,14.19
1978-12-31,5.52,-1.88
1988-04-02,5.52,16.39
1998-06-11,5.52,24.89
2004-05-14,5.52,20.09
2006-04-30,5.52,20.44
2013-01-10,5.52,10.01
2013-05-20,5.52,23.86
2015-11-28,5.52,7.06
1977-10-08,5.53,17.82
1981-12-01,5.53,7.71
1988-12-23,5.53,8.05
2013-04-12,5.53,14.45
2014-03-29,5.53,13.78
2017-04-03,5.53,17.27
1974-04-02,5.54,16.6
1977-09-24,5.54,22.79
1979-07-27,5.54,29.69
1984-02-13,5.54,11.53
1998-06-05,5.54,21.05
2018-02-22,5.54,5.89
2018-04-15,5.54,14.42
2021-08-31,5.54,29.99
1976-06-24,5.55,26.19
1994-07-07,5.55,29.53
1996-11-08,5.55,13.64
1997-02-27,5.55,8.61
1998-02-04,5.55,7.41
2005-03-23,5.55,11.86
2010-04-24,5.55,19.02
2020-06-10,5.55,25.92
2024-05-05,5.55,20.85
2024-11-04,5.55,15.52
1978-11-27,5.56,5.91
1986-03-13,5.56,11.71
2004-10-19,5.56,16.44
2007-01-05,5.56,10.5
2007-10-19,5.56,19.42
2014-02-05,5.56,0.06
1977-04-05,5.57,14.43
1982-10-07,5.57,21.44
1979-07-26,5.58,30.03
1983-06-29,5.58,26.59
1998-11-10,5.58,10.83
2008-04-10,5.58,14.71
2009-04-03,5.58,14.62
1978-05-04,5.59,16.43
1991-02-19,5.59,9.38
2011-04-16,5.59,15.7
1987-12-15,5.6,2.73
1987-12-25,5.6,4.33
1992-03-19,5.6,11.38
1996-09-15,5.6,21.69
1998-01-05,5.6,8.51
2010-05-03,5.6,19.99
2019-03-14,5.6,11.62
2021-01-01,5.6,5.71
2022-03-22,5.6,15.37
1977-04-21,5.61,19.53
2015-12-29,5.61,3.72
1978-02-13,5.62,3.27
1982-01-03,5.62,3.94
1985-09-30,5.62,16.91
2002-01-31,5.62,5.34
2009-05-03,5.62,18.77
2020-02-11,5.62,7.99
1974-03-30,5.63,16.33
1990-02-15,5.63,4.1
2015-05-16,5.63,20.87
1979-07-25,5.64,30.39
1993-12-05,5.64,10.39
1998-02-16,5.64,8.28
1977-03-27,5.65,15.45
1987-01-18,5.65,1.13
1993-01-20,5.65,3.25
1973-02-02,5.66,8.07
1976-02-18,5.66,12.27
2016-03-09,5.66,15.9
2019-06-24,5.66,26.53
2022-03-31,5.66,14.83
2006-01-18,5.67,7.91
2013-02-26,5.68,7.47
2023-01-25,5.68,5.0
1973-04-20,5.69,17.1
1974-08-10,5.69,27.17
1978-06-08,5.69,26.32
1999-04-04,5.69,14.14
2022-04-06,5.69,17.52
1978-03-03,5.7,3.42
1986-11-08,5.7,11.86
1991-10-28,5.7,15.12
2002-12-31,5.7,8.9
1986-09-24,5.71,23.31
1996-03-06,5.71,9.1
2014-10-03,5.71,22.23
2017-06-24,5.71,28.64
2018-04-07,5.71,12.44
2023-01-03,5.71,8.77
1987-03-17,5.72,10.71
1976-05-15,5.73,24.14
1989-06-13,5.73,26.35
1999-01-03,5.73,1.94
2006-03-20,5.73,8.01
2007-04-25,5.73,20.26
1975-05-29,5.74,23.46
2014-04-07,5.74,15.67
1978-12-09,5.75,-0.02
1982-12-01,5.75,11.47
1999-01-24,5.75,9.04
2012-03-20,5.75,16.87
2013-04-18,5.75,14.74
2019-12-29,5.75,8.0
2022-04-14,5.75,14.36
1979-01-01,5.76,-1.83
1989-06-04,5.76,25.31
2005-10-08,5.76,18.7
2009-04-13,5.76,15.35
1979-09-22,5.77,24.36
1989-05-17,5.77,22.49
2010-11-30,5.77,7.0
2001-02-25,5.78,8.91
2002-04-28,5.78,17.1
2017-10-22,5.78,19.89
2018-12-21,5.78,9.88
1983-03-27,5.79,9.45
1987-12-26,5.79,3.47
1982-04-03,5.8,14.83
1999-03-09,5.8,7.8
1982-01-31,5.81,6.46
1984-05-03,5.81,18.47
2002-04-08,5.81,16.32
2004-09-18,5.81,26.78
2015-04-20,5.81,19.49
1979-09-21,5.82,24.4
1980-08-16,5.82,27.51
2014-01-11,5.82,9.41
2014-04-29,5.82,17.39
1973-09-06,5.83,27.32
1975-03-14,5.83,7.33
1979-02-23,5.83,8.52
1983-12-12,5.83,8.02
1991-04-13,5.83,14.68
1996-04-30,5.83,18.32
1997-03-14,5.83,10.32
2007-12-16,5.83,3.48
2010-12-01,5.83,6.45
2018-12-01,5.83,9.38
1975-01-11,5.84,4.48
1983-12-11,5.84,8.64
1990-12-18,5.84,7.29
2020-01-12,5.84,6.86
1999-01-30,5.85,7.76
2006-09-23,5.85,20.6
2011-02-02,5.85,-1.46
2011-05-21,5.85,22.74
2016-02-16,5.85,11.12
1977-03-29,5.86,13.43
1996-09-17,5.86,20.92
2002-10-29,5.86,12.27
2017-01-03,5.86,6.1
2020-12-31,5.86,6.27
1983-05-20,5.87,20.54
1995-03-07,5.87,8.09
2013-04-19,5.87,14.51
2021-08-19,5.87,27.92
1977-12-15,5.88,11.74
1984-04-03,5.88,13.31
1986-10-12,5.88,14.49
1995-04-21,5.88,15.33
2013-05-30,5.88,24.95
2021-09-02,5.88,27.31
1974-06-07,5.89,24.67
1984-10-17,5.89,15.45
1995-11-02,5.89,12.62
2019-03-13,5.89,11.6
1973-03-17,5.9,12.39
1983-02-02,5.9,4.89
1996-11-07,5.9,13.89
2021-10-28,5.9,16.0
1990-12-03,5.91,8.33
1996-05-28,5.91,21.69
2009-12-13,5.91,4.48
2015-05-11,5.91,21.31
1991-04-15,5.92,16.16
1999-09-16,5.92,24.73
2003-06-07,5.92,24.84
1979-09-14,5.93,24.68
1986-09-30,5.93,22.08
2015-09-30,5.93,25.36
2016-02-24,5.93,10.09
1984-10-19,5.94,15.6
2013-01-31,5.94,7.3
2018-02-21,5.94,7.4
1989-02-21,5.95,7.51
1994-02-11,5.95,3.36
1994-10-17,5.95,17.1
2000-11-06,5.95,12.68
2021-07-02,5.95,29.82
1982-02-16,5.96,12.17
1991-10-29,5.96,12.39
1998-10-18,5.96,18.43
2015-07-08,5.96,27.23
2001-01-30,5.97,6.57
2012-03-09,5.97,13.92
1979-02-25,5.98,6.38
1982-11-27,5.98,6.24
1982-11-28,5.98,7.37
2014-05-13,5.99,21.06
2011-03-09,6.0,9.41
2022-02-18,6.0,9.0
1977-09-14,6.01,25.34
2001-11-24,6.01,12.69
1999-05-05,6.02,19.66
2015-10-28,6.02,16.57
1979-01-20,6.03,3.91
1986-02-04,6.03,10.0
1994-04-12,6.03,17.26
2002-03-20,6.03,11.09
2008-06-06,6.03,25.07
1979-02-07,6.04,1.77
1986-07-02,6.04,29.22
1975-10-18,6.06,19.13
1986-11-26,6.06,10.93
2002-10-04,6.06,19.93
2009-10-23,6.06,15.73
2011-09-05,6.06,27.1
2015-11-27,6.06,9.14
2005-06-12,6.07,25.59
2019-01-20,6.07,4.95
1973-09-27,6.08,22.52
1975-03-13,6.08,7.98
2004-02-06,6.08,3.99
2014-06-09,6.08,26.03
2019-05-01,6.08,17.17
1991-01-11,6.09,3.56
2008-03-04,6.09,9.84
1979-03-03,6.1,8.91
1973-11-25,6.11,10.45
1986-06-10,6.11,26.21
1993-11-14,6.11,11.75
2015-05-24,6.11,21.91
1980-05-17,6.12,20.23
1995-05-09,6.12,19.52
1976-12-07,6.13,4.39
1974-04-12,6.14,16.02
1986-02-18,6.14,11.59
1991-04-29,6.14,18.91
2003-09-22,6.14,24.46
2015-05-26,6.14,23.98
1991-11-01,6.15,8.61
2000-12-14,6.15,0.81
2018-10-08,6.15,18.62
1982-12-16,6.16,7.97
1992-11-12,6.16,11.12
2024-11-05,6.16,15.1
1974-06-08,6.17,24.02
1980-03-21,6.17,13.78
2005-01-05,6.17,4.34
2024-04-11,6.17,19.09
1984-02-27,6.18,6.99
2006-10-28,6.18,15.89
2006-12-30,6.18,7.5
1975-05-30,6.19,23.41
1976-09-27,6.19,21.34
1982-05-13,6.2,21.16
2018-02-25,6.2,8.81
1975-06-10,6.21,23.33
1986-09-25,6.23,22.39
2009-10-05,6.23,16.07
1978-09-12,6.24,25.16
1990-11-10,6.24,12.53
2002-09-26,6.24,23.08
2008-02-01,6.24,3.56
1992-11-21,6.25,8.73
1995-11-11,6.25,11.25
2010-01-22,6.25,7.56
2013-10-31,6.25,15.16
2008-09-13,6.26,25.36
2019-01-24,6.26,6.37
1997-05-26,6.27,21.0
2001-11-25,6.27,11.84
2006-01-29,6.27,10.26
2019-02-12,6.28,4.82
2019-10-31,6.28,8.32
2004-11-02,6.29,13.07
2018-12-02,6.29,8.87
2008-02-06,6.3,7.49
2015-08-19,6.31,28.5
1991-11-20,6.32,13.07
2012-09-18,6.32,24.28
2018-04-16,6.32,13.84
1983-11-25,6.34,7.65
1997-09-23,6.35,22.48
2011-11-23,6.35,12.62
1990-05-03,6.36,18.51
2010-02-05,6.36,4.89
2010-04-25,6.36,19.1
2013-04-11,6.36,14.55
1973-10-11,6.37,18.53
1980-03-30,6.37,12.35
1997-04-28,6.37,18.38
2003-08-31,6.37,26.85
2016-11-29,6.38,10.22
2019-05-19,6.38,20.8
1987-02-27,6.39,6.48
2005-03-28,6.39,14.65
2007-10-23,6.39,17.79
2022-12-15,6.39,5.66
1973-05-28,6.41,22.06
1973-12-04,6.41,9.35
1997-10-26,6.41,11.24
2013-11-27,6.41,6.7
1983-06-28,6.42,27.29
2011-06-22,6.42,28.77
2015-10-31,6.42,15.09
2019-02-20,6.42,1.24
1991-03-04,6.43,11.23
2014-04-28,6.43,17.86
1977-02-24,6.44,10.81
1983-03-05,6.44,14.23
1991-03-03,6.44,10.41
1993-01-21,6.44,6.31
2019-05-22,6.44,18.72
1973-11-28,6.45,10.77
2003-05-05,6.45,19.44
2007-02-25,6.45,7.96
1974-02-22,6.46,8.7
1979-02-24,6.46,6.85
1988-01-20,6.47,5.08
2010-01-25,6.47,6.95
1996-11-17,6.48,8.2
2009-01-07,6.49,6.34
1994-02-23,6.5,5.2
2001-10-14,6.5,19.44
2009-12-25,6.5,3.18
1978-01-25,6.52,3.33
1995-07-05,6.52,27.25
2002-12-24,6.52,3.21
2009-07-30,6.52,28.11
1988-09-04,6.53,27.65
1994-03-02,6.53,10.21
2005-09-25,6.53,24.05
2015-01-04,6.53,5.2
1978-01-09,6.56,2.73
1981-03-30,6.56,16.94
1982-02-03,6.57,1.92
1993-10-30,6.57,9.74
2003-04-07,6.57,11.76
1978-01-17,6.58,0.4
1995-10-06,6.59,18.5
1983-05-19,6.6,19.61
2012-12-26,6.6,1.16
1983-11-24,6.61,8.01
2003-08-30,6.61,27.71
2022-02-04,6.62,1.42
1984-11-02,6.63,13.97
2011-04-05,6.63,15.75
1979-03-04,6.64,8.55
2014-11-24,6.64,11.42
2011-09-06,6.65,26.18
2016-03-11,6.65,17.46
1987-03-18,6.66,11.24
1990-04-28,6.66,20.14
2004-11-24,6.66,10.03
2024-01-25,6.66,8.92
2011-04-27,6.67,18.38
1993-11-15,6.68,10.97
1985-02-23,6.69,12.25
1991-09-25,6.69,22.96
1988-09-19,6.7,23.8
1996-09-16,6.7,21.73
1978-05-08,6.71,18.4
2003-11-19,6.71,15.11
1979-11-26,6.72,10.19
1995-01-14,6.72,10.17
2001-12-14,6.72,7.97
2006-10-16,6.72,17.53
2009-10-22,6.72,16.19
2015-12-13,6.72,11.46
1978-12-04,6.74,6.75
1986-10-03,6.74,20.01
1995-12-19,6.74,4.33
2008-12-10,6.74,7.58
1973-11-21,6.75,9.27
1978-05-07,6.75,17.12
1990-02-10,6.75,10.98
1996-01-19,6.78,2.69
1979-05-04,6.79,18.09
1991-04-14,6.8,14.78
2004-05-31,6.8,23.99
1977-12-14,6.81,10.45
1975-12-26,6.82,5.37
2013-01-30,6.82,9.39
1975-09-12,6.84,24.12
1980-01-12,6.84,7.24
1994-11-28,6.84,8.12
2016-04-30,6.84,16.89
2022-05-25,6.85,22.03
1997-05-25,6.87,21.96
1987-03-01,6.88,9.04
2000-11-09,6.91,8.51
2020-02-07,6.91,6.87
2024-11-19,6.91,13.73
1983-11-28,6.92,5.94
2010-01-21,6.94,7.73
1973-04-16,6.96,16.13
2015-12-22,6.97,9.22
1995-01-07,6.98,3.8
1998-10-06,6.98,19.32
2018-11-01,6.98,14.94
2011-02-25,6.99,6.28
2011-04-26,7.0,19.29
1997-10-13,7.01,17.58
2019-04-14,7.01,15.25
1979-01-21,7.02,4.52
2001-12-17,7.03,8.66
1979-12-24,7.04,8.13
2005-08-30,7.07,29.3
1984-10-21,7.08,14.06
1984-11-28,7.08,8.25
1974-06-09,7.1,25.01
2006-11-16,7.11,11.68
2014-12-24,7.11,7.69
1993-01-08,7.12,2.89
2018-10-09,7.12,18.93
2015-11-17,7.14,13.16
2004-12-07,7.15,8.7
1983-11-23,7.16,9.15
1982-10-09,7.17,18.77
2010-10-25,7.17,18.82
2008-09-14,7.18,25.94
1995-10-04,7.19,21.04
1997-03-02,7.19,11.11
1983-10-20,7.2,17.23
2016-03-10,7.2,15.97
2009-10-09,7.21,17.26
2019-05-09,7.21,19.78
1974-10-29,7.23,17.53
2000-02-14,7.23,8.03
1973-05-27,7.25,21.26
1999-01-23,7.27,8.75
2007-10-18,7.27,18.96
1995-04-11,7.3,12.82
2002-09-27,7.32,22.78
2003-02-22,7.32,8.61
2007-03-02,7.33,8.08
2015-12-24,7.33,10.35
1996-01-27,7.37,3.24
1998-03-09,7.39,6.82
1991-12-03,7.4,5.72
1996-05-27,7.4,21.56
1979-04-12,7.41,13.91
1992-11-02,7.41,13.18
1995-12-18,7.42,5.23
1987-02-28,7.43,7.0
1996-12-01,7.44,7.5
1997-02-21,7.46,11.66
1982-12-04,7.49,11.82
2015-05-17,7.49,21.94
2024-12-29,7.49,12.31
1994-11-05,7.5,13.2
1983-03-06,7.51,13.61
1998-10-05,7.52,19.11
2020-02-06,7.52,4.89
2024-09-27,7.52,27.36
1980-03-28,7.53,11.47
1977-03-28,7.56,15.67
2019-05-21,7.6,18.99
1997-12-24,7.61,4.75
1983-12-04,7.62,6.37
1990-02-16,7.63,4.43
1973-03-31,7.64,12.75
1996-09-27,7.67,19.22
1998-02-17,7.68,8.09
1997-04-05,7.69,15.36
2015-12-27,7.7,6.6
1987-11-16,7.72,12.24
1978-01-26,7.73,3.07
1988-11-20,7.74,8.09
1981-02-11,7.76,2.87
2003-11-18,7.77,13.93
1977-03-12,7.78,13.39
1977-03-04,7.79,8.32
1992-11-22,7.81,8.94
1987-11-17,7.84,11.21
1973-03-25,7.93,13.01
1982-01-23,7.96,3.46
2018-12-28,7.96,5.83
2004-03-05,7.99,11.5
1983-12-03,8.01,5.43
1974-10-31,8.03,16.71
1993-09-14,8.04,22.12
2018-12-27,8.06,6.82
1982-12-03,8.15,12.14
1994-01-28,8.21,4.84
1973-03-11,8.25,13.24
2021-10-25,8.26,18.03
2020-10-29,8.28,13.8
2018-10-10,8.29,18.12
2009-10-14,8.3,14.29
2009-10-30,8.36,12.81
1998-01-07,8.38,7.67
2024-01-10,8.39,5.44
2001-11-29,8.4,4.63
2013-12-22,8.45,6.23
2014-10-14,8.49,20.43
1979-10-31,8.51,13.61
1995-05-08,8.56,19.55
1982-01-04,8.6,3.98
2020-04-13,8.62,13.84
2022-11-05,8.63,14.99
2008-03-19,8.64,13.38
2013-09-21,8.67,24.32
2015-12-28,8.75,5.07
1980-05-16,8.8,19.52
1998-01-08,8.84,7.13
2017-04-30,8.85,17.99
2020-01-11,8.9,7.37
1983-11-20,8.92,11.59
2009-12-09,9.01,1.55
1995-10-05,9.26,19.1
1998-03-08,9.38,6.96
2015-12-14,9.38,10.98
2024-01-09,9.42,4.05
1991-03-02,10.0,11.35
2015-11-18,10.33,12.76
2006-10-17,11.98,16.54
