[0m08:29:22.769150 [debug] [MainThread]: Sending event: {'category': 'dbt', 'action': 'invocation', 'label': 'start', 'context': [<snowplow_tracker.self_describing_json.SelfDescribingJson object at 0x0000027488573EF0>, <snowplow_tracker.self_describing_json.SelfDescribingJson object at 0x0000027489127D40>, <snowplow_tracker.self_describing_json.SelfDescribingJson object at 0x0000027489127440>]}


============================== 08:29:22.777539 | d38013d4-4d1b-4a9e-8a44-8bd2a8fa0dcb ==============================
[0m08:29:22.777539 [info ] [MainThread]: Running with dbt=1.11.2
[0m08:29:22.780512 [debug] [MainThread]: running dbt with arguments {'version_check': 'True', 'no_print': 'None', 'static_parser': 'True', 'warn_error_options': 'WarnErrorOptionsV2(error=[], warn=[], silence=[])', 'target_path': 'None', 'printer_width': '80', 'write_json': 'True', 'empty': 'None', 'log_cache_events': 'False', 'introspect': 'True', 'cache_selected_only': 'False', 'fail_fast': 'False', 'debug': 'False', 'log_format': 'default', 'partial_parse': 'True', 'send_anonymous_usage_stats': 'True', 'quiet': 'False', 'warn_error': 'None', 'profiles_dir': '.', 'use_colors': 'True', 'invocation_command': 'dbt deps --profiles-dir .', 'indirect_selection': 'eager', 'use_experimental_parser': 'False', 'log_path': 'logs'}
[0m08:29:22.804254 [error] [MainThread]: Encountered an error:
Runtime Error
  dbt_project.yml does not parse to a dictionary
[0m08:29:22.806742 [debug] [MainThread]: Command `dbt deps` failed at 08:29:22.806742 after 0.27 seconds
[0m08:29:22.807776 [debug] [MainThread]: Sending event: {'category': 'dbt', 'action': 'invocation', 'label': 'end', 'context': [<snowplow_tracker.self_describing_json.SelfDescribingJson object at 0x0000027488B24950>, <snowplow_tracker.self_describing_json.SelfDescribingJson object at 0x000002748996DAF0>, <snowplow_tracker.self_describing_json.SelfDescribingJson object at 0x000002748996F440>]}
[0m08:29:22.807776 [debug] [MainThread]: Flushing usage events
[0m08:29:23.655028 [debug] [MainThread]: An error was encountered while trying to flush usage events
[0m08:29:26.601308 [debug] [MainThread]: Sending event: {'category': 'dbt', 'action': 'invocation', 'label': 'start', 'context': [<snowplow_tracker.self_describing_json.SelfDescribingJson object at 0x00000150AE681A30>, <snowplow_tracker.self_describing_json.SelfDescribingJson object at 0x00000150AC01B710>, <snowplow_tracker.self_describing_json.SelfDescribingJson object at 0x00000150AEDCE0F0>]}


============================== 08:29:26.606819 | 2ca7eb64-d1dd-40de-8e49-4815262de60a ==============================
[0m08:29:26.606819 [info ] [MainThread]: Running with dbt=1.11.2
[0m08:29:26.607844 [debug] [MainThread]: running dbt with arguments {'static_parser': 'True', 'no_print': 'None', 'version_check': 'True', 'target_path': 'None', 'warn_error_options': 'WarnErrorOptionsV2(error=[], warn=[], silence=[])', 'printer_width': '80', 'write_json': 'True', 'empty': 'False', 'log_cache_events': 'False', 'introspect': 'True', 'cache_selected_only': 'False', 'fail_fast': 'False', 'debug': 'False', 'log_format': 'default', 'partial_parse': 'True', 'send_anonymous_usage_stats': 'True', 'quiet': 'False', 'warn_error': 'None', 'profiles_dir': '.', 'invocation_command': 'dbt run --profiles-dir .', 'use_colors': 'True', 'indirect_selection': 'eager', 'use_experimental_parser': 'False', 'log_path': 'logs'}
[0m08:29:26.608837 [error] [MainThread]: Encountered an error:
Runtime Error
  dbt_project.yml does not parse to a dictionary
[0m08:29:26.608837 [debug] [MainThread]: Command `dbt run` failed at 08:29:26.608837 after 0.16 seconds
[0m08:29:26.608837 [debug] [MainThread]: Sending event: {'category': 'dbt', 'action': 'invocation', 'label': 'end', 'context': [<snowplow_tracker.self_describing_json.SelfDescribingJson object at 0x00000150AF081F70>, <snowplow_tracker.self_describing_json.SelfDescribingJson object at 0x00000150AF0D8B00>, <snowplow_tracker.self_describing_json.SelfDescribingJson object at 0x00000150AF1F8590>]}
[0m08:29:26.610259 [debug] [MainThread]: Flushing usage events
[0m08:29:27.407042 [debug] [MainThread]: An error was encountered while trying to flush usage events
[0m08:29:42.860259 [debug] [MainThread]: Sending event: {'category': 'dbt', 'action': 'invocation', 'label': 'start', 'context': [<snowplow_tracker.self_describing_json.SelfDescribingJson object at 0x000002ADD6E1B710>, <snowplow_tracker.self_describing_json.SelfDescribingJson object at 0x000002ADD9A7E1B0>, <snowplow_tracker.self_describing_json.SelfDescribingJson object at 0x000002ADD9A7EE70>]}


============================== 08:29:42.868244 | b9da50ca-ba40-4792-9c1f-962d68b36203 ==============================
[0m08:29:42.868244 [info ] [MainThread]: Running with dbt=1.11.2
[0m08:29:42.868244 [debug] [MainThread]: running dbt with arguments {'static_parser': 'True', 'no_print': 'None', 'version_check': 'True', 'warn_error_options': 'WarnErrorOptionsV2(error=[], warn=[], silence=[])', 'target_path': 'None', 'printer_width': '80', 'write_json': 'True', 'empty': 'None', 'log_cache_events': 'False', 'introspect': 'True', 'cache_selected_only': 'False', 'log_format': 'default', 'debug': 'False', 'fail_fast': 'False', 'partial_parse': 'True', 'send_anonymous_usage_stats': 'True', 'quiet': 'False', 'warn_error': 'None', 'profiles_dir': '.', 'invocation_command': 'dbt deps --profiles-dir .', 'use_colors': 'True', 'indirect_selection': 'eager', 'use_experimental_parser': 'False', 'log_path': 'logs'}
[0m08:29:42.870333 [error] [MainThread]: Encountered an error:
Runtime Error
  dbt_project.yml does not parse to a dictionary
[0m08:29:42.871374 [debug] [MainThread]: Command `dbt deps` failed at 08:29:42.871374 after 0.16 seconds
[0m08:29:42.872410 [debug] [MainThread]: Sending event: {'category': 'dbt', 'action': 'invocation', 'label': 'end', 'context': [<snowplow_tracker.self_describing_json.SelfDescribingJson object at 0x000002ADD6DD9D00>, <snowplow_tracker.self_describing_json.SelfDescribingJson object at 0x000002ADD93976E0>, <snowplow_tracker.self_describing_json.SelfDescribingJson object at 0x000002ADD9923530>]}
[0m08:29:42.872410 [debug] [MainThread]: Flushing usage events
[0m08:29:43.572119 [debug] [MainThread]: An error was encountered while trying to flush usage events
[0m08:29:46.349580 [debug] [MainThread]: Sending event: {'category': 'dbt', 'action': 'invocation', 'label': 'start', 'context': [<snowplow_tracker.self_describing_json.SelfDescribingJson object at 0x0000019D021EFB00>, <snowplow_tracker.self_describing_json.SelfDescribingJson object at 0x0000019D0201B770>, <snowplow_tracker.self_describing_json.SelfDescribingJson object at 0x0000019D7EC4DD00>]}


============================== 08:29:46.354612 | 45cd5d7c-f88e-4d30-9c6b-28d5ad99ea8d ==============================
[0m08:29:46.354612 [info ] [MainThread]: Running with dbt=1.11.2
[0m08:29:46.355613 [debug] [MainThread]: running dbt with arguments {'static_parser': 'True', 'no_print': 'None', 'version_check': 'True', 'warn_error_options': 'WarnErrorOptionsV2(error=[], warn=[], silence=[])', 'target_path': 'None', 'printer_width': '80', 'write_json': 'True', 'introspect': 'True', 'log_cache_events': 'False', 'empty': 'False', 'cache_selected_only': 'False', 'fail_fast': 'False', 'debug': 'False', 'log_format': 'default', 'profiles_dir': '.', 'send_anonymous_usage_stats': 'True', 'quiet': 'False', 'warn_error': 'None', 'partial_parse': 'True', 'indirect_selection': 'eager', 'invocation_command': 'dbt run --profiles-dir .', 'use_colors': 'True', 'use_experimental_parser': 'False', 'log_path': 'logs'}
[0m08:29:46.356618 [error] [MainThread]: Encountered an error:
Runtime Error
  dbt_project.yml does not parse to a dictionary
[0m08:29:46.357608 [debug] [MainThread]: Command `dbt run` failed at 08:29:46.357608 after 0.15 seconds
[0m08:29:46.358600 [debug] [MainThread]: Sending event: {'category': 'dbt', 'action': 'invocation', 'label': 'end', 'context': [<snowplow_tracker.self_describing_json.SelfDescribingJson object at 0x0000019D02A25460>, <snowplow_tracker.self_describing_json.SelfDescribingJson object at 0x0000019D0270AF30>, <snowplow_tracker.self_describing_json.SelfDescribingJson object at 0x0000019D027097C0>]}
[0m08:29:46.358600 [debug] [MainThread]: Flushing usage events
[0m08:29:47.057111 [debug] [MainThread]: An error was encountered while trying to flush usage events
[0m08:35:28.433402 [debug] [MainThread]: Sending event: {'category': 'dbt', 'action': 'invocation', 'label': 'start', 'context': [<snowplow_tracker.self_describing_json.SelfDescribingJson object at 0x0000025385F33950>, <snowplow_tracker.self_describing_json.SelfDescribingJson object at 0x00000253895DA9C0>, <snowplow_tracker.self_describing_json.SelfDescribingJson object at 0x00000253895DAA50>]}


============================== 08:35:28.438589 | 2de4b520-b2ef-4d47-88e7-5d3d5804e5e1 ==============================
[0m08:35:28.438589 [info ] [MainThread]: Running with dbt=1.11.2
[0m08:35:28.438589 [debug] [MainThread]: running dbt with arguments {'static_parser': 'True', 'no_print': 'None', 'version_check': 'True', 'warn_error_options': 'WarnErrorOptionsV2(error=[], warn=[], silence=[])', 'target_path': 'None', 'printer_width': '80', 'write_json': 'True', 'introspect': 'True', 'log_cache_events': 'False', 'empty': 'None', 'cache_selected_only': 'False', 'fail_fast': 'False', 'debug': 'False', 'log_format': 'default', 'profiles_dir': '.', 'send_anonymous_usage_stats': 'True', 'quiet': 'False', 'warn_error': 'None', 'partial_parse': 'True', 'invocation_command': 'dbt deps --profiles-dir .', 'indirect_selection': 'eager', 'use_colors': 'True', 'use_experimental_parser': 'False', 'log_path': 'C:\\Users\\takudzwarioga\\Documents\\Dev\\US_Corn_Price_Analysis\\data_transformation\\logs'}
[0m08:35:28.438589 [warn ] [MainThread]: [[33mWARNING[0m][MissingPlusPrefixDeprecation]: Deprecated functionality
Missing '+' prefix on `materialized` found at `corn_market_project.materialized`
in file `C:\Users\takudzwarioga\Documents\Dev\US_Corn_Price_Analysis\data_transf
ormation\dbt_project.yml`. Hierarchical config values without a '+' prefix are
deprecated in dbt_project.yml.
[0m08:35:28.438589 [debug] [MainThread]: Sending event: {'category': 'dbt', 'action': 'deprecation', 'label': '2de4b520-b2ef-4d47-88e7-5d3d5804e5e1', 'property_': 'warn', 'context': [<snowplow_tracker.self_describing_json.SelfDescribingJson object at 0x000002538AE8D700>]}
[0m08:35:28.558380 [debug] [MainThread]: Sending event: {'category': 'dbt', 'action': 'project_id', 'label': '2de4b520-b2ef-4d47-88e7-5d3d5804e5e1', 'context': [<snowplow_tracker.self_describing_json.SelfDescribingJson object at 0x000002538AEAA1B0>]}
[0m08:35:28.619809 [info ] [MainThread]: Warning: No packages were found in packages.yml
[0m08:35:28.619809 [info ] [MainThread]: Warning: No packages were found in packages.yml
[0m08:35:28.619809 [warn ] [MainThread]: [[33mWARNING[0m][DeprecationsSummary]: Deprecated functionality
Summary of encountered deprecations:
- MissingPlusPrefixDeprecation: 1 occurrence
To see all deprecation instances instead of just the first occurrence of each,
run command again with the `--show-all-deprecations` flag. You may also need to
run with `--no-partial-parse` as some deprecations are only encountered during
parsing.
[0m08:35:28.619809 [debug] [MainThread]: Command `dbt deps` succeeded at 08:35:28.619809 after 0.44 seconds
[0m08:35:28.619809 [debug] [MainThread]: Sending event: {'category': 'dbt', 'action': 'invocation', 'label': 'end', 'context': [<snowplow_tracker.self_describing_json.SelfDescribingJson object at 0x00000253896A6B70>, <snowplow_tracker.self_describing_json.SelfDescribingJson object at 0x0000025388E879B0>, <snowplow_tracker.self_describing_json.SelfDescribingJson object at 0x0000025388E86B40>]}
[0m08:35:28.619809 [debug] [MainThread]: Flushing usage events
[0m08:35:29.444776 [debug] [MainThread]: An error was encountered while trying to flush usage events
[0m08:35:32.238294 [debug] [MainThread]: Sending event: {'category': 'dbt', 'action': 'invocation', 'label': 'start', 'context': [<snowplow_tracker.self_describing_json.SelfDescribingJson object at 0x000001C168D55D30>, <snowplow_tracker.self_describing_json.SelfDescribingJson object at 0x000001C168D57EF0>, <snowplow_tracker.self_describing_json.SelfDescribingJson object at 0x000001C169384740>]}


============================== 08:35:32.244295 | fd97b2e3-914d-4916-8ac6-bcf508cda649 ==============================
[0m08:35:32.244295 [info ] [MainThread]: Running with dbt=1.11.2
[0m08:35:32.245353 [debug] [MainThread]: running dbt with arguments {'static_parser': 'True', 'no_print': 'None', 'version_check': 'True', 'target_path': 'None', 'warn_error_options': 'WarnErrorOptionsV2(error=[], warn=[], silence=[])', 'printer_width': '80', 'write_json': 'True', 'introspect': 'True', 'log_cache_events': 'False', 'empty': 'False', 'cache_selected_only': 'False', 'fail_fast': 'False', 'debug': 'False', 'log_format': 'default', 'partial_parse': 'True', 'send_anonymous_usage_stats': 'True', 'quiet': 'False', 'warn_error': 'None', 'profiles_dir': '.', 'indirect_selection': 'eager', 'use_colors': 'True', 'invocation_command': 'dbt run --profiles-dir .', 'use_experimental_parser': 'False', 'log_path': 'C:\\Users\\takudzwarioga\\Documents\\Dev\\US_Corn_Price_Analysis\\data_transformation\\logs'}
[0m08:35:43.125130 [warn ] [MainThread]: [[33mWARNING[0m][MissingPlusPrefixDeprecation]: Deprecated functionality
Missing '+' prefix on `materialized` found at `corn_market_project.materialized`
in file `C:\Users\takudzwarioga\Documents\Dev\US_Corn_Price_Analysis\data_transf
ormation\dbt_project.yml`. Hierarchical config values without a '+' prefix are
deprecated in dbt_project.yml.
[0m08:35:43.126106 [debug] [MainThread]: Sending event: {'category': 'dbt', 'action': 'deprecation', 'label': 'fd97b2e3-914d-4916-8ac6-bcf508cda649', 'property_': 'warn', 'context': [<snowplow_tracker.self_describing_json.SelfDescribingJson object at 0x000001C1194C9A60>]}
[0m08:35:43.254435 [debug] [MainThread]: Sending event: {'category': 'dbt', 'action': 'project_id', 'label': 'fd97b2e3-914d-4916-8ac6-bcf508cda649', 'context': [<snowplow_tracker.self_describing_json.SelfDescribingJson object at 0x000001C1196AB770>]}
[0m08:35:43.315814 [debug] [MainThread]: Sending event: {'category': 'dbt', 'action': 'adapter_info', 'label': 'fd97b2e3-914d-4916-8ac6-bcf508cda649', 'context': [<snowplow_tracker.self_describing_json.SelfDescribingJson object at 0x000001C1121F35F0>]}
[0m08:35:43.315814 [info ] [MainThread]: Registered adapter: bigquery=1.11.0
[0m08:35:43.949574 [debug] [MainThread]: checksum: 3d40d8bbe1bef07db1c24822f2dbfff8bc07f2a48ed4fe2658a40653aec0b54b, vars: {}, profile: , target: , version: 1.11.2
[0m08:35:43.950574 [info ] [MainThread]: Unable to do partial parsing because saved manifest not found. Starting full parse.
[0m08:35:43.951574 [debug] [MainThread]: Sending event: {'category': 'dbt', 'action': 'partial_parser', 'label': 'fd97b2e3-914d-4916-8ac6-bcf508cda649', 'context': [<snowplow_tracker.self_describing_json.SelfDescribingJson object at 0x000001C1197BEEA0>]}
[0m08:35:46.590357 [warn ] [MainThread]: [[33mWARNING[0m]: Configuration paths exist in your dbt_project.yml file which do not apply to any resources.
There are 1 unused configuration paths:
- models.corn_market_project
[0m08:35:46.596673 [debug] [MainThread]: Sending event: {'category': 'dbt', 'action': 'load_project', 'label': 'fd97b2e3-914d-4916-8ac6-bcf508cda649', 'context': [<snowplow_tracker.self_describing_json.SelfDescribingJson object at 0x000001C1197BCC50>]}
[0m08:35:46.636803 [debug] [MainThread]: Wrote artifact WritableManifest to C:\Users\takudzwarioga\Documents\Dev\US_Corn_Price_Analysis\data_transformation\target\manifest.json
[0m08:35:46.641897 [debug] [MainThread]: Wrote artifact SemanticManifest to C:\Users\takudzwarioga\Documents\Dev\US_Corn_Price_Analysis\data_transformation\target\semantic_manifest.json
[0m08:35:46.702135 [debug] [MainThread]: Sending event: {'category': 'dbt', 'action': 'resource_counts', 'label': 'fd97b2e3-914d-4916-8ac6-bcf508cda649', 'context': [<snowplow_tracker.self_describing_json.SelfDescribingJson object at 0x000001C119BAB860>]}
[0m08:35:46.703136 [info ] [MainThread]: Found 537 macros
[0m08:35:46.703136 [debug] [MainThread]: Sending event: {'category': 'dbt', 'action': 'runnable_timing', 'label': 'fd97b2e3-914d-4916-8ac6-bcf508cda649', 'context': [<snowplow_tracker.self_describing_json.SelfDescribingJson object at 0x000001C119AB1C10>]}
[0m08:35:46.705132 [warn ] [MainThread]: Nothing to do. Try checking your model configs and model specification args
[0m08:35:46.706132 [debug] [MainThread]: Command end result
[0m08:35:46.727750 [debug] [MainThread]: Wrote artifact WritableManifest to C:\Users\takudzwarioga\Documents\Dev\US_Corn_Price_Analysis\data_transformation\target\manifest.json
[0m08:35:46.729812 [debug] [MainThread]: Wrote artifact SemanticManifest to C:\Users\takudzwarioga\Documents\Dev\US_Corn_Price_Analysis\data_transformation\target\semantic_manifest.json
[0m08:35:46.735024 [debug] [MainThread]: Wrote artifact RunExecutionResult to C:\Users\takudzwarioga\Documents\Dev\US_Corn_Price_Analysis\data_transformation\target\run_results.json
[0m08:35:46.735024 [warn ] [MainThread]: [[33mWARNING[0m][DeprecationsSummary]: Deprecated functionality
Summary of encountered deprecations:
- MissingPlusPrefixDeprecation: 1 occurrence
To see all deprecation instances instead of just the first occurrence of each,
run command again with the `--show-all-deprecations` flag. You may also need to
run with `--no-partial-parse` as some deprecations are only encountered during
parsing.
[0m08:35:46.736023 [debug] [MainThread]: Command `dbt run` succeeded at 08:35:46.736023 after 14.64 seconds
[0m08:35:46.737024 [debug] [MainThread]: Sending event: {'category': 'dbt', 'action': 'invocation', 'label': 'end', 'context': [<snowplow_tracker.self_describing_json.SelfDescribingJson object at 0x000001C1693BCDA0>, <snowplow_tracker.self_describing_json.SelfDescribingJson object at 0x000001C119A8E120>, <snowplow_tracker.self_describing_json.SelfDescribingJson object at 0x000001C119A8D940>]}
[0m08:35:46.737024 [debug] [MainThread]: Flushing usage events
[0m08:35:47.593749 [debug] [MainThread]: An error was encountered while trying to flush usage events
[0m08:46:26.237040 [debug] [MainThread]: Sending event: {'category': 'dbt', 'action': 'invocation', 'label': 'start', 'context': [<snowplow_tracker.self_describing_json.SelfDescribingJson object at 0x000002951E905640>, <snowplow_tracker.self_describing_json.SelfDescribingJson object at 0x000002951F2FCB60>, <snowplow_tracker.self_describing_json.SelfDescribingJson object at 0x000002952152FC20>]}


============================== 08:46:26.243226 | f7ebbb70-27a6-4faa-a8de-9845320ab097 ==============================
[0m08:46:26.243226 [info ] [MainThread]: Running with dbt=1.11.2
[0m08:46:26.244225 [debug] [MainThread]: running dbt with arguments {'static_parser': 'True', 'no_print': 'None', 'version_check': 'True', 'target_path': 'None', 'warn_error_options': 'WarnErrorOptionsV2(error=[], warn=[], silence=[])', 'printer_width': '80', 'write_json': 'True', 'empty': 'None', 'log_cache_events': 'False', 'introspect': 'True', 'cache_selected_only': 'False', 'log_format': 'default', 'debug': 'False', 'fail_fast': 'False', 'profiles_dir': '.', 'send_anonymous_usage_stats': 'True', 'quiet': 'False', 'warn_error': 'None', 'partial_parse': 'True', 'invocation_command': 'dbt deps --profiles-dir .', 'indirect_selection': 'eager', 'use_colors': 'True', 'use_experimental_parser': 'False', 'log_path': 'C:\\Users\\takudzwarioga\\Documents\\Dev\\US_Corn_Price_Analysis\\data_transformation\\logs'}
[0m08:46:26.369189 [debug] [MainThread]: Sending event: {'category': 'dbt', 'action': 'project_id', 'label': 'f7ebbb70-27a6-4faa-a8de-9845320ab097', 'context': [<snowplow_tracker.self_describing_json.SelfDescribingJson object at 0x0000029521907560>]}
[0m08:46:26.405686 [info ] [MainThread]: Warning: No packages were found in packages.yml
[0m08:46:26.408797 [info ] [MainThread]: Warning: No packages were found in packages.yml
[0m08:46:26.409813 [debug] [MainThread]: Command `dbt deps` succeeded at 08:46:26.409813 after 0.41 seconds
[0m08:46:26.409813 [debug] [MainThread]: Sending event: {'category': 'dbt', 'action': 'invocation', 'label': 'end', 'context': [<snowplow_tracker.self_describing_json.SelfDescribingJson object at 0x000002951DED38F0>, <snowplow_tracker.self_describing_json.SelfDescribingJson object at 0x000002951B57A180>, <snowplow_tracker.self_describing_json.SelfDescribingJson object at 0x0000029522E4E810>]}
[0m08:46:26.410832 [debug] [MainThread]: Flushing usage events
[0m08:46:27.211606 [debug] [MainThread]: An error was encountered while trying to flush usage events
[0m08:46:29.927138 [debug] [MainThread]: Sending event: {'category': 'dbt', 'action': 'invocation', 'label': 'start', 'context': [<snowplow_tracker.self_describing_json.SelfDescribingJson object at 0x00000129287D5AC0>, <snowplow_tracker.self_describing_json.SelfDescribingJson object at 0x00000129290146E0>, <snowplow_tracker.self_describing_json.SelfDescribingJson object at 0x0000012928DB2750>]}


============================== 08:46:29.932173 | 994c17a5-65a6-40a1-b787-fd275fc893a0 ==============================
[0m08:46:29.932173 [info ] [MainThread]: Running with dbt=1.11.2
[0m08:46:29.933225 [debug] [MainThread]: running dbt with arguments {'static_parser': 'True', 'no_print': 'None', 'version_check': 'True', 'warn_error_options': 'WarnErrorOptionsV2(error=[], warn=[], silence=[])', 'target_path': 'None', 'printer_width': '80', 'write_json': 'True', 'empty': 'False', 'log_cache_events': 'False', 'introspect': 'True', 'cache_selected_only': 'False', 'log_format': 'default', 'debug': 'False', 'fail_fast': 'False', 'partial_parse': 'True', 'send_anonymous_usage_stats': 'True', 'quiet': 'False', 'warn_error': 'None', 'profiles_dir': '.', 'invocation_command': 'dbt run --profiles-dir .', 'use_colors': 'True', 'indirect_selection': 'eager', 'use_experimental_parser': 'False', 'log_path': 'C:\\Users\\takudzwarioga\\Documents\\Dev\\US_Corn_Price_Analysis\\data_transformation\\logs'}
[0m08:46:39.670104 [debug] [MainThread]: Sending event: {'category': 'dbt', 'action': 'project_id', 'label': '994c17a5-65a6-40a1-b787-fd275fc893a0', 'context': [<snowplow_tracker.self_describing_json.SelfDescribingJson object at 0x00000129586E9DF0>]}
[0m08:46:39.729054 [debug] [MainThread]: Sending event: {'category': 'dbt', 'action': 'adapter_info', 'label': '994c17a5-65a6-40a1-b787-fd275fc893a0', 'context': [<snowplow_tracker.self_describing_json.SelfDescribingJson object at 0x00000129586EBFB0>]}
[0m08:46:39.730054 [info ] [MainThread]: Registered adapter: bigquery=1.11.0
[0m08:46:40.315495 [debug] [MainThread]: checksum: 3d40d8bbe1bef07db1c24822f2dbfff8bc07f2a48ed4fe2658a40653aec0b54b, vars: {}, profile: , target: , version: 1.11.2
[0m08:46:40.369353 [info ] [MainThread]: Unable to do partial parsing because a project config has changed
[0m08:46:40.369353 [debug] [MainThread]: Sending event: {'category': 'dbt', 'action': 'partial_parser', 'label': '994c17a5-65a6-40a1-b787-fd275fc893a0', 'context': [<snowplow_tracker.self_describing_json.SelfDescribingJson object at 0x0000012958AD6030>]}
[0m08:46:41.549476 [debug] [MainThread]: Sending event: {'category': 'dbt', 'action': 'load_project', 'label': '994c17a5-65a6-40a1-b787-fd275fc893a0', 'context': [<snowplow_tracker.self_describing_json.SelfDescribingJson object at 0x0000012958B7BDD0>]}
[0m08:46:41.611501 [debug] [MainThread]: Wrote artifact WritableManifest to C:\Users\takudzwarioga\Documents\Dev\US_Corn_Price_Analysis\data_transformation\target\manifest.json
[0m08:46:41.611501 [debug] [MainThread]: Wrote artifact SemanticManifest to C:\Users\takudzwarioga\Documents\Dev\US_Corn_Price_Analysis\data_transformation\target\semantic_manifest.json
[0m08:46:41.655755 [debug] [MainThread]: Sending event: {'category': 'dbt', 'action': 'resource_counts', 'label': '994c17a5-65a6-40a1-b787-fd275fc893a0', 'context': [<snowplow_tracker.self_describing_json.SelfDescribingJson object at 0x0000012958CD00E0>]}
[0m08:46:41.657111 [info ] [MainThread]: Found 1 model, 5 sources, 537 macros
[0m08:46:41.657111 [debug] [MainThread]: Sending event: {'category': 'dbt', 'action': 'runnable_timing', 'label': '994c17a5-65a6-40a1-b787-fd275fc893a0', 'context': [<snowplow_tracker.self_describing_json.SelfDescribingJson object at 0x0000012958D8B9E0>]}
[0m08:46:41.661168 [info ] [MainThread]: 
[0m08:46:41.662172 [info ] [MainThread]: Concurrency: 1 threads (target='dev')
[0m08:46:41.663180 [info ] [MainThread]: 
[0m08:46:41.664170 [debug] [MainThread]: Acquiring new bigquery connection 'master'
[0m08:46:41.665169 [debug] [ThreadPool]: Acquiring new bigquery connection 'list_us-corn-data'
[0m08:46:41.666173 [debug] [ThreadPool]: Opening a new connection, currently in state init
[0m08:46:42.774695 [debug] [ThreadPool]: Re-using an available connection from the pool (formerly list_us-corn-data, now create_us-corn-data_us_corn_data_transformed)
[0m08:46:42.775699 [debug] [ThreadPool]: Creating schema "database: "us-corn-data"
schema: "us_corn_data_transformed"
"
[0m08:46:42.785703 [debug] [ThreadPool]: On create_us-corn-data_us_corn_data_transformed: /* {"app": "dbt", "dbt_version": "1.11.2", "profile_name": "corn_market_project", "target_name": "dev", "connection_name": "create_us-corn-data_us_corn_data_transformed"} */
create schema if not exists `us-corn-data`.`us_corn_data_transformed`
  
[0m08:46:42.786710 [debug] [ThreadPool]: Opening a new connection, currently in state closed
[0m08:46:43.854831 [debug] [ThreadPool]: BigQuery adapter: https://console.cloud.google.com/bigquery?project=us-corn-data&j=bq:US:fd28befa-aab3-4f4e-b0ef-f61cd9b8472b&page=queryresults
[0m08:46:44.558715 [debug] [ThreadPool]: SQL status: OK in 0.699 seconds
[0m08:46:48.448658 [debug] [ThreadPool]: Acquiring new bigquery connection 'list_us-corn-data_us_corn_data_transformed'
[0m08:46:48.449654 [debug] [ThreadPool]: Opening a new connection, currently in state init
[0m08:46:49.410502 [debug] [MainThread]: Sending event: {'category': 'dbt', 'action': 'runnable_timing', 'label': '994c17a5-65a6-40a1-b787-fd275fc893a0', 'context': [<snowplow_tracker.self_describing_json.SelfDescribingJson object at 0x0000012958DC78C0>]}
[0m08:46:49.410502 [debug] [MainThread]: Opening a new connection, currently in state init
[0m08:46:49.456931 [debug] [Thread-1 (]: Began running node model.corn_market_project.stg_corn_prices
[0m08:46:49.456931 [info ] [Thread-1 (]: 1 of 1 START sql table model us_corn_data_transformed.stg_corn_prices .......... [RUN]
[0m08:46:49.457931 [debug] [Thread-1 (]: Acquiring new bigquery connection 'model.corn_market_project.stg_corn_prices'
[0m08:46:49.458931 [debug] [Thread-1 (]: Began compiling node model.corn_market_project.stg_corn_prices
[0m08:46:49.466921 [debug] [Thread-1 (]: Writing injected SQL for node "model.corn_market_project.stg_corn_prices"
[0m08:46:49.470922 [debug] [Thread-1 (]: Began executing node model.corn_market_project.stg_corn_prices
[0m08:46:49.508540 [debug] [Thread-1 (]: Writing runtime sql for node "model.corn_market_project.stg_corn_prices"
[0m08:46:49.513531 [debug] [Thread-1 (]: On model.corn_market_project.stg_corn_prices: /* {"app": "dbt", "dbt_version": "1.11.2", "profile_name": "corn_market_project", "target_name": "dev", "node_id": "model.corn_market_project.stg_corn_prices"} */

  
    

    create or replace table `us-corn-data`.`us_corn_data_transformed`.`stg_corn_prices`
      
    
    

    
    OPTIONS()
    as (
      -- data_transformation/models/stg_corn_prices.sql

with source as (
    -- Pull data from the raw table created by your Python script
    select * from `us-corn-data`.`us_corn_data`.`us_corn_prices`
),

cleaned as (
    select
        -- 1. Select and Rename Columns
        CAST(Year as INT64) as year,
        `Data Item` as data_item,  -- Use backticks because the column name has a space
        CAST(Value as FLOAT64) as price_per_bushel,
        
        -- Keep Period just in case we need to debug later, but we filter on it below
        Period as period

    from source
)

select
    year,
    data_item,
    price_per_bushel
from cleaned
-- 2. Apply the Logic: Only keep November records
where period = 'NOV'
order by year desc
    );
  
[0m08:46:49.514531 [debug] [Thread-1 (]: Opening a new connection, currently in state init
[0m08:46:50.589462 [debug] [Thread-1 (]: BigQuery adapter: https://console.cloud.google.com/bigquery?project=us-corn-data&j=bq:US:c00dd862-8f8b-48c0-a50b-95eb3a5a7a2f&page=queryresults
[0m08:46:50.590460 [error] [Thread-1 (]: BigQuery adapter: https://console.cloud.google.com/bigquery?project=us-corn-data&j=bq:US:c00dd862-8f8b-48c0-a50b-95eb3a5a7a2f&page=queryresults
[0m08:46:50.630305 [debug] [Thread-1 (]: Database Error in model stg_corn_prices (models\stg_corn_prices.sql)
  Not found: Table us-corn-data:us_corn_data.us_corn_prices was not found in location US
  compiled code at target\run\corn_market_project\models\stg_corn_prices.sql
[0m08:46:50.633339 [debug] [Thread-1 (]: Sending event: {'category': 'dbt', 'action': 'run_model', 'label': '994c17a5-65a6-40a1-b787-fd275fc893a0', 'context': [<snowplow_tracker.self_describing_json.SelfDescribingJson object at 0x00000129287A8E90>]}
[0m08:46:50.633339 [error] [Thread-1 (]: 1 of 1 ERROR creating sql table model us_corn_data_transformed.stg_corn_prices . [[31mERROR[0m in 1.17s]
[0m08:46:50.634336 [debug] [Thread-1 (]: Finished running node model.corn_market_project.stg_corn_prices
[0m08:46:50.635332 [debug] [Thread-4 (]: Marking all children of 'model.corn_market_project.stg_corn_prices' to be skipped because of status 'error'.  Reason: Database Error in model stg_corn_prices (models\stg_corn_prices.sql)
  Not found: Table us-corn-data:us_corn_data.us_corn_prices was not found in location US
  compiled code at target\run\corn_market_project\models\stg_corn_prices.sql.
[0m08:46:50.637376 [debug] [MainThread]: Opening a new connection, currently in state closed
[0m08:46:50.639345 [debug] [MainThread]: Connection 'master' was properly closed.
[0m08:46:50.640348 [debug] [MainThread]: Connection 'create_us-corn-data_us_corn_data_transformed' was properly closed.
[0m08:46:50.640348 [debug] [MainThread]: Connection 'list_us-corn-data_us_corn_data_transformed' was properly closed.
[0m08:46:50.640348 [debug] [MainThread]: Connection 'model.corn_market_project.stg_corn_prices' was properly closed.
[0m08:46:50.640348 [info ] [MainThread]: 
[0m08:46:50.641348 [info ] [MainThread]: Finished running 1 table model in 0 hours 0 minutes and 8.98 seconds (8.98s).
[0m08:46:50.642348 [debug] [MainThread]: Command end result
[0m08:46:50.664617 [debug] [MainThread]: Wrote artifact WritableManifest to C:\Users\takudzwarioga\Documents\Dev\US_Corn_Price_Analysis\data_transformation\target\manifest.json
[0m08:46:50.668122 [debug] [MainThread]: Wrote artifact SemanticManifest to C:\Users\takudzwarioga\Documents\Dev\US_Corn_Price_Analysis\data_transformation\target\semantic_manifest.json
[0m08:46:50.674120 [debug] [MainThread]: Wrote artifact RunExecutionResult to C:\Users\takudzwarioga\Documents\Dev\US_Corn_Price_Analysis\data_transformation\target\run_results.json
[0m08:46:50.674120 [info ] [MainThread]: 
[0m08:46:50.675122 [info ] [MainThread]: [31mCompleted with 1 error, 0 partial successes, and 0 warnings:[0m
[0m08:46:50.676115 [info ] [MainThread]: 
[0m08:46:50.677116 [error] [MainThread]: [31mFailure in model stg_corn_prices (models\stg_corn_prices.sql)[0m
[0m08:46:50.677116 [error] [MainThread]:   Database Error in model stg_corn_prices (models\stg_corn_prices.sql)
  Not found: Table us-corn-data:us_corn_data.us_corn_prices was not found in location US
  compiled code at target\run\corn_market_project\models\stg_corn_prices.sql
[0m08:46:50.678116 [info ] [MainThread]: 
[0m08:46:50.678116 [info ] [MainThread]:   compiled code at target\compiled\corn_market_project\models\stg_corn_prices.sql
[0m08:46:50.679114 [info ] [MainThread]: 
[0m08:46:50.679114 [info ] [MainThread]: Done. PASS=0 WARN=0 ERROR=1 SKIP=0 NO-OP=0 TOTAL=1
[0m08:46:50.680106 [debug] [MainThread]: Command `dbt run` failed at 08:46:50.680106 after 20.89 seconds
[0m08:46:50.680106 [debug] [MainThread]: Sending event: {'category': 'dbt', 'action': 'invocation', 'label': 'end', 'context': [<snowplow_tracker.self_describing_json.SelfDescribingJson object at 0x0000012928BB0B30>, <snowplow_tracker.self_describing_json.SelfDescribingJson object at 0x0000012958E77410>, <snowplow_tracker.self_describing_json.SelfDescribingJson object at 0x0000012926DC5730>]}
[0m08:46:50.681107 [debug] [MainThread]: Flushing usage events
[0m08:46:51.430094 [debug] [MainThread]: An error was encountered while trying to flush usage events
[0m09:07:02.651329 [debug] [MainThread]: Sending event: {'category': 'dbt', 'action': 'invocation', 'label': 'start', 'context': [<snowplow_tracker.self_describing_json.SelfDescribingJson object at 0x000002079C555220>, <snowplow_tracker.self_describing_json.SelfDescribingJson object at 0x000002079EDB3770>, <snowplow_tracker.self_describing_json.SelfDescribingJson object at 0x000002079EAF5A60>]}


============================== 09:07:02.656786 | 1446bc5d-04a6-4c52-a6aa-47c2491c4df7 ==============================
[0m09:07:02.656786 [info ] [MainThread]: Running with dbt=1.11.2
[0m09:07:02.657789 [debug] [MainThread]: running dbt with arguments {'static_parser': 'True', 'no_print': 'None', 'version_check': 'True', 'warn_error_options': 'WarnErrorOptionsV2(error=[], warn=[], silence=[])', 'target_path': 'None', 'printer_width': '80', 'write_json': 'True', 'introspect': 'True', 'log_cache_events': 'False', 'empty': 'None', 'cache_selected_only': 'False', 'fail_fast': 'False', 'debug': 'False', 'log_format': 'default', 'partial_parse': 'True', 'send_anonymous_usage_stats': 'True', 'quiet': 'False', 'warn_error': 'None', 'profiles_dir': '.', 'indirect_selection': 'eager', 'invocation_command': 'dbt deps --profiles-dir .', 'use_colors': 'True', 'use_experimental_parser': 'False', 'log_path': 'C:\\Users\\takudzwarioga\\Documents\\Dev\\US_Corn_Price_Analysis\\data_transformation\\logs'}
[0m09:07:02.776763 [debug] [MainThread]: Sending event: {'category': 'dbt', 'action': 'project_id', 'label': '1446bc5d-04a6-4c52-a6aa-47c2491c4df7', 'context': [<snowplow_tracker.self_describing_json.SelfDescribingJson object at 0x000002079F6692B0>]}
[0m09:07:02.823490 [info ] [MainThread]: Warning: No packages were found in packages.yml
[0m09:07:02.826645 [info ] [MainThread]: Warning: No packages were found in packages.yml
[0m09:07:02.826645 [debug] [MainThread]: Command `dbt deps` succeeded at 09:07:02.826645 after 0.32 seconds
[0m09:07:02.826645 [debug] [MainThread]: Sending event: {'category': 'dbt', 'action': 'invocation', 'label': 'end', 'context': [<snowplow_tracker.self_describing_json.SelfDescribingJson object at 0x000002079ED4AD20>, <snowplow_tracker.self_describing_json.SelfDescribingJson object at 0x00000207A0B6F200>, <snowplow_tracker.self_describing_json.SelfDescribingJson object at 0x000002079EFCC5C0>]}
[0m09:07:02.826645 [debug] [MainThread]: Flushing usage events
[0m09:07:03.637458 [debug] [MainThread]: An error was encountered while trying to flush usage events
[0m09:07:06.479742 [debug] [MainThread]: Sending event: {'category': 'dbt', 'action': 'invocation', 'label': 'start', 'context': [<snowplow_tracker.self_describing_json.SelfDescribingJson object at 0x000001FB4E09CB30>, <snowplow_tracker.self_describing_json.SelfDescribingJson object at 0x000001FB4E09C1A0>, <snowplow_tracker.self_describing_json.SelfDescribingJson object at 0x000001FB4E09FF20>]}


============================== 09:07:06.479742 | 767a28fd-35fd-4e13-879d-fb9e536b6622 ==============================
[0m09:07:06.479742 [info ] [MainThread]: Running with dbt=1.11.2
[0m09:07:06.479742 [debug] [MainThread]: running dbt with arguments {'version_check': 'True', 'no_print': 'None', 'static_parser': 'True', 'warn_error_options': 'WarnErrorOptionsV2(error=[], warn=[], silence=[])', 'target_path': 'None', 'printer_width': '80', 'write_json': 'True', 'empty': 'False', 'log_cache_events': 'False', 'introspect': 'True', 'cache_selected_only': 'False', 'fail_fast': 'False', 'debug': 'False', 'log_format': 'default', 'profiles_dir': '.', 'send_anonymous_usage_stats': 'True', 'quiet': 'False', 'warn_error': 'None', 'partial_parse': 'True', 'invocation_command': 'dbt run --profiles-dir .', 'use_colors': 'True', 'indirect_selection': 'eager', 'use_experimental_parser': 'False', 'log_path': 'C:\\Users\\takudzwarioga\\Documents\\Dev\\US_Corn_Price_Analysis\\data_transformation\\logs'}
[0m09:07:16.638819 [debug] [MainThread]: Sending event: {'category': 'dbt', 'action': 'project_id', 'label': '767a28fd-35fd-4e13-879d-fb9e536b6622', 'context': [<snowplow_tracker.self_describing_json.SelfDescribingJson object at 0x000001FB7D39F560>]}
[0m09:07:16.695333 [debug] [MainThread]: Sending event: {'category': 'dbt', 'action': 'adapter_info', 'label': '767a28fd-35fd-4e13-879d-fb9e536b6622', 'context': [<snowplow_tracker.self_describing_json.SelfDescribingJson object at 0x000001FB7BCF3FB0>]}
[0m09:07:16.696335 [info ] [MainThread]: Registered adapter: bigquery=1.11.0
[0m09:07:17.287002 [debug] [MainThread]: checksum: 3d40d8bbe1bef07db1c24822f2dbfff8bc07f2a48ed4fe2658a40653aec0b54b, vars: {}, profile: , target: , version: 1.11.2
[0m09:07:17.427501 [debug] [MainThread]: Partial parsing enabled: 0 files deleted, 0 files added, 0 files changed.
[0m09:07:17.427501 [debug] [MainThread]: Nothing changed, skipping partial parsing.
[0m09:07:17.427501 [debug] [MainThread]: Partial parsing enabled, no changes found, skipping parsing
[0m09:07:17.458018 [debug] [MainThread]: Sending event: {'category': 'dbt', 'action': 'load_project', 'label': '767a28fd-35fd-4e13-879d-fb9e536b6622', 'context': [<snowplow_tracker.self_describing_json.SelfDescribingJson object at 0x000001FB7D9E0E30>]}
[0m09:07:17.526020 [debug] [MainThread]: Wrote artifact WritableManifest to C:\Users\takudzwarioga\Documents\Dev\US_Corn_Price_Analysis\data_transformation\target\manifest.json
[0m09:07:17.529022 [debug] [MainThread]: Wrote artifact SemanticManifest to C:\Users\takudzwarioga\Documents\Dev\US_Corn_Price_Analysis\data_transformation\target\semantic_manifest.json
[0m09:07:17.564734 [debug] [MainThread]: Sending event: {'category': 'dbt', 'action': 'resource_counts', 'label': '767a28fd-35fd-4e13-879d-fb9e536b6622', 'context': [<snowplow_tracker.self_describing_json.SelfDescribingJson object at 0x000001FB7DE3A390>]}
[0m09:07:17.565732 [info ] [MainThread]: Found 1 model, 5 sources, 537 macros
[0m09:07:17.566711 [debug] [MainThread]: Sending event: {'category': 'dbt', 'action': 'runnable_timing', 'label': '767a28fd-35fd-4e13-879d-fb9e536b6622', 'context': [<snowplow_tracker.self_describing_json.SelfDescribingJson object at 0x000001FB7DCF35F0>]}
[0m09:07:17.567714 [info ] [MainThread]: 
[0m09:07:17.568972 [info ] [MainThread]: Concurrency: 1 threads (target='dev')
[0m09:07:17.568972 [info ] [MainThread]: 
[0m09:07:17.571205 [debug] [MainThread]: Acquiring new bigquery connection 'master'
[0m09:07:17.572219 [debug] [ThreadPool]: Acquiring new bigquery connection 'list_us-corn-data'
[0m09:07:17.572219 [debug] [ThreadPool]: Opening a new connection, currently in state init
[0m09:07:18.595535 [debug] [ThreadPool]: Acquiring new bigquery connection 'list_us-corn-data_us_corn_data_transformed'
[0m09:07:18.595535 [debug] [ThreadPool]: Opening a new connection, currently in state init
[0m09:07:19.530900 [debug] [MainThread]: Sending event: {'category': 'dbt', 'action': 'runnable_timing', 'label': '767a28fd-35fd-4e13-879d-fb9e536b6622', 'context': [<snowplow_tracker.self_describing_json.SelfDescribingJson object at 0x000001FB4F9A8230>]}
[0m09:07:19.532131 [debug] [MainThread]: Opening a new connection, currently in state init
[0m09:07:19.540213 [debug] [Thread-1 (]: Began running node model.corn_market_project.stg_corn_prices
[0m09:07:19.540213 [info ] [Thread-1 (]: 1 of 1 START sql table model us_corn_data_transformed.stg_corn_prices .......... [RUN]
[0m09:07:19.541217 [debug] [Thread-1 (]: Acquiring new bigquery connection 'model.corn_market_project.stg_corn_prices'
[0m09:07:19.543306 [debug] [Thread-1 (]: Began compiling node model.corn_market_project.stg_corn_prices
[0m09:07:19.554754 [debug] [Thread-1 (]: Writing injected SQL for node "model.corn_market_project.stg_corn_prices"
[0m09:07:19.555754 [debug] [Thread-1 (]: Began executing node model.corn_market_project.stg_corn_prices
[0m09:07:19.597279 [debug] [Thread-1 (]: Writing runtime sql for node "model.corn_market_project.stg_corn_prices"
[0m09:07:19.598281 [debug] [Thread-1 (]: On model.corn_market_project.stg_corn_prices: /* {"app": "dbt", "dbt_version": "1.11.2", "profile_name": "corn_market_project", "target_name": "dev", "node_id": "model.corn_market_project.stg_corn_prices"} */

  
    

    create or replace table `us-corn-data`.`us_corn_data_transformed`.`stg_corn_prices`
      
    
    

    
    OPTIONS()
    as (
      -- data_transformation/models/stg_corn_prices.sql

with source as (
    -- Pull data from the raw table created by your Python script
    select * from `us-corn-data`.`us_corn_data`.`us_corn_prices`
),

cleaned as (
    select
        -- 1. Select and Rename Columns
        CAST(Year as INT64) as year,
        `Data Item` as data_item,  -- Use backticks because the column name has a space
        CAST(Value as FLOAT64) as price_per_bushel,
        
        -- Keep Period just in case we need to debug later, but we filter on it below
        Period as period

    from source
)

select
    year,
    data_item,
    price_per_bushel
from cleaned
-- 2. Apply the Logic: Only keep November records
where period = 'NOV'
order by year desc
    );
  
[0m09:07:19.599284 [debug] [Thread-1 (]: Opening a new connection, currently in state init
[0m09:07:20.958492 [debug] [Thread-1 (]: BigQuery adapter: https://console.cloud.google.com/bigquery?project=us-corn-data&j=bq:US:ffa1c223-a1dd-4ef3-83e2-750c87503d10&page=queryresults
[0m09:07:20.958492 [error] [Thread-1 (]: BigQuery adapter: https://console.cloud.google.com/bigquery?project=us-corn-data&j=bq:US:ffa1c223-a1dd-4ef3-83e2-750c87503d10&page=queryresults
[0m09:07:20.973863 [debug] [Thread-1 (]: Database Error in model stg_corn_prices (models\stg_corn_prices.sql)
  Not found: Table us-corn-data:us_corn_data.us_corn_prices was not found in location US
  compiled code at target\run\corn_market_project\models\stg_corn_prices.sql
[0m09:07:20.975751 [debug] [Thread-1 (]: Sending event: {'category': 'dbt', 'action': 'run_model', 'label': '767a28fd-35fd-4e13-879d-fb9e536b6622', 'context': [<snowplow_tracker.self_describing_json.SelfDescribingJson object at 0x000001FB4E939D60>]}
[0m09:07:20.976768 [error] [Thread-1 (]: 1 of 1 ERROR creating sql table model us_corn_data_transformed.stg_corn_prices . [[31mERROR[0m in 1.43s]
[0m09:07:20.977762 [debug] [Thread-1 (]: Finished running node model.corn_market_project.stg_corn_prices
[0m09:07:20.977762 [debug] [Thread-4 (]: Marking all children of 'model.corn_market_project.stg_corn_prices' to be skipped because of status 'error'.  Reason: Database Error in model stg_corn_prices (models\stg_corn_prices.sql)
  Not found: Table us-corn-data:us_corn_data.us_corn_prices was not found in location US
  compiled code at target\run\corn_market_project\models\stg_corn_prices.sql.
[0m09:07:20.979999 [debug] [MainThread]: Opening a new connection, currently in state closed
[0m09:07:20.979999 [debug] [MainThread]: Connection 'master' was properly closed.
[0m09:07:20.979999 [debug] [MainThread]: Connection 'list_us-corn-data' was properly closed.
[0m09:07:20.979999 [debug] [MainThread]: Connection 'list_us-corn-data_us_corn_data_transformed' was properly closed.
[0m09:07:20.979999 [debug] [MainThread]: Connection 'model.corn_market_project.stg_corn_prices' was properly closed.
[0m09:07:20.979999 [info ] [MainThread]: 
[0m09:07:20.979999 [info ] [MainThread]: Finished running 1 table model in 0 hours 0 minutes and 3.41 seconds (3.41s).
[0m09:07:20.979999 [debug] [MainThread]: Command end result
[0m09:07:20.998506 [debug] [MainThread]: Wrote artifact WritableManifest to C:\Users\takudzwarioga\Documents\Dev\US_Corn_Price_Analysis\data_transformation\target\manifest.json
[0m09:07:21.011553 [debug] [MainThread]: Wrote artifact SemanticManifest to C:\Users\takudzwarioga\Documents\Dev\US_Corn_Price_Analysis\data_transformation\target\semantic_manifest.json
[0m09:07:21.013472 [debug] [MainThread]: Wrote artifact RunExecutionResult to C:\Users\takudzwarioga\Documents\Dev\US_Corn_Price_Analysis\data_transformation\target\run_results.json
[0m09:07:21.013472 [info ] [MainThread]: 
[0m09:07:21.013472 [info ] [MainThread]: [31mCompleted with 1 error, 0 partial successes, and 0 warnings:[0m
[0m09:07:21.013472 [info ] [MainThread]: 
[0m09:07:21.013472 [error] [MainThread]: [31mFailure in model stg_corn_prices (models\stg_corn_prices.sql)[0m
[0m09:07:21.013472 [error] [MainThread]:   Database Error in model stg_corn_prices (models\stg_corn_prices.sql)
  Not found: Table us-corn-data:us_corn_data.us_corn_prices was not found in location US
  compiled code at target\run\corn_market_project\models\stg_corn_prices.sql
[0m09:07:21.013472 [info ] [MainThread]: 
[0m09:07:21.013472 [info ] [MainThread]:   compiled code at target\compiled\corn_market_project\models\stg_corn_prices.sql
[0m09:07:21.013472 [info ] [MainThread]: 
[0m09:07:21.013472 [info ] [MainThread]: Done. PASS=0 WARN=0 ERROR=1 SKIP=0 NO-OP=0 TOTAL=1
[0m09:07:21.013472 [debug] [MainThread]: Command `dbt run` failed at 09:07:21.013472 after 14.68 seconds
[0m09:07:21.013472 [debug] [MainThread]: Sending event: {'category': 'dbt', 'action': 'invocation', 'label': 'end', 'context': [<snowplow_tracker.self_describing_json.SelfDescribingJson object at 0x000001FB4E5A8E00>, <snowplow_tracker.self_describing_json.SelfDescribingJson object at 0x000001FB7DDDAB40>, <snowplow_tracker.self_describing_json.SelfDescribingJson object at 0x000001FB7D6A2B70>]}
[0m09:07:21.013472 [debug] [MainThread]: Flushing usage events
[0m09:07:21.716325 [debug] [MainThread]: An error was encountered while trying to flush usage events
[0m09:22:30.443923 [debug] [MainThread]: Sending event: {'category': 'dbt', 'action': 'invocation', 'label': 'start', 'context': [<snowplow_tracker.self_describing_json.SelfDescribingJson object at 0x0000021D72732FF0>, <snowplow_tracker.self_describing_json.SelfDescribingJson object at 0x0000021D7561EB70>, <snowplow_tracker.self_describing_json.SelfDescribingJson object at 0x0000021D75D8EE10>]}


============================== 09:22:30.447940 | 7ef946f3-cda6-4376-8f05-597e52745556 ==============================
[0m09:22:30.447940 [info ] [MainThread]: Running with dbt=1.11.2
[0m09:22:30.447940 [debug] [MainThread]: running dbt with arguments {'static_parser': 'True', 'no_print': 'None', 'version_check': 'True', 'warn_error_options': 'WarnErrorOptionsV2(error=[], warn=[], silence=[])', 'target_path': 'None', 'printer_width': '80', 'write_json': 'True', 'introspect': 'True', 'log_cache_events': 'False', 'empty': 'None', 'cache_selected_only': 'False', 'log_format': 'default', 'debug': 'False', 'fail_fast': 'False', 'profiles_dir': '.', 'send_anonymous_usage_stats': 'True', 'quiet': 'False', 'warn_error': 'None', 'partial_parse': 'True', 'invocation_command': 'dbt deps --profiles-dir .', 'use_colors': 'True', 'indirect_selection': 'eager', 'use_experimental_parser': 'False', 'log_path': 'C:\\Users\\takudzwarioga\\Documents\\Dev\\US_Corn_Price_Analysis\\data_transformation\\logs'}
[0m09:22:30.574655 [debug] [MainThread]: Sending event: {'category': 'dbt', 'action': 'project_id', 'label': '7ef946f3-cda6-4376-8f05-597e52745556', 'context': [<snowplow_tracker.self_describing_json.SelfDescribingJson object at 0x0000021D76605A60>]}
[0m09:22:30.605058 [info ] [MainThread]: Warning: No packages were found in packages.yml
[0m09:22:30.605058 [info ] [MainThread]: Warning: No packages were found in packages.yml
[0m09:22:30.605058 [debug] [MainThread]: Command `dbt deps` succeeded at 09:22:30.605058 after 0.40 seconds
[0m09:22:30.605058 [debug] [MainThread]: Sending event: {'category': 'dbt', 'action': 'invocation', 'label': 'end', 'context': [<snowplow_tracker.self_describing_json.SelfDescribingJson object at 0x0000021D757A83E0>, <snowplow_tracker.self_describing_json.SelfDescribingJson object at 0x0000021D759C0440>, <snowplow_tracker.self_describing_json.SelfDescribingJson object at 0x0000021D7287DB50>]}
[0m09:22:30.605058 [debug] [MainThread]: Flushing usage events
[0m09:22:31.464743 [debug] [MainThread]: An error was encountered while trying to flush usage events
[0m09:22:34.368684 [debug] [MainThread]: Sending event: {'category': 'dbt', 'action': 'invocation', 'label': 'start', 'context': [<snowplow_tracker.self_describing_json.SelfDescribingJson object at 0x00000178B9F22FF0>, <snowplow_tracker.self_describing_json.SelfDescribingJson object at 0x00000178BD35C140>, <snowplow_tracker.self_describing_json.SelfDescribingJson object at 0x00000178BD35FCB0>]}


============================== 09:22:34.375083 | a654a10c-967a-458d-af80-73ee1be96ddd ==============================
[0m09:22:34.375083 [info ] [MainThread]: Running with dbt=1.11.2
[0m09:22:34.376111 [debug] [MainThread]: running dbt with arguments {'version_check': 'True', 'no_print': 'None', 'static_parser': 'True', 'warn_error_options': 'WarnErrorOptionsV2(error=[], warn=[], silence=[])', 'target_path': 'None', 'printer_width': '80', 'write_json': 'True', 'empty': 'False', 'log_cache_events': 'False', 'introspect': 'True', 'cache_selected_only': 'False', 'fail_fast': 'False', 'debug': 'False', 'log_format': 'default', 'profiles_dir': '.', 'send_anonymous_usage_stats': 'True', 'quiet': 'False', 'warn_error': 'None', 'partial_parse': 'True', 'indirect_selection': 'eager', 'invocation_command': 'dbt run --profiles-dir .', 'use_colors': 'True', 'use_experimental_parser': 'False', 'log_path': 'C:\\Users\\takudzwarioga\\Documents\\Dev\\US_Corn_Price_Analysis\\data_transformation\\logs'}
[0m09:22:39.831455 [error] [MainThread]: Encountered an error:

[0m09:22:39.909676 [error] [MainThread]: Traceback (most recent call last):
  File "C:\Users\takudzwarioga\AppData\Local\Programs\Python\Python312\Lib\pathlib.py", line 441, in __str__
    return self._str
           ^^^^^^^^^
AttributeError: 'PackagePath' object has no attribute '_str'

During handling of the above exception, another exception occurred:

Traceback (most recent call last):
  File "C:\Users\takudzwarioga\AppData\Local\Programs\Python\Python312\Lib\pathlib.py", line 555, in drive
    return self._drv
           ^^^^^^^^^
AttributeError: 'PackagePath' object has no attribute '_drv'

During handling of the above exception, another exception occurred:

Traceback (most recent call last):
  File "C:\Users\takudzwarioga\AppData\Local\Programs\Python\Python312\Lib\site-packages\dbt\cli\requires.py", line 182, in wrapper
    result, success = func(*args, **kwargs)
                      ^^^^^^^^^^^^^^^^^^^^^
  File "C:\Users\takudzwarioga\AppData\Local\Programs\Python\Python312\Lib\site-packages\dbt\cli\requires.py", line 128, in wrapper
    return func(*args, **kwargs)
           ^^^^^^^^^^^^^^^^^^^^^
  File "C:\Users\takudzwarioga\AppData\Local\Programs\Python\Python312\Lib\site-packages\dbt\cli\requires.py", line 272, in wrapper
    profile = load_profile(flags.PROJECT_DIR, flags.VARS, flags.PROFILE, flags.TARGET, threads)
              ^^^^^^^^^^^^^^^^^^^^^^^^^^^^^^^^^^^^^^^^^^^^^^^^^^^^^^^^^^^^^^^^^^^^^^^^^^^^^^^^^
  File "C:\Users\takudzwarioga\AppData\Local\Programs\Python\Python312\Lib\site-packages\dbt\config\runtime.py", line 79, in load_profile
    profile = Profile.render(
              ^^^^^^^^^^^^^^^
  File "C:\Users\takudzwarioga\AppData\Local\Programs\Python\Python312\Lib\site-packages\dbt\config\profile.py", line 404, in render
    return cls.from_raw_profiles(
           ^^^^^^^^^^^^^^^^^^^^^^
  File "C:\Users\takudzwarioga\AppData\Local\Programs\Python\Python312\Lib\site-packages\dbt\config\profile.py", line 370, in from_raw_profiles
    return cls.from_raw_profile_info(
           ^^^^^^^^^^^^^^^^^^^^^^^^^^
  File "C:\Users\takudzwarioga\AppData\Local\Programs\Python\Python312\Lib\site-packages\dbt\config\profile.py", line 326, in from_raw_profile_info
    credentials: Credentials = cls._credentials_from_profile(
                               ^^^^^^^^^^^^^^^^^^^^^^^^^^^^^^
  File "C:\Users\takudzwarioga\AppData\Local\Programs\Python\Python312\Lib\site-packages\dbt\config\profile.py", line 150, in _credentials_from_profile
    cls = load_plugin(typename)
          ^^^^^^^^^^^^^^^^^^^^^
  File "C:\Users\takudzwarioga\AppData\Local\Programs\Python\Python312\Lib\site-packages\dbt\adapters\factory.py", line 239, in load_plugin
    return FACTORY.load_plugin(name)
           ^^^^^^^^^^^^^^^^^^^^^^^^^
  File "C:\Users\takudzwarioga\AppData\Local\Programs\Python\Python312\Lib\site-packages\dbt\adapters\factory.py", line 68, in load_plugin
    mod: Any = import_module("." + name, "dbt.adapters")
               ^^^^^^^^^^^^^^^^^^^^^^^^^^^^^^^^^^^^^^^^^
  File "C:\Users\takudzwarioga\AppData\Local\Programs\Python\Python312\Lib\importlib\__init__.py", line 90, in import_module
    return _bootstrap._gcd_import(name[level:], package, level)
           ^^^^^^^^^^^^^^^^^^^^^^^^^^^^^^^^^^^^^^^^^^^^^^^^^^^^
  File "<frozen importlib._bootstrap>", line 1387, in _gcd_import
  File "<frozen importlib._bootstrap>", line 1360, in _find_and_load
  File "<frozen importlib._bootstrap>", line 1331, in _find_and_load_unlocked
  File "<frozen importlib._bootstrap>", line 935, in _load_unlocked
  File "<frozen importlib._bootstrap_external>", line 999, in exec_module
  File "<frozen importlib._bootstrap>", line 488, in _call_with_frames_removed
  File "C:\Users\takudzwarioga\AppData\Local\Programs\Python\Python312\Lib\site-packages\dbt\adapters\bigquery\__init__.py", line 4, in <module>
    from dbt.adapters.bigquery.impl import BigQueryAdapter, GrantTarget, PartitionConfig
  File "C:\Users\takudzwarioga\AppData\Local\Programs\Python\Python312\Lib\site-packages\dbt\adapters\bigquery\impl.py", line 70, in <module>
    from dbt.adapters.bigquery.python_submissions import (
  File "C:\Users\takudzwarioga\AppData\Local\Programs\Python\Python312\Lib\site-packages\dbt\adapters\bigquery\python_submissions.py", line 28, in <module>
    from google.cloud.aiplatform import gapic as aiplatform_gapic
  File "C:\Users\takudzwarioga\AppData\Local\Programs\Python\Python312\Lib\site-packages\google\cloud\aiplatform\__init__.py", line 34, in <module>
    from google.cloud.aiplatform import gapic
  File "C:\Users\takudzwarioga\AppData\Local\Programs\Python\Python312\Lib\site-packages\google\cloud\aiplatform\gapic\__init__.py", line 20, in <module>
    from google.cloud.aiplatform.gapic import schema
  File "C:\Users\takudzwarioga\AppData\Local\Programs\Python\Python312\Lib\site-packages\google\cloud\aiplatform\gapic\schema\__init__.py", line 18, in <module>
    from google.cloud.aiplatform.v1.schema import predict
  File "C:\Users\takudzwarioga\AppData\Local\Programs\Python\Python312\Lib\site-packages\google\cloud\aiplatform\v1\schema\__init__.py", line 18, in <module>
    from google.cloud.aiplatform.v1.schema import predict
  File "C:\Users\takudzwarioga\AppData\Local\Programs\Python\Python312\Lib\site-packages\google\cloud\aiplatform\v1\schema\predict\__init__.py", line 18, in <module>
    from google.cloud.aiplatform.v1.schema.predict import instance
  File "C:\Users\takudzwarioga\AppData\Local\Programs\Python\Python312\Lib\site-packages\google\cloud\aiplatform\v1\schema\predict\instance\__init__.py", line 23, in <module>
    from google.cloud.aiplatform.v1.schema.predict.instance_v1.types.image_classification import (
  File "C:\Users\takudzwarioga\AppData\Local\Programs\Python\Python312\Lib\site-packages\google\cloud\aiplatform\v1\schema\predict\instance_v1\__init__.py", line 46, in <module>
    api_core.check_python_version("google.cloud.aiplatform.v1.schema.predict.instance_v1")  # type: ignore
    ^^^^^^^^^^^^^^^^^^^^^^^^^^^^^^^^^^^^^^^^^^^^^^^^^^^^^^^^^^^^^^^^^^^^^^^^^^^^^^^^^^^^^^
  File "C:\Users\takudzwarioga\AppData\Local\Programs\Python\Python312\Lib\site-packages\google\api_core\_python_version_support.py", line 201, in check_python_version
    package_label, _ = _get_distribution_and_import_packages(package)
                       ^^^^^^^^^^^^^^^^^^^^^^^^^^^^^^^^^^^^^^^^^^^^^^
  File "C:\Users\takudzwarioga\AppData\Local\Programs\Python\Python312\Lib\site-packages\google\api_core\_python_version_support.py", line 180, in _get_distribution_and_import_packages
    distribution_package = _get_pypi_package_name(import_package)
                           ^^^^^^^^^^^^^^^^^^^^^^^^^^^^^^^^^^^^^^
  File "C:\Users\takudzwarioga\AppData\Local\Programs\Python\Python312\Lib\site-packages\google\api_core\_python_version_support.py", line 165, in _get_pypi_package_name
    module_to_distributions = metadata.packages_distributions()
                              ^^^^^^^^^^^^^^^^^^^^^^^^^^^^^^^^^
  File "C:\Users\takudzwarioga\AppData\Local\Programs\Python\Python312\Lib\importlib\metadata\__init__.py", line 947, in packages_distributions
    for pkg in _top_level_declared(dist) or _top_level_inferred(dist):
                                            ^^^^^^^^^^^^^^^^^^^^^^^^^
  File "C:\Users\takudzwarioga\AppData\Local\Programs\Python\Python312\Lib\importlib\metadata\__init__.py", line 959, in _top_level_inferred
    for f in always_iterable(dist.files)
                             ^^^^^^^^^^
  File "C:\Users\takudzwarioga\AppData\Local\Programs\Python\Python312\Lib\site-packages\importlib_metadata\__init__.py", line 604, in files
    return skip_missing_files(
           ^^^^^^^^^^^^^^^^^^^
  File "C:\Users\takudzwarioga\AppData\Local\Programs\Python\Python312\Lib\site-packages\importlib_metadata\_functools.py", line 103, in wrapper
    return func(param, *args, **kwargs)
           ^^^^^^^^^^^^^^^^^^^^^^^^^^^^
  File "C:\Users\takudzwarioga\AppData\Local\Programs\Python\Python312\Lib\site-packages\importlib_metadata\__init__.py", line 602, in skip_missing_files
    return list(filter(lambda path: path.locate().exists(), package_paths))
           ^^^^^^^^^^^^^^^^^^^^^^^^^^^^^^^^^^^^^^^^^^^^^^^^^^^^^^^^^^^^^^^^
  File "C:\Users\takudzwarioga\AppData\Local\Programs\Python\Python312\Lib\site-packages\importlib_metadata\__init__.py", line 602, in <lambda>
    return list(filter(lambda path: path.locate().exists(), package_paths))
                                    ^^^^^^^^^^^^^
  File "C:\Users\takudzwarioga\AppData\Local\Programs\Python\Python312\Lib\site-packages\importlib_metadata\__init__.py", line 386, in locate
    return self.dist.locate_file(self)
           ^^^^^^^^^^^^^^^^^^^^^^^^^^^
  File "C:\Users\takudzwarioga\AppData\Local\Programs\Python\Python312\Lib\site-packages\importlib_metadata\__init__.py", line 1021, in locate_file
    return self._path.parent / path
           ~~~~~~~~~~~~~~~~~~^~~~~~
  File "C:\Users\takudzwarioga\AppData\Local\Programs\Python\Python312\Lib\pathlib.py", line 721, in __truediv__
    return self.joinpath(key)
           ^^^^^^^^^^^^^^^^^^
  File "C:\Users\takudzwarioga\AppData\Local\Programs\Python\Python312\Lib\pathlib.py", line 717, in joinpath
    return self.with_segments(self, *pathsegments)
           ^^^^^^^^^^^^^^^^^^^^^^^^^^^^^^^^^^^^^^^
  File "C:\Users\takudzwarioga\AppData\Local\Programs\Python\Python312\Lib\pathlib.py", line 385, in with_segments
    return type(self)(*pathsegments)
           ^^^^^^^^^^^^^^^^^^^^^^^^^
  File "C:\Users\takudzwarioga\AppData\Local\Programs\Python\Python312\Lib\pathlib.py", line 1162, in __init__
    super().__init__(*args)
  File "C:\Users\takudzwarioga\AppData\Local\Programs\Python\Python312\Lib\pathlib.py", line 364, in __init__
    paths.append(arg.as_posix())
                 ^^^^^^^^^^^^^^
  File "C:\Users\takudzwarioga\AppData\Local\Programs\Python\Python312\Lib\pathlib.py", line 454, in as_posix
    return str(self).replace(f.sep, '/')
           ^^^^^^^^^
  File "C:\Users\takudzwarioga\AppData\Local\Programs\Python\Python312\Lib\pathlib.py", line 443, in __str__
    self._str = self._format_parsed_parts(self.drive, self.root,
                                          ^^^^^^^^^^
  File "C:\Users\takudzwarioga\AppData\Local\Programs\Python\Python312\Lib\pathlib.py", line 557, in drive
    self._load_parts()
  File "C:\Users\takudzwarioga\AppData\Local\Programs\Python\Python312\Lib\pathlib.py", line 415, in _load_parts
    drv, root, tail = self._parse_path(path)
                      ^^^^^^^^^^^^^^^^^^^^^^
  File "C:\Users\takudzwarioga\AppData\Local\Programs\Python\Python312\Lib\pathlib.py", line 404, in _parse_path
    parsed = [sys.intern(str(x)) for x in rel.split(sep) if x and x != '.']
                         ^^^^^^
KeyboardInterrupt

[0m09:22:39.911679 [debug] [MainThread]: Command `dbt run` failed at 09:22:39.910676 after 5.69 seconds
[0m09:22:39.911679 [debug] [MainThread]: Sending event: {'category': 'dbt', 'action': 'invocation', 'label': 'end', 'context': [<snowplow_tracker.self_describing_json.SelfDescribingJson object at 0x00000178BD3CE300>, <snowplow_tracker.self_describing_json.SelfDescribingJson object at 0x00000178EADCA180>, <snowplow_tracker.self_describing_json.SelfDescribingJson object at 0x00000178EB149940>]}
[0m09:22:39.911679 [debug] [MainThread]: Flushing usage events
[0m09:22:40.629307 [debug] [MainThread]: An error was encountered while trying to flush usage events
[0m09:26:11.883076 [debug] [MainThread]: Sending event: {'category': 'dbt', 'action': 'invocation', 'label': 'start', 'context': [<snowplow_tracker.self_describing_json.SelfDescribingJson object at 0x000002C2D21AB710>, <snowplow_tracker.self_describing_json.SelfDescribingJson object at 0x000002C2D5098170>, <snowplow_tracker.self_describing_json.SelfDescribingJson object at 0x000002C2D5098140>]}


============================== 09:26:11.898832 | 6b1a334c-a08b-4075-aebd-0d9299026d94 ==============================
[0m09:26:11.898832 [info ] [MainThread]: Running with dbt=1.11.2
[0m09:26:11.898832 [debug] [MainThread]: running dbt with arguments {'version_check': 'True', 'no_print': 'None', 'static_parser': 'True', 'warn_error_options': 'WarnErrorOptionsV2(error=[], warn=[], silence=[])', 'target_path': 'None', 'printer_width': '80', 'write_json': 'True', 'empty': 'None', 'log_cache_events': 'False', 'introspect': 'True', 'cache_selected_only': 'False', 'fail_fast': 'False', 'debug': 'False', 'log_format': 'default', 'partial_parse': 'True', 'send_anonymous_usage_stats': 'True', 'quiet': 'False', 'warn_error': 'None', 'profiles_dir': '.', 'indirect_selection': 'eager', 'invocation_command': 'dbt deps --profiles-dir .', 'use_colors': 'True', 'use_experimental_parser': 'False', 'log_path': 'C:\\Users\\takudzwarioga\\Documents\\Dev\\US_Corn_Price_Analysis\\data_transformation\\logs'}
[0m09:26:12.025712 [debug] [MainThread]: Sending event: {'category': 'dbt', 'action': 'project_id', 'label': '6b1a334c-a08b-4075-aebd-0d9299026d94', 'context': [<snowplow_tracker.self_describing_json.SelfDescribingJson object at 0x000002C2D5B27890>]}
[0m09:26:12.064491 [info ] [MainThread]: Warning: No packages were found in packages.yml
[0m09:26:12.066789 [info ] [MainThread]: Warning: No packages were found in packages.yml
[0m09:26:12.068127 [debug] [MainThread]: Command `dbt deps` succeeded at 09:26:12.068127 after 0.32 seconds
[0m09:26:12.069162 [debug] [MainThread]: Sending event: {'category': 'dbt', 'action': 'invocation', 'label': 'end', 'context': [<snowplow_tracker.self_describing_json.SelfDescribingJson object at 0x000002C2D216D970>, <snowplow_tracker.self_describing_json.SelfDescribingJson object at 0x000002C2CF69B170>, <snowplow_tracker.self_describing_json.SelfDescribingJson object at 0x000002C2D715E810>]}
[0m09:26:12.069162 [debug] [MainThread]: Flushing usage events
[0m09:26:12.835865 [debug] [MainThread]: An error was encountered while trying to flush usage events
[0m09:26:15.625914 [debug] [MainThread]: Sending event: {'category': 'dbt', 'action': 'invocation', 'label': 'start', 'context': [<snowplow_tracker.self_describing_json.SelfDescribingJson object at 0x0000023B9C928260>, <snowplow_tracker.self_describing_json.SelfDescribingJson object at 0x0000023B9CF2FF50>, <snowplow_tracker.self_describing_json.SelfDescribingJson object at 0x0000023B9CF2DA30>]}


============================== 09:26:15.632918 | ff622d2c-a8e5-4f4d-96b1-66a0a2bf9433 ==============================
[0m09:26:15.632918 [info ] [MainThread]: Running with dbt=1.11.2
[0m09:26:15.633915 [debug] [MainThread]: running dbt with arguments {'static_parser': 'True', 'no_print': 'None', 'version_check': 'True', 'warn_error_options': 'WarnErrorOptionsV2(error=[], warn=[], silence=[])', 'target_path': 'None', 'printer_width': '80', 'write_json': 'True', 'introspect': 'True', 'log_cache_events': 'False', 'empty': 'False', 'cache_selected_only': 'False', 'log_format': 'default', 'debug': 'False', 'fail_fast': 'False', 'profiles_dir': '.', 'send_anonymous_usage_stats': 'True', 'quiet': 'False', 'warn_error': 'None', 'partial_parse': 'True', 'invocation_command': 'dbt run --profiles-dir .', 'indirect_selection': 'eager', 'use_colors': 'True', 'use_experimental_parser': 'False', 'log_path': 'C:\\Users\\takudzwarioga\\Documents\\Dev\\US_Corn_Price_Analysis\\data_transformation\\logs'}
[0m09:26:25.788832 [debug] [MainThread]: Sending event: {'category': 'dbt', 'action': 'project_id', 'label': 'ff622d2c-a8e5-4f4d-96b1-66a0a2bf9433', 'context': [<snowplow_tracker.self_describing_json.SelfDescribingJson object at 0x0000023BCC5D83B0>]}
[0m09:26:25.835122 [debug] [MainThread]: Sending event: {'category': 'dbt', 'action': 'adapter_info', 'label': 'ff622d2c-a8e5-4f4d-96b1-66a0a2bf9433', 'context': [<snowplow_tracker.self_describing_json.SelfDescribingJson object at 0x0000023B9A4DD910>]}
[0m09:26:25.850981 [info ] [MainThread]: Registered adapter: bigquery=1.11.0
[0m09:26:26.418877 [debug] [MainThread]: checksum: 3d40d8bbe1bef07db1c24822f2dbfff8bc07f2a48ed4fe2658a40653aec0b54b, vars: {}, profile: , target: , version: 1.11.2
[0m09:26:26.538805 [debug] [MainThread]: Partial parsing enabled: 0 files deleted, 0 files added, 0 files changed.
[0m09:26:26.538805 [debug] [MainThread]: Nothing changed, skipping partial parsing.
[0m09:26:26.538805 [debug] [MainThread]: Partial parsing enabled, no changes found, skipping parsing
[0m09:26:26.570909 [debug] [MainThread]: Sending event: {'category': 'dbt', 'action': 'load_project', 'label': 'ff622d2c-a8e5-4f4d-96b1-66a0a2bf9433', 'context': [<snowplow_tracker.self_describing_json.SelfDescribingJson object at 0x0000023BCC6943B0>]}
[0m09:26:26.634881 [debug] [MainThread]: Wrote artifact WritableManifest to C:\Users\takudzwarioga\Documents\Dev\US_Corn_Price_Analysis\data_transformation\target\manifest.json
[0m09:26:26.634881 [debug] [MainThread]: Wrote artifact SemanticManifest to C:\Users\takudzwarioga\Documents\Dev\US_Corn_Price_Analysis\data_transformation\target\semantic_manifest.json
[0m09:26:26.675586 [debug] [MainThread]: Sending event: {'category': 'dbt', 'action': 'resource_counts', 'label': 'ff622d2c-a8e5-4f4d-96b1-66a0a2bf9433', 'context': [<snowplow_tracker.self_describing_json.SelfDescribingJson object at 0x0000023BCCA6F920>]}
[0m09:26:26.675586 [info ] [MainThread]: Found 1 model, 5 sources, 537 macros
[0m09:26:26.678368 [debug] [MainThread]: Sending event: {'category': 'dbt', 'action': 'runnable_timing', 'label': 'ff622d2c-a8e5-4f4d-96b1-66a0a2bf9433', 'context': [<snowplow_tracker.self_describing_json.SelfDescribingJson object at 0x0000023BCC613620>]}
[0m09:26:26.678368 [info ] [MainThread]: 
[0m09:26:26.680905 [info ] [MainThread]: Concurrency: 1 threads (target='dev')
[0m09:26:26.680905 [info ] [MainThread]: 
[0m09:26:26.680905 [debug] [MainThread]: Acquiring new bigquery connection 'master'
[0m09:26:26.684177 [debug] [ThreadPool]: Acquiring new bigquery connection 'list_us-corn-data'
[0m09:26:26.684177 [debug] [ThreadPool]: Opening a new connection, currently in state init
[0m09:26:27.641952 [debug] [ThreadPool]: Acquiring new bigquery connection 'list_us-corn-data_us_corn_data_transformed'
[0m09:26:27.642939 [debug] [ThreadPool]: Opening a new connection, currently in state init
[0m09:26:28.609029 [debug] [MainThread]: Sending event: {'category': 'dbt', 'action': 'runnable_timing', 'label': 'ff622d2c-a8e5-4f4d-96b1-66a0a2bf9433', 'context': [<snowplow_tracker.self_describing_json.SelfDescribingJson object at 0x0000023BCC6959A0>]}
[0m09:26:28.611029 [debug] [MainThread]: Opening a new connection, currently in state init
[0m09:26:28.620011 [debug] [Thread-1 (]: Began running node model.corn_market_project.stg_corn_prices
[0m09:26:28.621024 [info ] [Thread-1 (]: 1 of 1 START sql table model us_corn_data_transformed.stg_corn_prices .......... [RUN]
[0m09:26:28.622029 [debug] [Thread-1 (]: Acquiring new bigquery connection 'model.corn_market_project.stg_corn_prices'
[0m09:26:28.622029 [debug] [Thread-1 (]: Began compiling node model.corn_market_project.stg_corn_prices
[0m09:26:28.634021 [debug] [Thread-1 (]: Writing injected SQL for node "model.corn_market_project.stg_corn_prices"
[0m09:26:28.635305 [debug] [Thread-1 (]: Began executing node model.corn_market_project.stg_corn_prices
[0m09:26:28.674733 [debug] [Thread-1 (]: Writing runtime sql for node "model.corn_market_project.stg_corn_prices"
[0m09:26:28.675736 [debug] [Thread-1 (]: On model.corn_market_project.stg_corn_prices: /* {"app": "dbt", "dbt_version": "1.11.2", "profile_name": "corn_market_project", "target_name": "dev", "node_id": "model.corn_market_project.stg_corn_prices"} */

  
    

    create or replace table `us-corn-data`.`us_corn_data_transformed`.`stg_corn_prices`
      
    
    

    
    OPTIONS()
    as (
      -- data_transformation/models/stg_corn_prices.sql

with source as (
    -- Pull data from the raw table created by your Python script
    select * from `us-corn-data`.`us_corn_data`.`us_corn_prices`
),

cleaned as (
    select
        -- 1. Select and Rename Columns
        CAST(Year as INT64) as year,
        `Data Item` as data_item,  -- Use backticks because the column name has a space
        CAST(Value as FLOAT64) as price_per_bushel,
        
        -- Keep Period just in case we need to debug later, but we filter on it below
        Period as period

    from source
)

select
    year,
    data_item,
    price_per_bushel
from cleaned
-- 2. Apply the Logic: Only keep November records
where period = 'NOV'
order by year desc
    );
  
[0m09:26:28.676719 [debug] [Thread-1 (]: Opening a new connection, currently in state init
[0m09:26:29.986103 [debug] [Thread-1 (]: BigQuery adapter: https://console.cloud.google.com/bigquery?project=us-corn-data&j=bq:US:7d171b29-b271-424d-88de-60e36afc3139&page=queryresults
[0m09:26:30.181615 [error] [Thread-1 (]: BigQuery adapter: https://console.cloud.google.com/bigquery?project=us-corn-data&j=bq:US:7d171b29-b271-424d-88de-60e36afc3139&page=queryresults
[0m09:26:30.191432 [debug] [Thread-1 (]: Database Error in model stg_corn_prices (models\stg_corn_prices.sql)
  Unrecognized name: `Data Item`; Did you mean Data_Item? at [25:9]
  compiled code at target\run\corn_market_project\models\stg_corn_prices.sql
[0m09:26:30.194073 [debug] [Thread-1 (]: Sending event: {'category': 'dbt', 'action': 'run_model', 'label': 'ff622d2c-a8e5-4f4d-96b1-66a0a2bf9433', 'context': [<snowplow_tracker.self_describing_json.SelfDescribingJson object at 0x0000023B9C878EC0>]}
[0m09:26:30.197607 [error] [Thread-1 (]: 1 of 1 ERROR creating sql table model us_corn_data_transformed.stg_corn_prices . [[31mERROR[0m in 1.57s]
[0m09:26:30.198844 [debug] [Thread-1 (]: Finished running node model.corn_market_project.stg_corn_prices
[0m09:26:30.199843 [debug] [Thread-4 (]: Marking all children of 'model.corn_market_project.stg_corn_prices' to be skipped because of status 'error'.  Reason: Database Error in model stg_corn_prices (models\stg_corn_prices.sql)
  Unrecognized name: `Data Item`; Did you mean Data_Item? at [25:9]
  compiled code at target\run\corn_market_project\models\stg_corn_prices.sql.
[0m09:26:30.202853 [debug] [MainThread]: Opening a new connection, currently in state closed
[0m09:26:30.204861 [debug] [MainThread]: Connection 'master' was properly closed.
[0m09:26:30.205836 [debug] [MainThread]: Connection 'list_us-corn-data' was properly closed.
[0m09:26:30.205836 [debug] [MainThread]: Connection 'list_us-corn-data_us_corn_data_transformed' was properly closed.
[0m09:26:30.206342 [debug] [MainThread]: Connection 'model.corn_market_project.stg_corn_prices' was properly closed.
[0m09:26:30.206342 [info ] [MainThread]: 
[0m09:26:30.207358 [info ] [MainThread]: Finished running 1 table model in 0 hours 0 minutes and 3.53 seconds (3.53s).
[0m09:26:30.208254 [debug] [MainThread]: Command end result
[0m09:26:30.228002 [debug] [MainThread]: Wrote artifact WritableManifest to C:\Users\takudzwarioga\Documents\Dev\US_Corn_Price_Analysis\data_transformation\target\manifest.json
[0m09:26:30.228002 [debug] [MainThread]: Wrote artifact SemanticManifest to C:\Users\takudzwarioga\Documents\Dev\US_Corn_Price_Analysis\data_transformation\target\semantic_manifest.json
[0m09:26:30.228002 [debug] [MainThread]: Wrote artifact RunExecutionResult to C:\Users\takudzwarioga\Documents\Dev\US_Corn_Price_Analysis\data_transformation\target\run_results.json
[0m09:26:30.228002 [info ] [MainThread]: 
[0m09:26:30.228002 [info ] [MainThread]: [31mCompleted with 1 error, 0 partial successes, and 0 warnings:[0m
[0m09:26:30.228002 [info ] [MainThread]: 
[0m09:26:30.228002 [error] [MainThread]: [31mFailure in model stg_corn_prices (models\stg_corn_prices.sql)[0m
[0m09:26:30.242078 [error] [MainThread]:   Database Error in model stg_corn_prices (models\stg_corn_prices.sql)
  Unrecognized name: `Data Item`; Did you mean Data_Item? at [25:9]
  compiled code at target\run\corn_market_project\models\stg_corn_prices.sql
[0m09:26:30.242078 [info ] [MainThread]: 
[0m09:26:30.243274 [info ] [MainThread]:   compiled code at target\compiled\corn_market_project\models\stg_corn_prices.sql
[0m09:26:30.243274 [info ] [MainThread]: 
[0m09:26:30.245643 [info ] [MainThread]: Done. PASS=0 WARN=0 ERROR=1 SKIP=0 NO-OP=0 TOTAL=1
[0m09:26:30.245643 [debug] [MainThread]: Command `dbt run` failed at 09:26:30.245643 after 14.76 seconds
[0m09:26:30.245643 [debug] [MainThread]: Sending event: {'category': 'dbt', 'action': 'invocation', 'label': 'end', 'context': [<snowplow_tracker.self_describing_json.SelfDescribingJson object at 0x0000023B9C0A7BF0>, <snowplow_tracker.self_describing_json.SelfDescribingJson object at 0x0000023BCCACEB10>, <snowplow_tracker.self_describing_json.SelfDescribingJson object at 0x0000023BCCC7BFE0>]}
[0m09:26:30.245643 [debug] [MainThread]: Flushing usage events
[0m09:26:30.914261 [debug] [MainThread]: An error was encountered while trying to flush usage events
[0m09:28:20.477357 [debug] [MainThread]: Sending event: {'category': 'dbt', 'action': 'invocation', 'label': 'start', 'context': [<snowplow_tracker.self_describing_json.SelfDescribingJson object at 0x000002A46AF52FC0>, <snowplow_tracker.self_describing_json.SelfDescribingJson object at 0x000002A46AF529F0>, <snowplow_tracker.self_describing_json.SelfDescribingJson object at 0x000002A46AA8F890>]}


============================== 09:28:20.485169 | 9dc6b9a0-3289-4f5a-94b8-4eff0415ac6f ==============================
[0m09:28:20.485169 [info ] [MainThread]: Running with dbt=1.11.2
[0m09:28:20.486170 [debug] [MainThread]: running dbt with arguments {'version_check': 'True', 'no_print': 'None', 'static_parser': 'True', 'target_path': 'None', 'warn_error_options': 'WarnErrorOptionsV2(error=[], warn=[], silence=[])', 'printer_width': '80', 'write_json': 'True', 'introspect': 'True', 'log_cache_events': 'False', 'empty': 'None', 'cache_selected_only': 'False', 'log_format': 'default', 'debug': 'False', 'fail_fast': 'False', 'profiles_dir': '.', 'send_anonymous_usage_stats': 'True', 'quiet': 'False', 'warn_error': 'None', 'partial_parse': 'True', 'invocation_command': 'dbt deps --profiles-dir .', 'use_colors': 'True', 'indirect_selection': 'eager', 'use_experimental_parser': 'False', 'log_path': 'C:\\Users\\takudzwarioga\\Documents\\Dev\\US_Corn_Price_Analysis\\data_transformation\\logs'}
[0m09:28:20.610700 [debug] [MainThread]: Sending event: {'category': 'dbt', 'action': 'project_id', 'label': '9dc6b9a0-3289-4f5a-94b8-4eff0415ac6f', 'context': [<snowplow_tracker.self_describing_json.SelfDescribingJson object at 0x000002A46B31CC20>]}
[0m09:28:20.643970 [info ] [MainThread]: Warning: No packages were found in packages.yml
[0m09:28:20.644950 [info ] [MainThread]: Warning: No packages were found in packages.yml
[0m09:28:20.645955 [debug] [MainThread]: Command `dbt deps` succeeded at 09:28:20.645955 after 0.41 seconds
[0m09:28:20.647585 [debug] [MainThread]: Sending event: {'category': 'dbt', 'action': 'invocation', 'label': 'end', 'context': [<snowplow_tracker.self_describing_json.SelfDescribingJson object at 0x000002A46AA8FF20>, <snowplow_tracker.self_describing_json.SelfDescribingJson object at 0x000002A46B40EC60>, <snowplow_tracker.self_describing_json.SelfDescribingJson object at 0x000002A464B3B680>]}
[0m09:28:20.647585 [debug] [MainThread]: Flushing usage events
[0m09:28:21.454252 [debug] [MainThread]: An error was encountered while trying to flush usage events
[0m09:28:24.350689 [debug] [MainThread]: Sending event: {'category': 'dbt', 'action': 'invocation', 'label': 'start', 'context': [<snowplow_tracker.self_describing_json.SelfDescribingJson object at 0x000001F8F3A7C2C0>, <snowplow_tracker.self_describing_json.SelfDescribingJson object at 0x000001F8F3A7EDE0>, <snowplow_tracker.self_describing_json.SelfDescribingJson object at 0x000001F8F3A7EA20>]}


============================== 09:28:24.357161 | 2142eaee-d3ea-4801-9d9d-cba0b3474836 ==============================
[0m09:28:24.357161 [info ] [MainThread]: Running with dbt=1.11.2
[0m09:28:24.357161 [debug] [MainThread]: running dbt with arguments {'static_parser': 'True', 'no_print': 'None', 'version_check': 'True', 'target_path': 'None', 'warn_error_options': 'WarnErrorOptionsV2(error=[], warn=[], silence=[])', 'printer_width': '80', 'write_json': 'True', 'introspect': 'True', 'log_cache_events': 'False', 'empty': 'False', 'cache_selected_only': 'False', 'log_format': 'default', 'debug': 'False', 'fail_fast': 'False', 'partial_parse': 'True', 'send_anonymous_usage_stats': 'True', 'quiet': 'False', 'warn_error': 'None', 'profiles_dir': '.', 'invocation_command': 'dbt run --profiles-dir .', 'indirect_selection': 'eager', 'use_colors': 'True', 'use_experimental_parser': 'False', 'log_path': 'C:\\Users\\takudzwarioga\\Documents\\Dev\\US_Corn_Price_Analysis\\data_transformation\\logs'}
[0m09:28:34.318610 [debug] [MainThread]: Sending event: {'category': 'dbt', 'action': 'project_id', 'label': '2142eaee-d3ea-4801-9d9d-cba0b3474836', 'context': [<snowplow_tracker.self_describing_json.SelfDescribingJson object at 0x000001F8A31926C0>]}
[0m09:28:34.375204 [debug] [MainThread]: Sending event: {'category': 'dbt', 'action': 'adapter_info', 'label': '2142eaee-d3ea-4801-9d9d-cba0b3474836', 'context': [<snowplow_tracker.self_describing_json.SelfDescribingJson object at 0x000001F8A1881160>]}
[0m09:28:34.376204 [info ] [MainThread]: Registered adapter: bigquery=1.11.0
[0m09:28:34.944707 [debug] [MainThread]: checksum: 3d40d8bbe1bef07db1c24822f2dbfff8bc07f2a48ed4fe2658a40653aec0b54b, vars: {}, profile: , target: , version: 1.11.2
[0m09:28:35.072051 [debug] [MainThread]: Partial parsing enabled: 0 files deleted, 0 files added, 1 files changed.
[0m09:28:35.072051 [debug] [MainThread]: Partial parsing: updated file: corn_market_project://models\stg_corn_prices.sql
[0m09:28:35.310687 [debug] [MainThread]: Sending event: {'category': 'dbt', 'action': 'load_project', 'label': '2142eaee-d3ea-4801-9d9d-cba0b3474836', 'context': [<snowplow_tracker.self_describing_json.SelfDescribingJson object at 0x000001F8A3B2CD40>]}
[0m09:28:35.375802 [debug] [MainThread]: Wrote artifact WritableManifest to C:\Users\takudzwarioga\Documents\Dev\US_Corn_Price_Analysis\data_transformation\target\manifest.json
[0m09:28:35.379185 [debug] [MainThread]: Wrote artifact SemanticManifest to C:\Users\takudzwarioga\Documents\Dev\US_Corn_Price_Analysis\data_transformation\target\semantic_manifest.json
[0m09:28:35.416094 [debug] [MainThread]: Sending event: {'category': 'dbt', 'action': 'resource_counts', 'label': '2142eaee-d3ea-4801-9d9d-cba0b3474836', 'context': [<snowplow_tracker.self_describing_json.SelfDescribingJson object at 0x000001F8A38FAD80>]}
[0m09:28:35.416094 [info ] [MainThread]: Found 1 model, 5 sources, 537 macros
[0m09:28:35.417094 [debug] [MainThread]: Sending event: {'category': 'dbt', 'action': 'runnable_timing', 'label': '2142eaee-d3ea-4801-9d9d-cba0b3474836', 'context': [<snowplow_tracker.self_describing_json.SelfDescribingJson object at 0x000001F8A3263FB0>]}
[0m09:28:35.419090 [info ] [MainThread]: 
[0m09:28:35.419090 [info ] [MainThread]: Concurrency: 1 threads (target='dev')
[0m09:28:35.419090 [info ] [MainThread]: 
[0m09:28:35.420090 [debug] [MainThread]: Acquiring new bigquery connection 'master'
[0m09:28:35.422088 [debug] [ThreadPool]: Acquiring new bigquery connection 'list_us-corn-data'
[0m09:28:35.422088 [debug] [ThreadPool]: Opening a new connection, currently in state init
[0m09:28:36.415372 [debug] [ThreadPool]: Acquiring new bigquery connection 'list_us-corn-data_us_corn_data_transformed'
[0m09:28:36.415372 [debug] [ThreadPool]: Opening a new connection, currently in state init
[0m09:28:37.367070 [debug] [MainThread]: Sending event: {'category': 'dbt', 'action': 'runnable_timing', 'label': '2142eaee-d3ea-4801-9d9d-cba0b3474836', 'context': [<snowplow_tracker.self_describing_json.SelfDescribingJson object at 0x000001F8A38FB4A0>]}
[0m09:28:37.367070 [debug] [MainThread]: Opening a new connection, currently in state init
[0m09:28:37.375656 [debug] [Thread-1 (]: Began running node model.corn_market_project.stg_corn_prices
[0m09:28:37.375656 [info ] [Thread-1 (]: 1 of 1 START sql table model us_corn_data_transformed.stg_corn_prices .......... [RUN]
[0m09:28:37.375656 [debug] [Thread-1 (]: Acquiring new bigquery connection 'model.corn_market_project.stg_corn_prices'
[0m09:28:37.379262 [debug] [Thread-1 (]: Began compiling node model.corn_market_project.stg_corn_prices
[0m09:28:37.382799 [debug] [Thread-1 (]: Writing injected SQL for node "model.corn_market_project.stg_corn_prices"
[0m09:28:37.382799 [debug] [Thread-1 (]: Began executing node model.corn_market_project.stg_corn_prices
[0m09:28:37.415642 [debug] [Thread-1 (]: Writing runtime sql for node "model.corn_market_project.stg_corn_prices"
[0m09:28:37.415642 [debug] [Thread-1 (]: On model.corn_market_project.stg_corn_prices: /* {"app": "dbt", "dbt_version": "1.11.2", "profile_name": "corn_market_project", "target_name": "dev", "node_id": "model.corn_market_project.stg_corn_prices"} */

  
    

    create or replace table `us-corn-data`.`us_corn_data_transformed`.`stg_corn_prices`
      
    
    

    
    OPTIONS()
    as (
      -- data_transformation/models/stg_corn_prices.sql

with source as (
    -- Pull data from the raw table created by your Python script
    select * from `us-corn-data`.`us_corn_data`.`us_corn_prices`
),

cleaned as (
    select
        -- 1. Select and Rename Columns
        CAST(Year as INT64) as year,
        `Data_Item` as data_item,  -- Use backticks because the column name has a space
        CAST(Value as FLOAT64) as price_per_bushel,
        
        -- Keep Period just in case we need to debug later, but we filter on it below
        Period as period

    from source
)

select
    year,
    data_item,
    price_per_bushel
from cleaned
-- 2. Apply the Logic: Only keep November records
where period = 'NOV'
order by year desc
    );
  
[0m09:28:37.430529 [debug] [Thread-1 (]: Opening a new connection, currently in state init
[0m09:28:38.618631 [debug] [Thread-1 (]: BigQuery adapter: https://console.cloud.google.com/bigquery?project=us-corn-data&j=bq:US:dda3f92e-3fd4-4c03-a172-ff274fed4c08&page=queryresults
[0m09:28:40.288234 [debug] [Thread-1 (]: SQL status: OK in 1.673 seconds
[0m09:28:40.612741 [debug] [Thread-1 (]: Sending event: {'category': 'dbt', 'action': 'run_model', 'label': '2142eaee-d3ea-4801-9d9d-cba0b3474836', 'context': [<snowplow_tracker.self_describing_json.SelfDescribingJson object at 0x000001F89D5DEF60>]}
[0m09:28:40.613757 [info ] [Thread-1 (]: 1 of 1 OK created sql table model us_corn_data_transformed.stg_corn_prices ..... [[32mCREATE TABLE (52.0 rows, 43.3 KiB processed)[0m in 3.23s]
[0m09:28:40.614740 [debug] [Thread-1 (]: Finished running node model.corn_market_project.stg_corn_prices
[0m09:28:40.617071 [debug] [MainThread]: Opening a new connection, currently in state closed
[0m09:28:40.617071 [debug] [MainThread]: Connection 'master' was properly closed.
[0m09:28:40.617071 [debug] [MainThread]: Connection 'list_us-corn-data' was properly closed.
[0m09:28:40.617071 [debug] [MainThread]: Connection 'list_us-corn-data_us_corn_data_transformed' was properly closed.
[0m09:28:40.617071 [debug] [MainThread]: Connection 'model.corn_market_project.stg_corn_prices' was properly closed.
[0m09:28:40.617071 [info ] [MainThread]: 
[0m09:28:40.617071 [info ] [MainThread]: Finished running 1 table model in 0 hours 0 minutes and 5.20 seconds (5.20s).
[0m09:28:40.617071 [debug] [MainThread]: Command end result
[0m09:28:40.633498 [debug] [MainThread]: Wrote artifact WritableManifest to C:\Users\takudzwarioga\Documents\Dev\US_Corn_Price_Analysis\data_transformation\target\manifest.json
[0m09:28:40.633498 [debug] [MainThread]: Wrote artifact SemanticManifest to C:\Users\takudzwarioga\Documents\Dev\US_Corn_Price_Analysis\data_transformation\target\semantic_manifest.json
[0m09:28:40.652334 [debug] [MainThread]: Wrote artifact RunExecutionResult to C:\Users\takudzwarioga\Documents\Dev\US_Corn_Price_Analysis\data_transformation\target\run_results.json
[0m09:28:40.652334 [info ] [MainThread]: 
[0m09:28:40.652334 [info ] [MainThread]: [32mCompleted successfully[0m
[0m09:28:40.652334 [info ] [MainThread]: 
[0m09:28:40.654832 [info ] [MainThread]: Done. PASS=1 WARN=0 ERROR=0 SKIP=0 NO-OP=0 TOTAL=1
[0m09:28:40.654832 [debug] [MainThread]: Command `dbt run` succeeded at 09:28:40.654832 after 16.45 seconds
[0m09:28:40.654832 [debug] [MainThread]: Sending event: {'category': 'dbt', 'action': 'invocation', 'label': 'end', 'context': [<snowplow_tracker.self_describing_json.SelfDescribingJson object at 0x000001F8F42F9F70>, <snowplow_tracker.self_describing_json.SelfDescribingJson object at 0x000001F8A3B09B20>, <snowplow_tracker.self_describing_json.SelfDescribingJson object at 0x000001F8A3B09880>]}
[0m09:28:40.656843 [debug] [MainThread]: Flushing usage events
[0m09:28:41.362324 [debug] [MainThread]: An error was encountered while trying to flush usage events
[0m09:52:10.316729 [debug] [MainThread]: Sending event: {'category': 'dbt', 'action': 'invocation', 'label': 'start', 'context': [<snowplow_tracker.self_describing_json.SelfDescribingJson object at 0x000001E97876CCE0>, <snowplow_tracker.self_describing_json.SelfDescribingJson object at 0x000001E97876CCB0>, <snowplow_tracker.self_describing_json.SelfDescribingJson object at 0x000001E97876CD40>]}


============================== 09:52:10.323444 | a4cca366-8707-49ba-b3c0-6ca77521cafe ==============================
[0m09:52:10.323444 [info ] [MainThread]: Running with dbt=1.11.2
[0m09:52:10.324671 [debug] [MainThread]: running dbt with arguments {'static_parser': 'True', 'no_print': 'None', 'version_check': 'True', 'warn_error_options': 'WarnErrorOptionsV2(error=[], warn=[], silence=[])', 'target_path': 'None', 'printer_width': '80', 'write_json': 'True', 'empty': 'None', 'log_cache_events': 'False', 'introspect': 'True', 'cache_selected_only': 'False', 'log_format': 'default', 'debug': 'False', 'fail_fast': 'False', 'partial_parse': 'True', 'send_anonymous_usage_stats': 'True', 'quiet': 'False', 'warn_error': 'None', 'profiles_dir': '.', 'use_colors': 'True', 'indirect_selection': 'eager', 'invocation_command': 'dbt deps --profiles-dir .', 'use_experimental_parser': 'False', 'log_path': 'C:\\Users\\takudzwarioga\\Documents\\Dev\\US_Corn_Price_Analysis\\data_transformation\\logs'}
[0m09:52:10.453197 [debug] [MainThread]: Sending event: {'category': 'dbt', 'action': 'project_id', 'label': 'a4cca366-8707-49ba-b3c0-6ca77521cafe', 'context': [<snowplow_tracker.self_describing_json.SelfDescribingJson object at 0x000001E978A623F0>]}
[0m09:52:10.485914 [info ] [MainThread]: Warning: No packages were found in packages.yml
[0m09:52:10.488901 [info ] [MainThread]: Warning: No packages were found in packages.yml
[0m09:52:10.489993 [debug] [MainThread]: Command `dbt deps` succeeded at 09:52:10.489993 after 0.33 seconds
[0m09:52:10.491015 [debug] [MainThread]: Sending event: {'category': 'dbt', 'action': 'invocation', 'label': 'end', 'context': [<snowplow_tracker.self_describing_json.SelfDescribingJson object at 0x000001E977FEB860>, <snowplow_tracker.self_describing_json.SelfDescribingJson object at 0x000001E97907EC60>, <snowplow_tracker.self_describing_json.SelfDescribingJson object at 0x000001E97A10E810>]}
[0m09:52:10.491015 [debug] [MainThread]: Flushing usage events
[0m09:52:11.329580 [debug] [MainThread]: An error was encountered while trying to flush usage events
[0m09:52:14.169285 [debug] [MainThread]: Sending event: {'category': 'dbt', 'action': 'invocation', 'label': 'start', 'context': [<snowplow_tracker.self_describing_json.SelfDescribingJson object at 0x000002368DD84980>, <snowplow_tracker.self_describing_json.SelfDescribingJson object at 0x000002368DD87A70>, <snowplow_tracker.self_describing_json.SelfDescribingJson object at 0x000002368E3EF140>]}


============================== 09:52:14.174810 | c79b4dd7-cc43-455f-915d-ad43da4e4090 ==============================
[0m09:52:14.174810 [info ] [MainThread]: Running with dbt=1.11.2
[0m09:52:14.174810 [debug] [MainThread]: running dbt with arguments {'static_parser': 'True', 'no_print': 'None', 'version_check': 'True', 'warn_error_options': 'WarnErrorOptionsV2(error=[], warn=[], silence=[])', 'target_path': 'None', 'printer_width': '80', 'write_json': 'True', 'empty': 'False', 'log_cache_events': 'False', 'introspect': 'True', 'cache_selected_only': 'False', 'fail_fast': 'False', 'debug': 'False', 'log_format': 'default', 'profiles_dir': '.', 'send_anonymous_usage_stats': 'True', 'quiet': 'False', 'warn_error': 'None', 'partial_parse': 'True', 'invocation_command': 'dbt run --profiles-dir .', 'use_colors': 'True', 'indirect_selection': 'eager', 'use_experimental_parser': 'False', 'log_path': 'C:\\Users\\takudzwarioga\\Documents\\Dev\\US_Corn_Price_Analysis\\data_transformation\\logs'}
[0m09:52:24.623158 [debug] [MainThread]: Sending event: {'category': 'dbt', 'action': 'project_id', 'label': 'c79b4dd7-cc43-455f-915d-ad43da4e4090', 'context': [<snowplow_tracker.self_describing_json.SelfDescribingJson object at 0x000002368EC46960>]}
[0m09:52:24.679681 [debug] [MainThread]: Sending event: {'category': 'dbt', 'action': 'adapter_info', 'label': 'c79b4dd7-cc43-455f-915d-ad43da4e4090', 'context': [<snowplow_tracker.self_describing_json.SelfDescribingJson object at 0x00000236BBB11E80>]}
[0m09:52:24.680683 [info ] [MainThread]: Registered adapter: bigquery=1.11.0
[0m09:52:25.266276 [debug] [MainThread]: checksum: 3d40d8bbe1bef07db1c24822f2dbfff8bc07f2a48ed4fe2658a40653aec0b54b, vars: {}, profile: , target: , version: 1.11.2
[0m09:52:25.406098 [debug] [MainThread]: Partial parsing enabled: 0 files deleted, 0 files added, 0 files changed.
[0m09:52:25.407102 [debug] [MainThread]: Nothing changed, skipping partial parsing.
[0m09:52:25.407102 [debug] [MainThread]: Partial parsing enabled, no changes found, skipping parsing
[0m09:52:25.437795 [debug] [MainThread]: Sending event: {'category': 'dbt', 'action': 'load_project', 'label': 'c79b4dd7-cc43-455f-915d-ad43da4e4090', 'context': [<snowplow_tracker.self_describing_json.SelfDescribingJson object at 0x00000236BDD2D160>]}
[0m09:52:25.504429 [debug] [MainThread]: Wrote artifact WritableManifest to C:\Users\takudzwarioga\Documents\Dev\US_Corn_Price_Analysis\data_transformation\target\manifest.json
[0m09:52:25.507435 [debug] [MainThread]: Wrote artifact SemanticManifest to C:\Users\takudzwarioga\Documents\Dev\US_Corn_Price_Analysis\data_transformation\target\semantic_manifest.json
[0m09:52:25.546769 [debug] [MainThread]: Sending event: {'category': 'dbt', 'action': 'resource_counts', 'label': 'c79b4dd7-cc43-455f-915d-ad43da4e4090', 'context': [<snowplow_tracker.self_describing_json.SelfDescribingJson object at 0x00000236BE186870>]}
[0m09:52:25.546769 [info ] [MainThread]: Found 1 model, 5 sources, 537 macros
[0m09:52:25.546769 [debug] [MainThread]: Sending event: {'category': 'dbt', 'action': 'runnable_timing', 'label': 'c79b4dd7-cc43-455f-915d-ad43da4e4090', 'context': [<snowplow_tracker.self_describing_json.SelfDescribingJson object at 0x00000236BDB96480>]}
[0m09:52:25.549230 [info ] [MainThread]: 
[0m09:52:25.550500 [info ] [MainThread]: Concurrency: 1 threads (target='dev')
[0m09:52:25.550500 [info ] [MainThread]: 
[0m09:52:25.551687 [debug] [MainThread]: Acquiring new bigquery connection 'master'
[0m09:52:25.554233 [debug] [ThreadPool]: Acquiring new bigquery connection 'list_us-corn-data'
[0m09:52:25.554233 [debug] [ThreadPool]: Opening a new connection, currently in state init
[0m09:52:26.546006 [debug] [ThreadPool]: Acquiring new bigquery connection 'list_us-corn-data_us_corn_data_transformed'
[0m09:52:26.547008 [debug] [ThreadPool]: Opening a new connection, currently in state init
[0m09:52:27.528038 [debug] [MainThread]: Sending event: {'category': 'dbt', 'action': 'runnable_timing', 'label': 'c79b4dd7-cc43-455f-915d-ad43da4e4090', 'context': [<snowplow_tracker.self_describing_json.SelfDescribingJson object at 0x00000236BE14F2F0>]}
[0m09:52:27.529038 [debug] [MainThread]: Opening a new connection, currently in state init
[0m09:52:27.537524 [debug] [Thread-1 (]: Began running node model.corn_market_project.stg_corn_prices
[0m09:52:27.538565 [info ] [Thread-1 (]: 1 of 1 START sql table model us_corn_data_transformed.stg_corn_prices .......... [RUN]
[0m09:52:27.539550 [debug] [Thread-1 (]: Acquiring new bigquery connection 'model.corn_market_project.stg_corn_prices'
[0m09:52:27.540547 [debug] [Thread-1 (]: Began compiling node model.corn_market_project.stg_corn_prices
[0m09:52:27.549974 [debug] [Thread-1 (]: Writing injected SQL for node "model.corn_market_project.stg_corn_prices"
[0m09:52:27.549974 [debug] [Thread-1 (]: Began executing node model.corn_market_project.stg_corn_prices
[0m09:52:27.565257 [debug] [Thread-1 (]: Opening a new connection, currently in state init
[0m09:52:28.523272 [debug] [Thread-1 (]: Writing runtime sql for node "model.corn_market_project.stg_corn_prices"
[0m09:52:28.523272 [debug] [Thread-1 (]: On model.corn_market_project.stg_corn_prices: /* {"app": "dbt", "dbt_version": "1.11.2", "profile_name": "corn_market_project", "target_name": "dev", "node_id": "model.corn_market_project.stg_corn_prices"} */

  
    

    create or replace table `us-corn-data`.`us_corn_data_transformed`.`stg_corn_prices`
      
    
    

    
    OPTIONS()
    as (
      -- data_transformation/models/stg_corn_prices.sql

with source as (
    -- Pull data from the raw table created by your Python script
    select * from `us-corn-data`.`us_corn_data`.`us_corn_prices`
),

cleaned as (
    select
        -- 1. Select and Rename Columns
        CAST(Year as INT64) as year,
        `Data_Item` as data_item,  -- Use backticks because the column name has a space
        CAST(Value as FLOAT64) as price_per_bushel,
        
        -- Keep Period just in case we need to debug later, but we filter on it below
        Period as period

    from source
)

select
    year,
    data_item,
    price_per_bushel
from cleaned
-- 2. Apply the Logic: Only keep November records
where period = 'NOV'
order by year desc
    );
  
[0m09:52:29.006492 [debug] [Thread-1 (]: BigQuery adapter: https://console.cloud.google.com/bigquery?project=us-corn-data&j=bq:US:ca61d67d-eb42-4ce7-81ac-edb4c1e5f6c5&page=queryresults
[0m09:52:30.868437 [debug] [Thread-1 (]: SQL status: OK in 1.861 seconds
[0m09:52:31.225619 [debug] [Thread-1 (]: Sending event: {'category': 'dbt', 'action': 'run_model', 'label': 'c79b4dd7-cc43-455f-915d-ad43da4e4090', 'context': [<snowplow_tracker.self_describing_json.SelfDescribingJson object at 0x00000236B7E56AB0>]}
[0m09:52:31.225619 [info ] [Thread-1 (]: 1 of 1 OK created sql table model us_corn_data_transformed.stg_corn_prices ..... [[32mCREATE TABLE (104.0 rows, 86.5 KiB processed)[0m in 3.69s]
[0m09:52:31.227614 [debug] [Thread-1 (]: Finished running node model.corn_market_project.stg_corn_prices
[0m09:52:31.229618 [debug] [MainThread]: Opening a new connection, currently in state closed
[0m09:52:31.231609 [debug] [MainThread]: Connection 'master' was properly closed.
[0m09:52:31.231609 [debug] [MainThread]: Connection 'list_us-corn-data' was properly closed.
[0m09:52:31.231609 [debug] [MainThread]: Connection 'list_us-corn-data_us_corn_data_transformed' was properly closed.
[0m09:52:31.231609 [debug] [MainThread]: Connection 'model.corn_market_project.stg_corn_prices' was properly closed.
[0m09:52:31.232618 [info ] [MainThread]: 
[0m09:52:31.232618 [info ] [MainThread]: Finished running 1 table model in 0 hours 0 minutes and 5.68 seconds (5.68s).
[0m09:52:31.234618 [debug] [MainThread]: Command end result
[0m09:52:31.257826 [debug] [MainThread]: Wrote artifact WritableManifest to C:\Users\takudzwarioga\Documents\Dev\US_Corn_Price_Analysis\data_transformation\target\manifest.json
[0m09:52:31.260813 [debug] [MainThread]: Wrote artifact SemanticManifest to C:\Users\takudzwarioga\Documents\Dev\US_Corn_Price_Analysis\data_transformation\target\semantic_manifest.json
[0m09:52:31.265822 [debug] [MainThread]: Wrote artifact RunExecutionResult to C:\Users\takudzwarioga\Documents\Dev\US_Corn_Price_Analysis\data_transformation\target\run_results.json
[0m09:52:31.266958 [info ] [MainThread]: 
[0m09:52:31.267813 [info ] [MainThread]: [32mCompleted successfully[0m
[0m09:52:31.268826 [info ] [MainThread]: 
[0m09:52:31.269814 [info ] [MainThread]: Done. PASS=1 WARN=0 ERROR=0 SKIP=0 NO-OP=0 TOTAL=1
[0m09:52:31.270823 [debug] [MainThread]: Command `dbt run` succeeded at 09:52:31.270823 after 17.24 seconds
[0m09:52:31.270823 [debug] [MainThread]: Sending event: {'category': 'dbt', 'action': 'invocation', 'label': 'end', 'context': [<snowplow_tracker.self_describing_json.SelfDescribingJson object at 0x000002368E3EF140>, <snowplow_tracker.self_describing_json.SelfDescribingJson object at 0x000002368DD5B230>, <snowplow_tracker.self_describing_json.SelfDescribingJson object at 0x000002368DD5AC90>]}
[0m09:52:31.271813 [debug] [MainThread]: Flushing usage events
[0m09:52:31.970534 [debug] [MainThread]: An error was encountered while trying to flush usage events
[0m10:37:07.090259 [debug] [MainThread]: Sending event: {'category': 'dbt', 'action': 'invocation', 'label': 'start', 'context': [<snowplow_tracker.self_describing_json.SelfDescribingJson object at 0x000001E24016A1B0>, <snowplow_tracker.self_describing_json.SelfDescribingJson object at 0x000001E24284ADE0>, <snowplow_tracker.self_describing_json.SelfDescribingJson object at 0x000001E2428480E0>]}


============================== 10:37:07.097549 | fd27b72b-64e6-4b0d-9abc-f83f3df76b8a ==============================
[0m10:37:07.097549 [info ] [MainThread]: Running with dbt=1.11.2
[0m10:37:07.098565 [debug] [MainThread]: running dbt with arguments {'version_check': 'True', 'no_print': 'None', 'static_parser': 'True', 'warn_error_options': 'WarnErrorOptionsV2(error=[], warn=[], silence=[])', 'target_path': 'None', 'printer_width': '80', 'write_json': 'True', 'introspect': 'True', 'log_cache_events': 'False', 'empty': 'None', 'cache_selected_only': 'False', 'fail_fast': 'False', 'debug': 'False', 'log_format': 'default', 'partial_parse': 'True', 'send_anonymous_usage_stats': 'True', 'quiet': 'False', 'warn_error': 'None', 'profiles_dir': '.', 'invocation_command': 'dbt deps --profiles-dir .', 'indirect_selection': 'eager', 'use_colors': 'True', 'use_experimental_parser': 'False', 'log_path': 'C:\\Users\\takudzwarioga\\Documents\\Dev\\US_Corn_Price_Analysis\\data_transformation\\logs'}
[0m10:37:07.226073 [debug] [MainThread]: Sending event: {'category': 'dbt', 'action': 'project_id', 'label': 'fd27b72b-64e6-4b0d-9abc-f83f3df76b8a', 'context': [<snowplow_tracker.self_describing_json.SelfDescribingJson object at 0x000001E243696D20>]}
[0m10:37:07.265639 [info ] [MainThread]: Warning: No packages were found in packages.yml
[0m10:37:07.267167 [info ] [MainThread]: Warning: No packages were found in packages.yml
[0m10:37:07.268698 [debug] [MainThread]: Command `dbt deps` succeeded at 10:37:07.268698 after 0.34 seconds
[0m10:37:07.269736 [debug] [MainThread]: Sending event: {'category': 'dbt', 'action': 'invocation', 'label': 'end', 'context': [<snowplow_tracker.self_describing_json.SelfDescribingJson object at 0x000001E24330F1D0>, <snowplow_tracker.self_describing_json.SelfDescribingJson object at 0x000001E24330F140>, <snowplow_tracker.self_describing_json.SelfDescribingJson object at 0x000001E24330F170>]}
[0m10:37:07.269736 [debug] [MainThread]: Flushing usage events
[0m10:37:08.051940 [debug] [MainThread]: An error was encountered while trying to flush usage events
[0m10:37:10.912618 [debug] [MainThread]: Sending event: {'category': 'dbt', 'action': 'invocation', 'label': 'start', 'context': [<snowplow_tracker.self_describing_json.SelfDescribingJson object at 0x00000276DA8F71A0>, <snowplow_tracker.self_describing_json.SelfDescribingJson object at 0x00000276DCBA0A10>, <snowplow_tracker.self_describing_json.SelfDescribingJson object at 0x00000276DCBA18E0>]}


============================== 10:37:10.919113 | ec08ae23-c564-427c-ad04-ee46e681cf67 ==============================
[0m10:37:10.919113 [info ] [MainThread]: Running with dbt=1.11.2
[0m10:37:10.920111 [debug] [MainThread]: running dbt with arguments {'static_parser': 'True', 'no_print': 'None', 'version_check': 'True', 'target_path': 'None', 'warn_error_options': 'WarnErrorOptionsV2(error=[], warn=[], silence=[])', 'printer_width': '80', 'write_json': 'True', 'introspect': 'True', 'log_cache_events': 'False', 'empty': 'False', 'cache_selected_only': 'False', 'log_format': 'default', 'debug': 'False', 'fail_fast': 'False', 'profiles_dir': '.', 'send_anonymous_usage_stats': 'True', 'quiet': 'False', 'warn_error': 'None', 'partial_parse': 'True', 'indirect_selection': 'eager', 'use_colors': 'True', 'invocation_command': 'dbt run --profiles-dir .', 'use_experimental_parser': 'False', 'log_path': 'C:\\Users\\takudzwarioga\\Documents\\Dev\\US_Corn_Price_Analysis\\data_transformation\\logs'}
[0m10:37:22.382890 [debug] [MainThread]: Sending event: {'category': 'dbt', 'action': 'project_id', 'label': 'ec08ae23-c564-427c-ad04-ee46e681cf67', 'context': [<snowplow_tracker.self_describing_json.SelfDescribingJson object at 0x000002768668E090>]}
[0m10:37:22.460552 [debug] [MainThread]: Sending event: {'category': 'dbt', 'action': 'adapter_info', 'label': 'ec08ae23-c564-427c-ad04-ee46e681cf67', 'context': [<snowplow_tracker.self_describing_json.SelfDescribingJson object at 0x000002768BF79760>]}
[0m10:37:22.460552 [info ] [MainThread]: Registered adapter: bigquery=1.11.0
[0m10:37:23.070702 [debug] [MainThread]: checksum: 3d40d8bbe1bef07db1c24822f2dbfff8bc07f2a48ed4fe2658a40653aec0b54b, vars: {}, profile: , target: , version: 1.11.2
[0m10:37:23.206671 [debug] [MainThread]: Partial parsing enabled: 0 files deleted, 1 files added, 0 files changed.
[0m10:37:23.207673 [debug] [MainThread]: Partial parsing: added file: corn_market_project://models\stg_corn_supply_demand.sql
[0m10:37:23.454544 [debug] [MainThread]: Sending event: {'category': 'dbt', 'action': 'load_project', 'label': 'ec08ae23-c564-427c-ad04-ee46e681cf67', 'context': [<snowplow_tracker.self_describing_json.SelfDescribingJson object at 0x000002768CAA5430>]}
[0m10:37:23.520039 [debug] [MainThread]: Wrote artifact WritableManifest to C:\Users\takudzwarioga\Documents\Dev\US_Corn_Price_Analysis\data_transformation\target\manifest.json
[0m10:37:23.523803 [debug] [MainThread]: Wrote artifact SemanticManifest to C:\Users\takudzwarioga\Documents\Dev\US_Corn_Price_Analysis\data_transformation\target\semantic_manifest.json
[0m10:37:23.556682 [debug] [MainThread]: Sending event: {'category': 'dbt', 'action': 'resource_counts', 'label': 'ec08ae23-c564-427c-ad04-ee46e681cf67', 'context': [<snowplow_tracker.self_describing_json.SelfDescribingJson object at 0x000002768C3DE810>]}
[0m10:37:23.556682 [info ] [MainThread]: Found 2 models, 5 sources, 537 macros
[0m10:37:23.556682 [debug] [MainThread]: Sending event: {'category': 'dbt', 'action': 'runnable_timing', 'label': 'ec08ae23-c564-427c-ad04-ee46e681cf67', 'context': [<snowplow_tracker.self_describing_json.SelfDescribingJson object at 0x000002768CC9D160>]}
[0m10:37:23.561152 [info ] [MainThread]: 
[0m10:37:23.561152 [info ] [MainThread]: Concurrency: 1 threads (target='dev')
[0m10:37:23.564637 [info ] [MainThread]: 
[0m10:37:23.564637 [debug] [MainThread]: Acquiring new bigquery connection 'master'
[0m10:37:23.566011 [debug] [ThreadPool]: Acquiring new bigquery connection 'list_us-corn-data'
[0m10:37:23.566011 [debug] [ThreadPool]: Opening a new connection, currently in state init
[0m10:37:24.543326 [debug] [ThreadPool]: Acquiring new bigquery connection 'list_us-corn-data_us_corn_data_transformed'
[0m10:37:24.544342 [debug] [ThreadPool]: Opening a new connection, currently in state init
[0m10:37:25.473430 [debug] [MainThread]: Sending event: {'category': 'dbt', 'action': 'runnable_timing', 'label': 'ec08ae23-c564-427c-ad04-ee46e681cf67', 'context': [<snowplow_tracker.self_describing_json.SelfDescribingJson object at 0x000002768C5E7350>]}
[0m10:37:25.473430 [debug] [MainThread]: Opening a new connection, currently in state init
[0m10:37:25.480409 [debug] [Thread-1 (]: Began running node model.corn_market_project.stg_corn_prices
[0m10:37:25.481865 [info ] [Thread-1 (]: 1 of 2 START sql table model us_corn_data_transformed.stg_corn_prices .......... [RUN]
[0m10:37:25.482867 [debug] [Thread-1 (]: Acquiring new bigquery connection 'model.corn_market_project.stg_corn_prices'
[0m10:37:25.483879 [debug] [Thread-1 (]: Began compiling node model.corn_market_project.stg_corn_prices
[0m10:37:25.491918 [debug] [Thread-1 (]: Writing injected SQL for node "model.corn_market_project.stg_corn_prices"
[0m10:37:25.492952 [debug] [Thread-1 (]: Began executing node model.corn_market_project.stg_corn_prices
[0m10:37:25.508932 [debug] [Thread-1 (]: Opening a new connection, currently in state init
[0m10:37:26.433594 [debug] [Thread-1 (]: Writing runtime sql for node "model.corn_market_project.stg_corn_prices"
[0m10:37:26.448078 [debug] [Thread-1 (]: On model.corn_market_project.stg_corn_prices: /* {"app": "dbt", "dbt_version": "1.11.2", "profile_name": "corn_market_project", "target_name": "dev", "node_id": "model.corn_market_project.stg_corn_prices"} */

  
    

    create or replace table `us-corn-data`.`us_corn_data_transformed`.`stg_corn_prices`
      
    
    

    
    OPTIONS()
    as (
      -- data_transformation/models/stg_corn_prices.sql

with source as (
    -- Pull data from the raw table created by your Python script
    select * from `us-corn-data`.`us_corn_data`.`us_corn_prices`
),

cleaned as (
    select
        -- 1. Select and Rename Columns
        CAST(Year as INT64) as year,
        `Data_Item` as data_item,  -- Use backticks because the column name has a space
        CAST(Value as FLOAT64) as price_per_bushel,
        
        -- Keep Period just in case we need to debug later, but we filter on it below
        Period as period

    from source
)

select
    year,
    data_item,
    price_per_bushel
from cleaned
-- 2. Apply the Logic: Only keep November records
where period = 'NOV'
order by year desc
    );
  
[0m10:37:26.897648 [debug] [Thread-1 (]: BigQuery adapter: https://console.cloud.google.com/bigquery?project=us-corn-data&j=bq:US:95fff3fd-8e4b-454f-82e9-d57940aeb409&page=queryresults
[0m10:37:28.680196 [debug] [Thread-1 (]: SQL status: OK in 1.771 seconds
[0m10:37:29.033165 [debug] [Thread-1 (]: Sending event: {'category': 'dbt', 'action': 'run_model', 'label': 'ec08ae23-c564-427c-ad04-ee46e681cf67', 'context': [<snowplow_tracker.self_describing_json.SelfDescribingJson object at 0x00000276867468A0>]}
[0m10:37:29.035428 [info ] [Thread-1 (]: 1 of 2 OK created sql table model us_corn_data_transformed.stg_corn_prices ..... [[32mCREATE TABLE (104.0 rows, 86.5 KiB processed)[0m in 3.55s]
[0m10:37:29.037328 [debug] [Thread-1 (]: Finished running node model.corn_market_project.stg_corn_prices
[0m10:37:29.038353 [debug] [Thread-1 (]: Began running node model.corn_market_project.stg_corn_supply_demand
[0m10:37:29.038353 [info ] [Thread-1 (]: 2 of 2 START sql table model us_corn_data_transformed.stg_corn_supply_demand ... [RUN]
[0m10:37:29.039356 [debug] [Thread-1 (]: Re-using an available connection from the pool (formerly model.corn_market_project.stg_corn_prices, now model.corn_market_project.stg_corn_supply_demand)
[0m10:37:29.039356 [debug] [Thread-1 (]: Began compiling node model.corn_market_project.stg_corn_supply_demand
[0m10:37:29.043365 [debug] [Thread-1 (]: Writing injected SQL for node "model.corn_market_project.stg_corn_supply_demand"
[0m10:37:29.044376 [debug] [Thread-1 (]: Began executing node model.corn_market_project.stg_corn_supply_demand
[0m10:37:29.047398 [debug] [Thread-1 (]: Writing runtime sql for node "model.corn_market_project.stg_corn_supply_demand"
[0m10:37:29.049400 [debug] [Thread-1 (]: On model.corn_market_project.stg_corn_supply_demand: /* {"app": "dbt", "dbt_version": "1.11.2", "profile_name": "corn_market_project", "target_name": "dev", "node_id": "model.corn_market_project.stg_corn_supply_demand"} */

  
    

    create or replace table `us-corn-data`.`us_corn_data_transformed`.`stg_corn_supply_demand`
      
    
    

    
    OPTIONS()
    as (
      with source as (
    select * from `us-corn-data`.`us_corn_data`.`us_corn_supply_demand`
),

cleaned as (
    select
        -- 1. Fix the Year (Float -> Integer)
        CAST(Year as INT64) as year,

        -- 2. Select metrics we need (using sanitized column names)
        Total_Supply as total_supply,
        Total_Usage as total_usage,
        Ending_Stocks as ending_stocks,
        
        -- Optional: Keep other useful columns
        Planted_Acres as planted_acres,
        Harvested_Acres as harvested_acres,
        Actual_Yield as actual_yield,
        Production as production

    from source
),

calculated as (
    select
        *,
        -- 3. Calculate Stock-to-Use Ratio
        -- Formula: (Ending Stocks / Total Usage)
        -- Use SAFE_DIVIDE to prevent errors if Usage is ever 0
        SAFE_DIVIDE(ending_stocks, total_usage) as stock_to_use_ratio

    from cleaned
)

select * from calculated
order by year desc
    );
  
[0m10:37:29.049400 [debug] [Thread-1 (]: Opening a new connection, currently in state closed
[0m10:37:30.260668 [debug] [Thread-1 (]: BigQuery adapter: https://console.cloud.google.com/bigquery?project=us-corn-data&j=bq:US:1ab48f54-5089-4990-b540-d8da8373e512&page=queryresults
[0m10:37:32.237067 [debug] [Thread-1 (]: SQL status: OK in 1.976 seconds
[0m10:37:32.472084 [debug] [Thread-1 (]: Sending event: {'category': 'dbt', 'action': 'run_model', 'label': 'ec08ae23-c564-427c-ad04-ee46e681cf67', 'context': [<snowplow_tracker.self_describing_json.SelfDescribingJson object at 0x000002768CC56C90>]}
[0m10:37:32.473540 [info ] [Thread-1 (]: 2 of 2 OK created sql table model us_corn_data_transformed.stg_corn_supply_demand  [[32mCREATE TABLE (52.0 rows, 3.2 KiB processed)[0m in 3.43s]
[0m10:37:32.475576 [debug] [Thread-1 (]: Finished running node model.corn_market_project.stg_corn_supply_demand
[0m10:37:32.478587 [debug] [MainThread]: Opening a new connection, currently in state closed
[0m10:37:32.480578 [debug] [MainThread]: Connection 'master' was properly closed.
[0m10:37:32.481627 [debug] [MainThread]: Connection 'list_us-corn-data' was properly closed.
[0m10:37:32.481627 [debug] [MainThread]: Connection 'list_us-corn-data_us_corn_data_transformed' was properly closed.
[0m10:37:32.481627 [debug] [MainThread]: Connection 'model.corn_market_project.stg_corn_supply_demand' was properly closed.
[0m10:37:32.482588 [info ] [MainThread]: 
[0m10:37:32.483578 [info ] [MainThread]: Finished running 2 table models in 0 hours 0 minutes and 8.92 seconds (8.92s).
[0m10:37:32.485115 [debug] [MainThread]: Command end result
[0m10:37:32.508126 [debug] [MainThread]: Wrote artifact WritableManifest to C:\Users\takudzwarioga\Documents\Dev\US_Corn_Price_Analysis\data_transformation\target\manifest.json
[0m10:37:32.511129 [debug] [MainThread]: Wrote artifact SemanticManifest to C:\Users\takudzwarioga\Documents\Dev\US_Corn_Price_Analysis\data_transformation\target\semantic_manifest.json
[0m10:37:32.517126 [debug] [MainThread]: Wrote artifact RunExecutionResult to C:\Users\takudzwarioga\Documents\Dev\US_Corn_Price_Analysis\data_transformation\target\run_results.json
[0m10:37:32.517126 [info ] [MainThread]: 
[0m10:37:32.519126 [info ] [MainThread]: [32mCompleted successfully[0m
[0m10:37:32.519126 [info ] [MainThread]: 
[0m10:37:32.520126 [info ] [MainThread]: Done. PASS=2 WARN=0 ERROR=0 SKIP=0 NO-OP=0 TOTAL=2
[0m10:37:32.521126 [debug] [MainThread]: Command `dbt run` succeeded at 10:37:32.521126 after 21.75 seconds
[0m10:37:32.521126 [debug] [MainThread]: Sending event: {'category': 'dbt', 'action': 'invocation', 'label': 'end', 'context': [<snowplow_tracker.self_describing_json.SelfDescribingJson object at 0x00000276DC4B7FB0>, <snowplow_tracker.self_describing_json.SelfDescribingJson object at 0x000002768CA98230>, <snowplow_tracker.self_describing_json.SelfDescribingJson object at 0x000002768CA9B770>]}
[0m10:37:32.522126 [debug] [MainThread]: Flushing usage events
[0m10:37:33.236543 [debug] [MainThread]: An error was encountered while trying to flush usage events
[0m10:43:45.498366 [debug] [MainThread]: Sending event: {'category': 'dbt', 'action': 'invocation', 'label': 'start', 'context': [<snowplow_tracker.self_describing_json.SelfDescribingJson object at 0x000001F7D4F2F8F0>, <snowplow_tracker.self_describing_json.SelfDescribingJson object at 0x000001F7D2DAB860>, <snowplow_tracker.self_describing_json.SelfDescribingJson object at 0x000001F7D21F9A60>]}


============================== 10:43:45.501510 | b954bd0d-2775-4638-9d21-afa500284b33 ==============================
[0m10:43:45.501510 [info ] [MainThread]: Running with dbt=1.11.2
[0m10:43:45.501510 [debug] [MainThread]: running dbt with arguments {'version_check': 'True', 'no_print': 'None', 'static_parser': 'True', 'warn_error_options': 'WarnErrorOptionsV2(error=[], warn=[], silence=[])', 'target_path': 'None', 'printer_width': '80', 'write_json': 'True', 'introspect': 'True', 'log_cache_events': 'False', 'empty': 'None', 'cache_selected_only': 'False', 'log_format': 'default', 'debug': 'False', 'fail_fast': 'False', 'profiles_dir': '.', 'send_anonymous_usage_stats': 'True', 'quiet': 'False', 'warn_error': 'None', 'partial_parse': 'True', 'indirect_selection': 'eager', 'invocation_command': 'dbt deps --profiles-dir .', 'use_colors': 'True', 'use_experimental_parser': 'False', 'log_path': 'C:\\Users\\takudzwarioga\\Documents\\Dev\\US_Corn_Price_Analysis\\data_transformation\\logs'}
[0m10:43:45.630279 [debug] [MainThread]: Sending event: {'category': 'dbt', 'action': 'project_id', 'label': 'b954bd0d-2775-4638-9d21-afa500284b33', 'context': [<snowplow_tracker.self_describing_json.SelfDescribingJson object at 0x000001F7D57655E0>]}
[0m10:43:45.665062 [info ] [MainThread]: Warning: No packages were found in packages.yml
[0m10:43:45.667526 [info ] [MainThread]: Warning: No packages were found in packages.yml
[0m10:43:45.669023 [debug] [MainThread]: Command `dbt deps` succeeded at 10:43:45.669023 after 0.33 seconds
[0m10:43:45.670021 [debug] [MainThread]: Sending event: {'category': 'dbt', 'action': 'invocation', 'label': 'end', 'context': [<snowplow_tracker.self_describing_json.SelfDescribingJson object at 0x000001F7D53B6C00>, <snowplow_tracker.self_describing_json.SelfDescribingJson object at 0x000001F7D53B7FE0>, <snowplow_tracker.self_describing_json.SelfDescribingJson object at 0x000001F7D5362630>]}
[0m10:43:45.670021 [debug] [MainThread]: Flushing usage events
[0m10:43:46.441106 [debug] [MainThread]: An error was encountered while trying to flush usage events
[0m10:43:49.258384 [debug] [MainThread]: Sending event: {'category': 'dbt', 'action': 'invocation', 'label': 'start', 'context': [<snowplow_tracker.self_describing_json.SelfDescribingJson object at 0x000002A8EE855670>, <snowplow_tracker.self_describing_json.SelfDescribingJson object at 0x000002A8F14C6D50>, <snowplow_tracker.self_describing_json.SelfDescribingJson object at 0x000002A8F14C6CC0>]}


============================== 10:43:49.258384 | da5135a0-787a-48e6-ad1a-5b64f0e2d5cd ==============================
[0m10:43:49.258384 [info ] [MainThread]: Running with dbt=1.11.2
[0m10:43:49.258384 [debug] [MainThread]: running dbt with arguments {'version_check': 'True', 'no_print': 'None', 'static_parser': 'True', 'target_path': 'None', 'warn_error_options': 'WarnErrorOptionsV2(error=[], warn=[], silence=[])', 'printer_width': '80', 'write_json': 'True', 'introspect': 'True', 'log_cache_events': 'False', 'empty': 'False', 'cache_selected_only': 'False', 'log_format': 'default', 'debug': 'False', 'fail_fast': 'False', 'profiles_dir': '.', 'send_anonymous_usage_stats': 'True', 'quiet': 'False', 'warn_error': 'None', 'partial_parse': 'True', 'invocation_command': 'dbt run --profiles-dir .', 'use_colors': 'True', 'indirect_selection': 'eager', 'use_experimental_parser': 'False', 'log_path': 'C:\\Users\\takudzwarioga\\Documents\\Dev\\US_Corn_Price_Analysis\\data_transformation\\logs'}
[0m10:43:59.084797 [debug] [MainThread]: Sending event: {'category': 'dbt', 'action': 'project_id', 'label': 'da5135a0-787a-48e6-ad1a-5b64f0e2d5cd', 'context': [<snowplow_tracker.self_describing_json.SelfDescribingJson object at 0x000002A8A171BD10>]}
[0m10:43:59.150269 [debug] [MainThread]: Sending event: {'category': 'dbt', 'action': 'adapter_info', 'label': 'da5135a0-787a-48e6-ad1a-5b64f0e2d5cd', 'context': [<snowplow_tracker.self_describing_json.SelfDescribingJson object at 0x000002A8A14706E0>]}
[0m10:43:59.151260 [info ] [MainThread]: Registered adapter: bigquery=1.11.0
[0m10:43:59.786780 [debug] [MainThread]: checksum: 3d40d8bbe1bef07db1c24822f2dbfff8bc07f2a48ed4fe2658a40653aec0b54b, vars: {}, profile: , target: , version: 1.11.2
[0m10:43:59.922874 [debug] [MainThread]: Partial parsing enabled: 0 files deleted, 0 files added, 0 files changed.
[0m10:43:59.922874 [debug] [MainThread]: Nothing changed, skipping partial parsing.
[0m10:43:59.923879 [debug] [MainThread]: Partial parsing enabled, no changes found, skipping parsing
[0m10:43:59.944770 [debug] [MainThread]: Sending event: {'category': 'dbt', 'action': 'load_project', 'label': 'da5135a0-787a-48e6-ad1a-5b64f0e2d5cd', 'context': [<snowplow_tracker.self_describing_json.SelfDescribingJson object at 0x000002A8A1C1FF80>]}
[0m10:44:00.019716 [debug] [MainThread]: Wrote artifact WritableManifest to C:\Users\takudzwarioga\Documents\Dev\US_Corn_Price_Analysis\data_transformation\target\manifest.json
[0m10:44:00.026008 [debug] [MainThread]: Wrote artifact SemanticManifest to C:\Users\takudzwarioga\Documents\Dev\US_Corn_Price_Analysis\data_transformation\target\semantic_manifest.json
[0m10:44:00.055803 [debug] [MainThread]: Sending event: {'category': 'dbt', 'action': 'resource_counts', 'label': 'da5135a0-787a-48e6-ad1a-5b64f0e2d5cd', 'context': [<snowplow_tracker.self_describing_json.SelfDescribingJson object at 0x000002A8A1C60890>]}
[0m10:44:00.055803 [info ] [MainThread]: Found 2 models, 5 sources, 537 macros
[0m10:44:00.055803 [debug] [MainThread]: Sending event: {'category': 'dbt', 'action': 'runnable_timing', 'label': 'da5135a0-787a-48e6-ad1a-5b64f0e2d5cd', 'context': [<snowplow_tracker.self_describing_json.SelfDescribingJson object at 0x000002A8A1B0F920>]}
[0m10:44:00.055803 [info ] [MainThread]: 
[0m10:44:00.055803 [info ] [MainThread]: Concurrency: 1 threads (target='dev')
[0m10:44:00.055803 [info ] [MainThread]: 
[0m10:44:00.055803 [debug] [MainThread]: Acquiring new bigquery connection 'master'
[0m10:44:00.055803 [debug] [ThreadPool]: Acquiring new bigquery connection 'list_us-corn-data'
[0m10:44:00.055803 [debug] [ThreadPool]: Opening a new connection, currently in state init
[0m10:44:01.063053 [debug] [ThreadPool]: Acquiring new bigquery connection 'list_us-corn-data_us_corn_data_transformed'
[0m10:44:01.063053 [debug] [ThreadPool]: Opening a new connection, currently in state init
[0m10:44:02.035147 [debug] [MainThread]: Sending event: {'category': 'dbt', 'action': 'runnable_timing', 'label': 'da5135a0-787a-48e6-ad1a-5b64f0e2d5cd', 'context': [<snowplow_tracker.self_describing_json.SelfDescribingJson object at 0x000002A8A1587050>]}
[0m10:44:02.035147 [debug] [MainThread]: Opening a new connection, currently in state init
[0m10:44:02.043582 [debug] [Thread-1 (]: Began running node model.corn_market_project.stg_corn_prices
[0m10:44:02.044592 [info ] [Thread-1 (]: 1 of 2 START sql table model us_corn_data_transformed.stg_corn_prices .......... [RUN]
[0m10:44:02.045605 [debug] [Thread-1 (]: Acquiring new bigquery connection 'model.corn_market_project.stg_corn_prices'
[0m10:44:02.045605 [debug] [Thread-1 (]: Began compiling node model.corn_market_project.stg_corn_prices
[0m10:44:02.056605 [debug] [Thread-1 (]: Writing injected SQL for node "model.corn_market_project.stg_corn_prices"
[0m10:44:02.057605 [debug] [Thread-1 (]: Began executing node model.corn_market_project.stg_corn_prices
[0m10:44:02.076158 [debug] [Thread-1 (]: Opening a new connection, currently in state init
[0m10:44:03.107035 [debug] [Thread-1 (]: Writing runtime sql for node "model.corn_market_project.stg_corn_prices"
[0m10:44:03.108036 [debug] [Thread-1 (]: On model.corn_market_project.stg_corn_prices: /* {"app": "dbt", "dbt_version": "1.11.2", "profile_name": "corn_market_project", "target_name": "dev", "node_id": "model.corn_market_project.stg_corn_prices"} */

  
    

    create or replace table `us-corn-data`.`us_corn_data_transformed`.`stg_corn_prices`
      
    
    

    
    OPTIONS()
    as (
      -- data_transformation/models/stg_corn_prices.sql

with source as (
    -- Pull data from the raw table created by your Python script
    select * from `us-corn-data`.`us_corn_data`.`us_corn_prices`
),

cleaned as (
    select
        -- 1. Select and Rename Columns
        CAST(Year as INT64) as year,
        `Data_Item` as data_item,  -- Use backticks because the column name has a space
        CAST(Value as FLOAT64) as price_per_bushel,
        
        -- Keep Period just in case we need to debug later, but we filter on it below
        Period as period

    from source
)

select
    year,
    data_item,
    price_per_bushel
from cleaned
-- 2. Apply the Logic: Only keep November records
where period = 'NOV'
order by year desc
    );
  
[0m10:44:03.577966 [debug] [Thread-1 (]: BigQuery adapter: https://console.cloud.google.com/bigquery?project=us-corn-data&j=bq:US:0cfac81e-1e7f-4916-a484-cdba5d76dce8&page=queryresults
[0m10:44:05.270432 [debug] [Thread-1 (]: SQL status: OK in 1.692 seconds
[0m10:44:05.623238 [debug] [Thread-1 (]: Sending event: {'category': 'dbt', 'action': 'run_model', 'label': 'da5135a0-787a-48e6-ad1a-5b64f0e2d5cd', 'context': [<snowplow_tracker.self_describing_json.SelfDescribingJson object at 0x000002A8A17F0FE0>]}
[0m10:44:05.624254 [info ] [Thread-1 (]: 1 of 2 OK created sql table model us_corn_data_transformed.stg_corn_prices ..... [[32mCREATE TABLE (104.0 rows, 86.5 KiB processed)[0m in 3.58s]
[0m10:44:05.625246 [debug] [Thread-1 (]: Finished running node model.corn_market_project.stg_corn_prices
[0m10:44:05.626702 [debug] [Thread-1 (]: Began running node model.corn_market_project.stg_corn_supply_demand
[0m10:44:05.627716 [info ] [Thread-1 (]: 2 of 2 START sql table model us_corn_data_transformed.stg_corn_supply_demand ... [RUN]
[0m10:44:05.628714 [debug] [Thread-1 (]: Re-using an available connection from the pool (formerly model.corn_market_project.stg_corn_prices, now model.corn_market_project.stg_corn_supply_demand)
[0m10:44:05.628714 [debug] [Thread-1 (]: Began compiling node model.corn_market_project.stg_corn_supply_demand
[0m10:44:05.631728 [debug] [Thread-1 (]: Writing injected SQL for node "model.corn_market_project.stg_corn_supply_demand"
[0m10:44:05.633700 [debug] [Thread-1 (]: Began executing node model.corn_market_project.stg_corn_supply_demand
[0m10:44:05.636948 [debug] [Thread-1 (]: Opening a new connection, currently in state closed
[0m10:44:06.555692 [debug] [Thread-1 (]: Writing runtime sql for node "model.corn_market_project.stg_corn_supply_demand"
[0m10:44:06.557699 [debug] [Thread-1 (]: On model.corn_market_project.stg_corn_supply_demand: /* {"app": "dbt", "dbt_version": "1.11.2", "profile_name": "corn_market_project", "target_name": "dev", "node_id": "model.corn_market_project.stg_corn_supply_demand"} */

  
    

    create or replace table `us-corn-data`.`us_corn_data_transformed`.`stg_corn_supply_demand`
      
    
    

    
    OPTIONS()
    as (
      with source as (
    select * from `us-corn-data`.`us_corn_data`.`us_corn_supply_demand`
),

cleaned as (
    select
        -- 1. Fix the Year (Float -> Integer)
        CAST(Year as INT64) as year,

        -- 2. Select metrics we need (using sanitized column names)
        Total_Supply as total_supply,
        Total_Usage as total_usage,
        Ending_Stocks as ending_stocks,
        
        -- Optional: Keep other useful columns
        Planted_Acres as planted_acres,
        Harvested_Acres as harvested_acres,
        Actual_Yield as actual_yield,
        Production as production

    from source
),

calculated as (
    select
        *,
        -- 3. Calculate Stock-to-Use Ratio
        -- Formula: (Ending Stocks / Total Usage)
        -- Use SAFE_DIVIDE to prevent errors if Usage is ever 0
        SAFE_DIVIDE(ending_stocks, total_usage) as stock_to_use_ratio

    from cleaned
)

select * from calculated
order by year desc
    );
  
[0m10:44:07.002990 [debug] [Thread-1 (]: BigQuery adapter: https://console.cloud.google.com/bigquery?project=us-corn-data&j=bq:US:43b1e115-b1c3-46a1-a890-9ed7d7d4acca&page=queryresults
[0m10:44:08.689351 [debug] [Thread-1 (]: SQL status: OK in 1.686 seconds
[0m10:44:08.919154 [debug] [Thread-1 (]: Sending event: {'category': 'dbt', 'action': 'run_model', 'label': 'da5135a0-787a-48e6-ad1a-5b64f0e2d5cd', 'context': [<snowplow_tracker.self_describing_json.SelfDescribingJson object at 0x000002A8A2414650>]}
[0m10:44:08.920124 [info ] [Thread-1 (]: 2 of 2 OK created sql table model us_corn_data_transformed.stg_corn_supply_demand  [[32mCREATE TABLE (52.0 rows, 3.2 KiB processed)[0m in 3.29s]
[0m10:44:08.922152 [debug] [Thread-1 (]: Finished running node model.corn_market_project.stg_corn_supply_demand
[0m10:44:08.924143 [debug] [MainThread]: Opening a new connection, currently in state closed
[0m10:44:08.927152 [debug] [MainThread]: Connection 'master' was properly closed.
[0m10:44:08.927152 [debug] [MainThread]: Connection 'list_us-corn-data' was properly closed.
[0m10:44:08.927152 [debug] [MainThread]: Connection 'list_us-corn-data_us_corn_data_transformed' was properly closed.
[0m10:44:08.928152 [debug] [MainThread]: Connection 'model.corn_market_project.stg_corn_supply_demand' was properly closed.
[0m10:44:08.928152 [info ] [MainThread]: 
[0m10:44:08.929152 [info ] [MainThread]: Finished running 2 table models in 0 hours 0 minutes and 8.87 seconds (8.87s).
[0m10:44:08.930152 [debug] [MainThread]: Command end result
[0m10:44:08.952569 [debug] [MainThread]: Wrote artifact WritableManifest to C:\Users\takudzwarioga\Documents\Dev\US_Corn_Price_Analysis\data_transformation\target\manifest.json
[0m10:44:08.954548 [debug] [MainThread]: Wrote artifact SemanticManifest to C:\Users\takudzwarioga\Documents\Dev\US_Corn_Price_Analysis\data_transformation\target\semantic_manifest.json
[0m10:44:08.961028 [debug] [MainThread]: Wrote artifact RunExecutionResult to C:\Users\takudzwarioga\Documents\Dev\US_Corn_Price_Analysis\data_transformation\target\run_results.json
[0m10:44:08.962011 [info ] [MainThread]: 
[0m10:44:08.963134 [info ] [MainThread]: [32mCompleted successfully[0m
[0m10:44:08.964132 [info ] [MainThread]: 
[0m10:44:08.964132 [info ] [MainThread]: Done. PASS=2 WARN=0 ERROR=0 SKIP=0 NO-OP=0 TOTAL=2
[0m10:44:08.965418 [debug] [MainThread]: Command `dbt run` succeeded at 10:44:08.965418 after 19.84 seconds
[0m10:44:08.966591 [debug] [MainThread]: Sending event: {'category': 'dbt', 'action': 'invocation', 'label': 'end', 'context': [<snowplow_tracker.self_describing_json.SelfDescribingJson object at 0x000002A8F166ECC0>, <snowplow_tracker.self_describing_json.SelfDescribingJson object at 0x000002A8F1D0C4D0>, <snowplow_tracker.self_describing_json.SelfDescribingJson object at 0x000002A8A0FA6480>]}
[0m10:44:08.966591 [debug] [MainThread]: Flushing usage events
[0m10:44:09.669073 [debug] [MainThread]: An error was encountered while trying to flush usage events
[0m11:21:27.627863 [debug] [MainThread]: Sending event: {'category': 'dbt', 'action': 'invocation', 'label': 'start', 'context': [<snowplow_tracker.self_describing_json.SelfDescribingJson object at 0x0000026815B1FC50>, <snowplow_tracker.self_describing_json.SelfDescribingJson object at 0x0000026814F786B0>, <snowplow_tracker.self_describing_json.SelfDescribingJson object at 0x0000026813998D10>]}


============================== 11:21:27.633840 | 5db53922-d64f-4be8-a91f-ca73f3d2e10c ==============================
[0m11:21:27.633840 [info ] [MainThread]: Running with dbt=1.11.2
[0m11:21:27.634844 [debug] [MainThread]: running dbt with arguments {'version_check': 'True', 'no_print': 'None', 'static_parser': 'True', 'target_path': 'None', 'warn_error_options': 'WarnErrorOptionsV2(error=[], warn=[], silence=[])', 'printer_width': '80', 'write_json': 'True', 'introspect': 'True', 'log_cache_events': 'False', 'empty': 'None', 'cache_selected_only': 'False', 'fail_fast': 'False', 'debug': 'False', 'log_format': 'default', 'profiles_dir': '.', 'send_anonymous_usage_stats': 'True', 'quiet': 'False', 'warn_error': 'None', 'partial_parse': 'True', 'use_colors': 'True', 'indirect_selection': 'eager', 'invocation_command': 'dbt deps --profiles-dir .', 'use_experimental_parser': 'False', 'log_path': 'C:\\Users\\takudzwarioga\\Documents\\Dev\\US_Corn_Price_Analysis\\data_transformation\\logs'}
[0m11:21:27.762121 [debug] [MainThread]: Sending event: {'category': 'dbt', 'action': 'project_id', 'label': '5db53922-d64f-4be8-a91f-ca73f3d2e10c', 'context': [<snowplow_tracker.self_describing_json.SelfDescribingJson object at 0x0000026815EB6A80>]}
[0m11:21:27.800750 [info ] [MainThread]: Warning: No packages were found in packages.yml
[0m11:21:27.803733 [info ] [MainThread]: Warning: No packages were found in packages.yml
[0m11:21:27.805091 [debug] [MainThread]: Command `dbt deps` succeeded at 11:21:27.803733 after 0.40 seconds
[0m11:21:27.805091 [debug] [MainThread]: Sending event: {'category': 'dbt', 'action': 'invocation', 'label': 'end', 'context': [<snowplow_tracker.self_describing_json.SelfDescribingJson object at 0x0000026816385250>, <snowplow_tracker.self_describing_json.SelfDescribingJson object at 0x000002681746EC60>, <snowplow_tracker.self_describing_json.SelfDescribingJson object at 0x000002680FA05B50>]}
[0m11:21:27.805091 [debug] [MainThread]: Flushing usage events
[0m11:21:28.629468 [debug] [MainThread]: An error was encountered while trying to flush usage events
[0m11:21:31.407478 [debug] [MainThread]: Sending event: {'category': 'dbt', 'action': 'invocation', 'label': 'start', 'context': [<snowplow_tracker.self_describing_json.SelfDescribingJson object at 0x0000024A91EED970>, <snowplow_tracker.self_describing_json.SelfDescribingJson object at 0x0000024A91819FA0>, <snowplow_tracker.self_describing_json.SelfDescribingJson object at 0x0000024A9142B140>]}


============================== 11:21:31.414960 | b7d908d0-acca-4e8f-985e-a1e7ac58c1a2 ==============================
[0m11:21:31.414960 [info ] [MainThread]: Running with dbt=1.11.2
[0m11:21:31.414960 [debug] [MainThread]: running dbt with arguments {'static_parser': 'True', 'no_print': 'None', 'version_check': 'True', 'target_path': 'None', 'warn_error_options': 'WarnErrorOptionsV2(error=[], warn=[], silence=[])', 'printer_width': '80', 'write_json': 'True', 'empty': 'False', 'log_cache_events': 'False', 'introspect': 'True', 'cache_selected_only': 'False', 'fail_fast': 'False', 'debug': 'False', 'log_format': 'default', 'partial_parse': 'True', 'send_anonymous_usage_stats': 'True', 'quiet': 'False', 'warn_error': 'None', 'profiles_dir': '.', 'invocation_command': 'dbt run --profiles-dir .', 'indirect_selection': 'eager', 'use_colors': 'True', 'use_experimental_parser': 'False', 'log_path': 'C:\\Users\\takudzwarioga\\Documents\\Dev\\US_Corn_Price_Analysis\\data_transformation\\logs'}
[0m11:21:41.617449 [debug] [MainThread]: Sending event: {'category': 'dbt', 'action': 'project_id', 'label': 'b7d908d0-acca-4e8f-985e-a1e7ac58c1a2', 'context': [<snowplow_tracker.self_describing_json.SelfDescribingJson object at 0x0000024AC16F3C80>]}
[0m11:21:41.674473 [debug] [MainThread]: Sending event: {'category': 'dbt', 'action': 'adapter_info', 'label': 'b7d908d0-acca-4e8f-985e-a1e7ac58c1a2', 'context': [<snowplow_tracker.self_describing_json.SelfDescribingJson object at 0x0000024ABB87C980>]}
[0m11:21:41.675478 [info ] [MainThread]: Registered adapter: bigquery=1.11.0
[0m11:21:42.238133 [debug] [MainThread]: checksum: 3d40d8bbe1bef07db1c24822f2dbfff8bc07f2a48ed4fe2658a40653aec0b54b, vars: {}, profile: , target: , version: 1.11.2
[0m11:21:42.409044 [debug] [MainThread]: Partial parsing enabled: 0 files deleted, 4 files added, 0 files changed.
[0m11:21:42.409044 [debug] [MainThread]: Partial parsing: added file: corn_market_project://models\stg_corn_plantings.sql
[0m11:21:42.410048 [debug] [MainThread]: Partial parsing: added file: corn_market_project://models\mart_corn_model_data.sql
[0m11:21:42.410048 [debug] [MainThread]: Partial parsing: added file: corn_market_project://models\stg_corn_conditions.sql
[0m11:21:42.410048 [debug] [MainThread]: Partial parsing: added file: corn_market_project://models\stg_corn_climate_features.sql
[0m11:21:42.664811 [debug] [MainThread]: Sending event: {'category': 'dbt', 'action': 'load_project', 'label': 'b7d908d0-acca-4e8f-985e-a1e7ac58c1a2', 'context': [<snowplow_tracker.self_describing_json.SelfDescribingJson object at 0x0000024AC1E02840>]}
[0m11:21:42.732423 [debug] [MainThread]: Wrote artifact WritableManifest to C:\Users\takudzwarioga\Documents\Dev\US_Corn_Price_Analysis\data_transformation\target\manifest.json
[0m11:21:42.735413 [debug] [MainThread]: Wrote artifact SemanticManifest to C:\Users\takudzwarioga\Documents\Dev\US_Corn_Price_Analysis\data_transformation\target\semantic_manifest.json
[0m11:21:42.771705 [debug] [MainThread]: Sending event: {'category': 'dbt', 'action': 'resource_counts', 'label': 'b7d908d0-acca-4e8f-985e-a1e7ac58c1a2', 'context': [<snowplow_tracker.self_describing_json.SelfDescribingJson object at 0x0000024AC14F1FD0>]}
[0m11:21:42.771705 [info ] [MainThread]: Found 6 models, 5 sources, 537 macros
[0m11:21:42.772894 [debug] [MainThread]: Sending event: {'category': 'dbt', 'action': 'runnable_timing', 'label': 'b7d908d0-acca-4e8f-985e-a1e7ac58c1a2', 'context': [<snowplow_tracker.self_describing_json.SelfDescribingJson object at 0x0000024AC1CA35F0>]}
[0m11:21:42.774907 [info ] [MainThread]: 
[0m11:21:42.775538 [info ] [MainThread]: Concurrency: 1 threads (target='dev')
[0m11:21:42.775538 [info ] [MainThread]: 
[0m11:21:42.776579 [debug] [MainThread]: Acquiring new bigquery connection 'master'
[0m11:21:42.781830 [debug] [ThreadPool]: Acquiring new bigquery connection 'list_us-corn-data'
[0m11:21:42.782848 [debug] [ThreadPool]: Opening a new connection, currently in state init
[0m11:21:43.743106 [debug] [ThreadPool]: Acquiring new bigquery connection 'list_us-corn-data_us_corn_data_transformed'
[0m11:21:43.743106 [debug] [ThreadPool]: Opening a new connection, currently in state init
[0m11:21:44.833609 [debug] [MainThread]: Sending event: {'category': 'dbt', 'action': 'runnable_timing', 'label': 'b7d908d0-acca-4e8f-985e-a1e7ac58c1a2', 'context': [<snowplow_tracker.self_describing_json.SelfDescribingJson object at 0x0000024AC1CB4590>]}
[0m11:21:44.834954 [debug] [MainThread]: Opening a new connection, currently in state init
[0m11:21:44.842506 [debug] [Thread-1 (]: Began running node model.corn_market_project.stg_corn_conditions
[0m11:21:44.843540 [info ] [Thread-1 (]: 1 of 6 START sql table model us_corn_data_transformed.stg_corn_conditions ...... [RUN]
[0m11:21:44.844543 [debug] [Thread-1 (]: Acquiring new bigquery connection 'model.corn_market_project.stg_corn_conditions'
[0m11:21:44.845539 [debug] [Thread-1 (]: Began compiling node model.corn_market_project.stg_corn_conditions
[0m11:21:44.854537 [debug] [Thread-1 (]: Writing injected SQL for node "model.corn_market_project.stg_corn_conditions"
[0m11:21:44.861598 [debug] [Thread-1 (]: Began executing node model.corn_market_project.stg_corn_conditions
[0m11:21:44.897177 [debug] [Thread-1 (]: Writing runtime sql for node "model.corn_market_project.stg_corn_conditions"
[0m11:21:44.897177 [debug] [Thread-1 (]: On model.corn_market_project.stg_corn_conditions: /* {"app": "dbt", "dbt_version": "1.11.2", "profile_name": "corn_market_project", "target_name": "dev", "node_id": "model.corn_market_project.stg_corn_conditions"} */

  
    

    create or replace table `us-corn-data`.`us_corn_data_transformed`.`stg_corn_conditions`
      
    
    

    
    OPTIONS()
    as (
      with source as (
    select * from `us-corn-data`.`us_corn_data`.`us_corn_conditions`
),

base_data as (
    select
        CAST(Year as INT64) as year,
        -- Extract Week Number (1-52) from the date
        EXTRACT(ISOWEEK FROM PARSE_DATE('%Y-%m-%d', Week_Ending)) as week_num,
        Data_Item,
        CAST(Value as INT64) as pct_value
    from source
),

pivoted as (
    select
        year,
        week_num,
        -- Pivot: Create a column for each category
        -- We use MAX() here to grab the value for that specific category in that specific week
        MAX(CASE WHEN Data_Item LIKE '%VERY POOR%' THEN pct_value ELSE 0 END) as vp,
        MAX(CASE WHEN Data_Item LIKE '%PCT POOR%' THEN pct_value ELSE 0 END) as p,
        MAX(CASE WHEN Data_Item LIKE '%FAIR%' THEN pct_value ELSE 0 END) as f,
        MAX(CASE WHEN Data_Item LIKE '%PCT GOOD%' THEN pct_value ELSE 0 END) as g,
        MAX(CASE WHEN Data_Item LIKE '%EXCELLENT%' THEN pct_value ELSE 0 END) as e
    from base_data
    group by year, week_num
),

calculated_index as (
    select
        year,
        week_num,
        vp, p, f, g, e,
        
        -- Calculate Total (Should be ~100, but we calculate to be safe)
        (vp + p + f + g + e) as total_pct,

        -- THE FORMULA: Weighted Average
        -- Scale: 100 (All Very Poor) to 500 (All Excellent)
        SAFE_DIVIDE(
            (vp * 1) + (p * 2) + (f * 3) + (g * 4) + (e * 5),
            (vp + p + f + g + e)
        ) as condition_index

    from pivoted
    -- Filter: Only keep the critical Pollination Window (Weeks 28-32)
    where week_num BETWEEN 28 AND 32
)

select
    year,
    -- Aggregate to one single number per year (The Average during Pollination)
    ROUND(AVG(condition_index), 2) as avg_condition_pollination_index
from calculated_index
group by year
order by year desc
    );
  
[0m11:21:44.897177 [debug] [Thread-1 (]: Opening a new connection, currently in state init
[0m11:21:46.180410 [debug] [Thread-1 (]: BigQuery adapter: https://console.cloud.google.com/bigquery?project=us-corn-data&j=bq:US:1a43ce27-e086-4b70-ba0b-a6ee4ae890d5&page=queryresults
[0m11:21:47.886059 [debug] [Thread-1 (]: SQL status: OK in 1.704 seconds
[0m11:21:48.210087 [debug] [Thread-1 (]: Sending event: {'category': 'dbt', 'action': 'run_model', 'label': 'b7d908d0-acca-4e8f-985e-a1e7ac58c1a2', 'context': [<snowplow_tracker.self_describing_json.SelfDescribingJson object at 0x0000024AC1E00410>]}
[0m11:21:48.211078 [info ] [Thread-1 (]: 1 of 6 OK created sql table model us_corn_data_transformed.stg_corn_conditions . [[32mCREATE TABLE (39.0 rows, 548.6 KiB processed)[0m in 3.36s]
[0m11:21:48.212178 [debug] [Thread-1 (]: Finished running node model.corn_market_project.stg_corn_conditions
[0m11:21:48.213293 [debug] [Thread-1 (]: Began running node model.corn_market_project.stg_corn_plantings
[0m11:21:48.214315 [info ] [Thread-1 (]: 2 of 6 START sql table model us_corn_data_transformed.stg_corn_plantings ....... [RUN]
[0m11:21:48.215367 [debug] [Thread-1 (]: Re-using an available connection from the pool (formerly model.corn_market_project.stg_corn_conditions, now model.corn_market_project.stg_corn_plantings)
[0m11:21:48.215367 [debug] [Thread-1 (]: Began compiling node model.corn_market_project.stg_corn_plantings
[0m11:21:48.219370 [debug] [Thread-1 (]: Writing injected SQL for node "model.corn_market_project.stg_corn_plantings"
[0m11:21:48.220370 [debug] [Thread-1 (]: Began executing node model.corn_market_project.stg_corn_plantings
[0m11:21:48.223403 [debug] [Thread-1 (]: Writing runtime sql for node "model.corn_market_project.stg_corn_plantings"
[0m11:21:48.225445 [debug] [Thread-1 (]: On model.corn_market_project.stg_corn_plantings: /* {"app": "dbt", "dbt_version": "1.11.2", "profile_name": "corn_market_project", "target_name": "dev", "node_id": "model.corn_market_project.stg_corn_plantings"} */

  
    

    create or replace table `us-corn-data`.`us_corn_data_transformed`.`stg_corn_plantings`
      
    
    

    
    OPTIONS()
    as (
      with source as (
    select * from `us-corn-data`.`us_corn_data`.`us_corn_plantings`
),

cleaned as (
    select
        -- 1. Standardize Year
        CAST(Year as INT64) as year,
        
        -- 2. Parse the Date (Column 'Week Ending' became 'Week_Ending')
        PARSE_DATE('%Y-%m-%d', Week_Ending) as measurement_date,
        
        -- 3. Value is the Percentage (0-100)
        CAST(Value as INT64) as progress_pct,
        
        -- 4. Keep Data_Item just for the safety check below
        Data_Item as data_item

    from source
    -- Safety Check: Even though the scraper filters this, we double-check here.
    where Data_Item LIKE '%PCT PLANTED%'
),

calc_threshold as (
    select
        year,
        -- Find the EARLIEST date where progress was >= 50%
        MIN(measurement_date) as date_reached_50_pct
    from cleaned
    where progress_pct >= 50
    group by year
)

select
    year,
    -- Convert that date into a simple integer (Day of Year 1-365)
    -- Example: May 20th becomes ~140
    EXTRACT(DAYOFYEAR FROM date_reached_50_pct) as planting_50_pct_doy
from calc_threshold
order by year desc
    );
  
[0m11:21:48.225445 [debug] [Thread-1 (]: Opening a new connection, currently in state closed
[0m11:21:49.421033 [debug] [Thread-1 (]: BigQuery adapter: https://console.cloud.google.com/bigquery?project=us-corn-data&j=bq:US:312e75f1-d451-4804-b590-84e15a3735ae&page=queryresults
[0m11:21:51.136402 [debug] [Thread-1 (]: SQL status: OK in 1.714 seconds
[0m11:21:51.369027 [debug] [Thread-1 (]: Sending event: {'category': 'dbt', 'action': 'run_model', 'label': 'b7d908d0-acca-4e8f-985e-a1e7ac58c1a2', 'context': [<snowplow_tracker.self_describing_json.SelfDescribingJson object at 0x0000024AC259EFC0>]}
[0m11:21:51.370322 [info ] [Thread-1 (]: 2 of 6 OK created sql table model us_corn_data_transformed.stg_corn_plantings .. [[32mCREATE TABLE (39.0 rows, 23.8 KiB processed)[0m in 3.15s]
[0m11:21:51.371366 [debug] [Thread-1 (]: Finished running node model.corn_market_project.stg_corn_plantings
[0m11:21:51.372349 [debug] [Thread-1 (]: Began running node model.corn_market_project.stg_corn_prices
[0m11:21:51.372349 [info ] [Thread-1 (]: 3 of 6 START sql table model us_corn_data_transformed.stg_corn_prices .......... [RUN]
[0m11:21:51.373513 [debug] [Thread-1 (]: Re-using an available connection from the pool (formerly model.corn_market_project.stg_corn_plantings, now model.corn_market_project.stg_corn_prices)
[0m11:21:51.374348 [debug] [Thread-1 (]: Began compiling node model.corn_market_project.stg_corn_prices
[0m11:21:51.379345 [debug] [Thread-1 (]: Writing injected SQL for node "model.corn_market_project.stg_corn_prices"
[0m11:21:51.381351 [debug] [Thread-1 (]: Began executing node model.corn_market_project.stg_corn_prices
[0m11:21:51.383344 [debug] [Thread-1 (]: Opening a new connection, currently in state closed
[0m11:21:52.305826 [debug] [Thread-1 (]: Writing runtime sql for node "model.corn_market_project.stg_corn_prices"
[0m11:21:52.305826 [debug] [Thread-1 (]: On model.corn_market_project.stg_corn_prices: /* {"app": "dbt", "dbt_version": "1.11.2", "profile_name": "corn_market_project", "target_name": "dev", "node_id": "model.corn_market_project.stg_corn_prices"} */

  
    

    create or replace table `us-corn-data`.`us_corn_data_transformed`.`stg_corn_prices`
      
    
    

    
    OPTIONS()
    as (
      -- data_transformation/models/stg_corn_prices.sql

with source as (
    -- Pull data from the raw table created by your Python script
    select * from `us-corn-data`.`us_corn_data`.`us_corn_prices`
),

cleaned as (
    select
        -- 1. Select and Rename Columns
        CAST(Year as INT64) as year,
        `Data_Item` as data_item,  -- Use backticks because the column name has a space
        CAST(Value as FLOAT64) as price_per_bushel,
        
        -- Keep Period just in case we need to debug later, but we filter on it below
        Period as period

    from source
)

select
    year,
    data_item,
    price_per_bushel
from cleaned
-- 2. Apply the Logic: Only keep November records
where period = 'NOV'
order by year desc
    );
  
[0m11:21:52.774913 [debug] [Thread-1 (]: BigQuery adapter: https://console.cloud.google.com/bigquery?project=us-corn-data&j=bq:US:6b804b47-bf40-4698-9f35-944b1ff6ce1b&page=queryresults
[0m11:21:54.440185 [debug] [Thread-1 (]: SQL status: OK in 1.663 seconds
[0m11:21:54.673499 [debug] [Thread-1 (]: Sending event: {'category': 'dbt', 'action': 'run_model', 'label': 'b7d908d0-acca-4e8f-985e-a1e7ac58c1a2', 'context': [<snowplow_tracker.self_describing_json.SelfDescribingJson object at 0x0000024A91858E90>]}
[0m11:21:54.674751 [info ] [Thread-1 (]: 3 of 6 OK created sql table model us_corn_data_transformed.stg_corn_prices ..... [[32mCREATE TABLE (104.0 rows, 86.5 KiB processed)[0m in 3.30s]
[0m11:21:54.675781 [debug] [Thread-1 (]: Finished running node model.corn_market_project.stg_corn_prices
[0m11:21:54.677775 [debug] [Thread-1 (]: Began running node model.corn_market_project.stg_corn_supply_demand
[0m11:21:54.678772 [info ] [Thread-1 (]: 4 of 6 START sql table model us_corn_data_transformed.stg_corn_supply_demand ... [RUN]
[0m11:21:54.679771 [debug] [Thread-1 (]: Re-using an available connection from the pool (formerly model.corn_market_project.stg_corn_prices, now model.corn_market_project.stg_corn_supply_demand)
[0m11:21:54.680787 [debug] [Thread-1 (]: Began compiling node model.corn_market_project.stg_corn_supply_demand
[0m11:21:54.683792 [debug] [Thread-1 (]: Writing injected SQL for node "model.corn_market_project.stg_corn_supply_demand"
[0m11:21:54.685797 [debug] [Thread-1 (]: Began executing node model.corn_market_project.stg_corn_supply_demand
[0m11:21:54.687791 [debug] [Thread-1 (]: Opening a new connection, currently in state closed
[0m11:21:55.712043 [debug] [Thread-1 (]: Writing runtime sql for node "model.corn_market_project.stg_corn_supply_demand"
[0m11:21:55.714231 [debug] [Thread-1 (]: On model.corn_market_project.stg_corn_supply_demand: /* {"app": "dbt", "dbt_version": "1.11.2", "profile_name": "corn_market_project", "target_name": "dev", "node_id": "model.corn_market_project.stg_corn_supply_demand"} */

  
    

    create or replace table `us-corn-data`.`us_corn_data_transformed`.`stg_corn_supply_demand`
      
    
    

    
    OPTIONS()
    as (
      with source as (
    select * from `us-corn-data`.`us_corn_data`.`us_corn_supply_demand`
),

cleaned as (
    select
        -- 1. Fix the Year (Float -> Integer)
        CAST(Year as INT64) as year,

        -- 2. Select metrics we need (using sanitized column names)
        Total_Supply as total_supply,
        Total_Usage as total_usage,
        Ending_Stocks as ending_stocks,
        
        -- Optional: Keep other useful columns
        Planted_Acres as planted_acres,
        Harvested_Acres as harvested_acres,
        Actual_Yield as actual_yield,
        Production as production

    from source
),

calculated as (
    select
        *,
        -- 3. Calculate Stock-to-Use Ratio
        -- Formula: (Ending Stocks / Total Usage)
        -- Use SAFE_DIVIDE to prevent errors if Usage is ever 0
        SAFE_DIVIDE(ending_stocks, total_usage) as stock_to_use_ratio

    from cleaned
)

select * from calculated
order by year desc
    );
  
[0m11:21:56.184511 [debug] [Thread-1 (]: BigQuery adapter: https://console.cloud.google.com/bigquery?project=us-corn-data&j=bq:US:a9172b59-f94b-46e8-8e1c-7d5960479ef0&page=queryresults
[0m11:21:59.306132 [debug] [Thread-1 (]: SQL status: OK in 3.130 seconds
[0m11:21:59.540914 [debug] [Thread-1 (]: Sending event: {'category': 'dbt', 'action': 'run_model', 'label': 'b7d908d0-acca-4e8f-985e-a1e7ac58c1a2', 'context': [<snowplow_tracker.self_describing_json.SelfDescribingJson object at 0x0000024AC1E296D0>]}
[0m11:21:59.540914 [info ] [Thread-1 (]: 4 of 6 OK created sql table model us_corn_data_transformed.stg_corn_supply_demand  [[32mCREATE TABLE (52.0 rows, 3.2 KiB processed)[0m in 4.86s]
[0m11:21:59.540914 [debug] [Thread-1 (]: Finished running node model.corn_market_project.stg_corn_supply_demand
[0m11:21:59.540914 [debug] [Thread-1 (]: Began running node model.corn_market_project.stg_corn_climate_features
[0m11:21:59.556958 [info ] [Thread-1 (]: 5 of 6 START sql table model us_corn_data_transformed.stg_corn_climate_features  [RUN]
[0m11:21:59.558204 [debug] [Thread-1 (]: Re-using an available connection from the pool (formerly model.corn_market_project.stg_corn_supply_demand, now model.corn_market_project.stg_corn_climate_features)
[0m11:21:59.558204 [debug] [Thread-1 (]: Began compiling node model.corn_market_project.stg_corn_climate_features
[0m11:21:59.563206 [debug] [Thread-1 (]: Writing injected SQL for node "model.corn_market_project.stg_corn_climate_features"
[0m11:21:59.565236 [debug] [Thread-1 (]: Began executing node model.corn_market_project.stg_corn_climate_features
[0m11:21:59.568218 [debug] [Thread-1 (]: Writing runtime sql for node "model.corn_market_project.stg_corn_climate_features"
[0m11:21:59.570204 [debug] [Thread-1 (]: On model.corn_market_project.stg_corn_climate_features: /* {"app": "dbt", "dbt_version": "1.11.2", "profile_name": "corn_market_project", "target_name": "dev", "node_id": "model.corn_market_project.stg_corn_climate_features"} */

  
    

    create or replace table `us-corn-data`.`us_corn_data_transformed`.`stg_corn_climate_features`
      
    
    

    
    OPTIONS()
    as (
      with climate_source as (
    select * from `us-corn-data`.`us_corn_data`.`us_climate_data`
),

planting_source as (
    select * from `us-corn-data`.`us_corn_data_transformed`.`stg_corn_plantings`
),

daily_metrics as (
    select
        CAST(c.year as INT64) as year,
        c.date as weather_date,
        -- Calculate Day of Year (1-365) for every weather row
        EXTRACT(DAYOFYEAR FROM c.date) as weather_doy,
        
        -- Ensure metrics are numeric floats
        CAST(c.Precipitation as FLOAT64) as prcp,
        CAST(c.Max_Temp as FLOAT64) as tmax,
        
        -- Bring in the Planting 50% DOY for this specific year
        p.planting_50_pct_doy

    from climate_source c
    -- Inner Join: We can only calculate these features if we have planting data for that year
    inner join planting_source p on CAST(c.year as INT64) = p.year
),

aggregated_features as (
    select
        year,
        planting_50_pct_doy,

        -- FEATURE 1: Rainfall Effectiveness Index
        -- Step A: Calculate Rain during Soil Prep (March 1 to June 30 -> DOY 60 to 181)
        SUM(CASE 
            WHEN weather_doy BETWEEN 60 AND 181 THEN prcp 
            ELSE 0 
        END) as soil_prep_rain_cumulative,

        -- FEATURE 2: Temp Stress (July/Pollination)
        -- Window: 60 to 90 days after planting
        -- We count HOW MANY days exceeded 35°C (95°F)
        COUNT(CASE 
            WHEN weather_doy BETWEEN (planting_50_pct_doy + 60) AND (planting_50_pct_doy + 90)
            AND tmax > 35 
            THEN 1 
            ELSE NULL 
        END) as heat_stress_days_count,

        -- FEATURE 3: Post-Pollination Rain (Grain Filling)
        -- Window: Same window (60 to 90 days after planting)
        SUM(CASE 
            WHEN weather_doy BETWEEN (planting_50_pct_doy + 60) AND (planting_50_pct_doy + 90)
            THEN prcp 
            ELSE 0 
        END) as post_pollination_rain_cumulative

    from daily_metrics
    group by year, planting_50_pct_doy
)

select
    year,
    
    planting_50_pct_doy,
    
    -- Final Calc for Feature 1: The Effectiveness Index
    -- (Total Prep Rain / Days needed to reach 50% planted)
    -- Higher Score = Good Rain + Early Planting
    -- Lower Score = Low Rain OR Late Planting (Wasted Rain)
    SAFE_DIVIDE(soil_prep_rain_cumulative, planting_50_pct_doy) as rainfall_effectiveness_index,
    
    -- Pass through the other features
    heat_stress_days_count as temp_stress_july_count,
    post_pollination_rain_cumulative as post_pollination_rain

from aggregated_features
order by year desc
    );
  
[0m11:21:59.570204 [debug] [Thread-1 (]: Opening a new connection, currently in state closed
[0m11:22:00.934898 [debug] [Thread-1 (]: BigQuery adapter: https://console.cloud.google.com/bigquery?project=us-corn-data&j=bq:US:8b827709-d6fb-4a07-8f22-17ae7559a59e&page=queryresults
[0m11:22:01.146794 [error] [Thread-1 (]: BigQuery adapter: https://console.cloud.google.com/bigquery?project=us-corn-data&j=bq:US:8b827709-d6fb-4a07-8f22-17ae7559a59e&page=queryresults
[0m11:22:01.174447 [debug] [Thread-1 (]: Database Error in model stg_corn_climate_features (models\stg_corn_climate_features.sql)
  Name year not found inside c at [38:44]
  compiled code at target\run\corn_market_project\models\stg_corn_climate_features.sql
[0m11:22:01.175445 [debug] [Thread-1 (]: Sending event: {'category': 'dbt', 'action': 'run_model', 'label': 'b7d908d0-acca-4e8f-985e-a1e7ac58c1a2', 'context': [<snowplow_tracker.self_describing_json.SelfDescribingJson object at 0x0000024AC1F5C200>]}
[0m11:22:01.175445 [error] [Thread-1 (]: 5 of 6 ERROR creating sql table model us_corn_data_transformed.stg_corn_climate_features  [[31mERROR[0m in 1.62s]
[0m11:22:01.176452 [debug] [Thread-1 (]: Finished running node model.corn_market_project.stg_corn_climate_features
[0m11:22:01.177447 [debug] [Thread-4 (]: Marking all children of 'model.corn_market_project.stg_corn_climate_features' to be skipped because of status 'error'.  Reason: Database Error in model stg_corn_climate_features (models\stg_corn_climate_features.sql)
  Name year not found inside c at [38:44]
  compiled code at target\run\corn_market_project\models\stg_corn_climate_features.sql.
[0m11:22:01.179641 [debug] [Thread-1 (]: Began running node model.corn_market_project.mart_corn_model_data
[0m11:22:01.179641 [info ] [Thread-1 (]: 6 of 6 SKIP relation us_corn_data_transformed.mart_corn_model_data ............. [[33mSKIP[0m]
[0m11:22:01.180662 [debug] [Thread-1 (]: Finished running node model.corn_market_project.mart_corn_model_data
[0m11:22:01.183054 [debug] [MainThread]: Opening a new connection, currently in state closed
[0m11:22:01.185202 [debug] [MainThread]: Connection 'master' was properly closed.
[0m11:22:01.185202 [debug] [MainThread]: Connection 'list_us-corn-data' was properly closed.
[0m11:22:01.185202 [debug] [MainThread]: Connection 'list_us-corn-data_us_corn_data_transformed' was properly closed.
[0m11:22:01.186204 [debug] [MainThread]: Connection 'model.corn_market_project.stg_corn_climate_features' was properly closed.
[0m11:22:01.186204 [info ] [MainThread]: 
[0m11:22:01.186869 [info ] [MainThread]: Finished running 6 table models in 0 hours 0 minutes and 18.41 seconds (18.41s).
[0m11:22:01.188947 [debug] [MainThread]: Command end result
[0m11:22:01.214733 [debug] [MainThread]: Wrote artifact WritableManifest to C:\Users\takudzwarioga\Documents\Dev\US_Corn_Price_Analysis\data_transformation\target\manifest.json
[0m11:22:01.217733 [debug] [MainThread]: Wrote artifact SemanticManifest to C:\Users\takudzwarioga\Documents\Dev\US_Corn_Price_Analysis\data_transformation\target\semantic_manifest.json
[0m11:22:01.223954 [debug] [MainThread]: Wrote artifact RunExecutionResult to C:\Users\takudzwarioga\Documents\Dev\US_Corn_Price_Analysis\data_transformation\target\run_results.json
[0m11:22:01.224719 [info ] [MainThread]: 
[0m11:22:01.225706 [info ] [MainThread]: [31mCompleted with 1 error, 0 partial successes, and 0 warnings:[0m
[0m11:22:01.226704 [info ] [MainThread]: 
[0m11:22:01.226704 [error] [MainThread]: [31mFailure in model stg_corn_climate_features (models\stg_corn_climate_features.sql)[0m
[0m11:22:01.227706 [error] [MainThread]:   Database Error in model stg_corn_climate_features (models\stg_corn_climate_features.sql)
  Name year not found inside c at [38:44]
  compiled code at target\run\corn_market_project\models\stg_corn_climate_features.sql
[0m11:22:01.227706 [info ] [MainThread]: 
[0m11:22:01.228874 [info ] [MainThread]:   compiled code at target\compiled\corn_market_project\models\stg_corn_climate_features.sql
[0m11:22:01.228874 [info ] [MainThread]: 
[0m11:22:01.229880 [info ] [MainThread]: Done. PASS=4 WARN=0 ERROR=1 SKIP=1 NO-OP=0 TOTAL=6
[0m11:22:01.230891 [debug] [MainThread]: Command `dbt run` failed at 11:22:01.230891 after 29.96 seconds
[0m11:22:01.231888 [debug] [MainThread]: Sending event: {'category': 'dbt', 'action': 'invocation', 'label': 'end', 'context': [<snowplow_tracker.self_describing_json.SelfDescribingJson object at 0x0000024A91819FA0>, <snowplow_tracker.self_describing_json.SelfDescribingJson object at 0x0000024AC1E6FFE0>, <snowplow_tracker.self_describing_json.SelfDescribingJson object at 0x0000024AC1E6FD40>]}
[0m11:22:01.231888 [debug] [MainThread]: Flushing usage events
[0m11:22:02.021944 [debug] [MainThread]: An error was encountered while trying to flush usage events
[0m11:24:27.247955 [debug] [MainThread]: Sending event: {'category': 'dbt', 'action': 'invocation', 'label': 'start', 'context': [<snowplow_tracker.self_describing_json.SelfDescribingJson object at 0x000002BD5D862FF0>, <snowplow_tracker.self_describing_json.SelfDescribingJson object at 0x000002BD60E17620>, <snowplow_tracker.self_describing_json.SelfDescribingJson object at 0x000002BD6082A9C0>]}


============================== 11:24:27.252945 | f639e9db-2685-44b4-a965-d0312dc8f27b ==============================
[0m11:24:27.252945 [info ] [MainThread]: Running with dbt=1.11.2
[0m11:24:27.252945 [debug] [MainThread]: running dbt with arguments {'static_parser': 'True', 'no_print': 'None', 'version_check': 'True', 'warn_error_options': 'WarnErrorOptionsV2(error=[], warn=[], silence=[])', 'target_path': 'None', 'printer_width': '80', 'write_json': 'True', 'empty': 'None', 'log_cache_events': 'False', 'introspect': 'True', 'cache_selected_only': 'False', 'fail_fast': 'False', 'debug': 'False', 'log_format': 'default', 'partial_parse': 'True', 'send_anonymous_usage_stats': 'True', 'quiet': 'False', 'warn_error': 'None', 'profiles_dir': '.', 'use_colors': 'True', 'indirect_selection': 'eager', 'invocation_command': 'dbt deps --profiles-dir .', 'use_experimental_parser': 'False', 'log_path': 'C:\\Users\\takudzwarioga\\Documents\\Dev\\US_Corn_Price_Analysis\\data_transformation\\logs'}
[0m11:24:27.377450 [debug] [MainThread]: Sending event: {'category': 'dbt', 'action': 'project_id', 'label': 'f639e9db-2685-44b4-a965-d0312dc8f27b', 'context': [<snowplow_tracker.self_describing_json.SelfDescribingJson object at 0x000002BD6111B4D0>]}
[0m11:24:27.414334 [info ] [MainThread]: Warning: No packages were found in packages.yml
[0m11:24:27.414334 [info ] [MainThread]: Warning: No packages were found in packages.yml
[0m11:24:27.416723 [debug] [MainThread]: Command `dbt deps` succeeded at 11:24:27.416723 after 0.39 seconds
[0m11:24:27.416723 [debug] [MainThread]: Sending event: {'category': 'dbt', 'action': 'invocation', 'label': 'end', 'context': [<snowplow_tracker.self_describing_json.SelfDescribingJson object at 0x000002BD6136AF30>, <snowplow_tracker.self_describing_json.SelfDescribingJson object at 0x000002BD5AE2AA20>, <snowplow_tracker.self_describing_json.SelfDescribingJson object at 0x000002BD61790B30>]}
[0m11:24:27.418011 [debug] [MainThread]: Flushing usage events
[0m11:24:28.192723 [debug] [MainThread]: An error was encountered while trying to flush usage events
[0m11:24:30.929074 [debug] [MainThread]: Sending event: {'category': 'dbt', 'action': 'invocation', 'label': 'start', 'context': [<snowplow_tracker.self_describing_json.SelfDescribingJson object at 0x000001DC76959F40>, <snowplow_tracker.self_describing_json.SelfDescribingJson object at 0x000001DC75DC9280>, <snowplow_tracker.self_describing_json.SelfDescribingJson object at 0x000001DC76862DE0>]}


============================== 11:24:30.929074 | 1db8b5ce-9f96-4c59-8ffb-cd605616c6b7 ==============================
[0m11:24:30.929074 [info ] [MainThread]: Running with dbt=1.11.2
[0m11:24:30.929074 [debug] [MainThread]: running dbt with arguments {'version_check': 'True', 'no_print': 'None', 'static_parser': 'True', 'target_path': 'None', 'warn_error_options': 'WarnErrorOptionsV2(error=[], warn=[], silence=[])', 'printer_width': '80', 'write_json': 'True', 'introspect': 'True', 'log_cache_events': 'False', 'empty': 'False', 'cache_selected_only': 'False', 'fail_fast': 'False', 'debug': 'False', 'log_format': 'default', 'partial_parse': 'True', 'send_anonymous_usage_stats': 'True', 'quiet': 'False', 'warn_error': 'None', 'profiles_dir': '.', 'indirect_selection': 'eager', 'invocation_command': 'dbt run --profiles-dir .', 'use_colors': 'True', 'use_experimental_parser': 'False', 'log_path': 'C:\\Users\\takudzwarioga\\Documents\\Dev\\US_Corn_Price_Analysis\\data_transformation\\logs'}
[0m11:24:40.467472 [debug] [MainThread]: Sending event: {'category': 'dbt', 'action': 'project_id', 'label': '1db8b5ce-9f96-4c59-8ffb-cd605616c6b7', 'context': [<snowplow_tracker.self_describing_json.SelfDescribingJson object at 0x000001DC28327020>]}
[0m11:24:40.524087 [debug] [MainThread]: Sending event: {'category': 'dbt', 'action': 'adapter_info', 'label': '1db8b5ce-9f96-4c59-8ffb-cd605616c6b7', 'context': [<snowplow_tracker.self_describing_json.SelfDescribingJson object at 0x000001DC263BF5F0>]}
[0m11:24:40.525087 [info ] [MainThread]: Registered adapter: bigquery=1.11.0
[0m11:24:41.119105 [debug] [MainThread]: checksum: 3d40d8bbe1bef07db1c24822f2dbfff8bc07f2a48ed4fe2658a40653aec0b54b, vars: {}, profile: , target: , version: 1.11.2
[0m11:24:41.265788 [debug] [MainThread]: Partial parsing enabled: 0 files deleted, 0 files added, 1 files changed.
[0m11:24:41.266787 [debug] [MainThread]: Partial parsing: updated file: corn_market_project://models\stg_corn_climate_features.sql
[0m11:24:41.577578 [debug] [MainThread]: Sending event: {'category': 'dbt', 'action': 'load_project', 'label': '1db8b5ce-9f96-4c59-8ffb-cd605616c6b7', 'context': [<snowplow_tracker.self_describing_json.SelfDescribingJson object at 0x000001DC28B967E0>]}
[0m11:24:41.681639 [debug] [MainThread]: Wrote artifact WritableManifest to C:\Users\takudzwarioga\Documents\Dev\US_Corn_Price_Analysis\data_transformation\target\manifest.json
[0m11:24:41.686162 [debug] [MainThread]: Wrote artifact SemanticManifest to C:\Users\takudzwarioga\Documents\Dev\US_Corn_Price_Analysis\data_transformation\target\semantic_manifest.json
[0m11:24:41.725238 [debug] [MainThread]: Sending event: {'category': 'dbt', 'action': 'resource_counts', 'label': '1db8b5ce-9f96-4c59-8ffb-cd605616c6b7', 'context': [<snowplow_tracker.self_describing_json.SelfDescribingJson object at 0x000001DC28837E90>]}
[0m11:24:41.726237 [info ] [MainThread]: Found 6 models, 5 sources, 537 macros
[0m11:24:41.727229 [debug] [MainThread]: Sending event: {'category': 'dbt', 'action': 'runnable_timing', 'label': '1db8b5ce-9f96-4c59-8ffb-cd605616c6b7', 'context': [<snowplow_tracker.self_describing_json.SelfDescribingJson object at 0x000001DC28B96750>]}
[0m11:24:41.729216 [info ] [MainThread]: 
[0m11:24:41.730228 [info ] [MainThread]: Concurrency: 1 threads (target='dev')
[0m11:24:41.731228 [info ] [MainThread]: 
[0m11:24:41.732238 [debug] [MainThread]: Acquiring new bigquery connection 'master'
[0m11:24:41.736237 [debug] [ThreadPool]: Acquiring new bigquery connection 'list_us-corn-data'
[0m11:24:41.737238 [debug] [ThreadPool]: Opening a new connection, currently in state init
[0m11:24:42.749224 [debug] [ThreadPool]: Acquiring new bigquery connection 'list_us-corn-data_us_corn_data_transformed'
[0m11:24:42.750225 [debug] [ThreadPool]: Opening a new connection, currently in state init
[0m11:24:43.773808 [debug] [MainThread]: Sending event: {'category': 'dbt', 'action': 'runnable_timing', 'label': '1db8b5ce-9f96-4c59-8ffb-cd605616c6b7', 'context': [<snowplow_tracker.self_describing_json.SelfDescribingJson object at 0x000001DC28324560>]}
[0m11:24:43.773808 [debug] [MainThread]: Opening a new connection, currently in state init
[0m11:24:43.789564 [debug] [Thread-1 (]: Began running node model.corn_market_project.stg_corn_conditions
[0m11:24:43.789564 [info ] [Thread-1 (]: 1 of 6 START sql table model us_corn_data_transformed.stg_corn_conditions ...... [RUN]
[0m11:24:43.789564 [debug] [Thread-1 (]: Acquiring new bigquery connection 'model.corn_market_project.stg_corn_conditions'
[0m11:24:43.789564 [debug] [Thread-1 (]: Began compiling node model.corn_market_project.stg_corn_conditions
[0m11:24:43.798546 [debug] [Thread-1 (]: Writing injected SQL for node "model.corn_market_project.stg_corn_conditions"
[0m11:24:43.800556 [debug] [Thread-1 (]: Began executing node model.corn_market_project.stg_corn_conditions
[0m11:24:43.817399 [debug] [Thread-1 (]: Opening a new connection, currently in state init
[0m11:24:44.758267 [debug] [Thread-1 (]: Writing runtime sql for node "model.corn_market_project.stg_corn_conditions"
[0m11:24:44.758267 [debug] [Thread-1 (]: On model.corn_market_project.stg_corn_conditions: /* {"app": "dbt", "dbt_version": "1.11.2", "profile_name": "corn_market_project", "target_name": "dev", "node_id": "model.corn_market_project.stg_corn_conditions"} */

  
    

    create or replace table `us-corn-data`.`us_corn_data_transformed`.`stg_corn_conditions`
      
    
    

    
    OPTIONS()
    as (
      with source as (
    select * from `us-corn-data`.`us_corn_data`.`us_corn_conditions`
),

base_data as (
    select
        CAST(Year as INT64) as year,
        -- Extract Week Number (1-52) from the date
        EXTRACT(ISOWEEK FROM PARSE_DATE('%Y-%m-%d', Week_Ending)) as week_num,
        Data_Item,
        CAST(Value as INT64) as pct_value
    from source
),

pivoted as (
    select
        year,
        week_num,
        -- Pivot: Create a column for each category
        -- We use MAX() here to grab the value for that specific category in that specific week
        MAX(CASE WHEN Data_Item LIKE '%VERY POOR%' THEN pct_value ELSE 0 END) as vp,
        MAX(CASE WHEN Data_Item LIKE '%PCT POOR%' THEN pct_value ELSE 0 END) as p,
        MAX(CASE WHEN Data_Item LIKE '%FAIR%' THEN pct_value ELSE 0 END) as f,
        MAX(CASE WHEN Data_Item LIKE '%PCT GOOD%' THEN pct_value ELSE 0 END) as g,
        MAX(CASE WHEN Data_Item LIKE '%EXCELLENT%' THEN pct_value ELSE 0 END) as e
    from base_data
    group by year, week_num
),

calculated_index as (
    select
        year,
        week_num,
        vp, p, f, g, e,
        
        -- Calculate Total (Should be ~100, but we calculate to be safe)
        (vp + p + f + g + e) as total_pct,

        -- THE FORMULA: Weighted Average
        -- Scale: 100 (All Very Poor) to 500 (All Excellent)
        SAFE_DIVIDE(
            (vp * 1) + (p * 2) + (f * 3) + (g * 4) + (e * 5),
            (vp + p + f + g + e)
        ) as condition_index

    from pivoted
    -- Filter: Only keep the critical Pollination Window (Weeks 28-32)
    where week_num BETWEEN 28 AND 32
)

select
    year,
    -- Aggregate to one single number per year (The Average during Pollination)
    ROUND(AVG(condition_index), 2) as avg_condition_pollination_index
from calculated_index
group by year
order by year desc
    );
  
[0m11:24:45.266568 [debug] [Thread-1 (]: BigQuery adapter: https://console.cloud.google.com/bigquery?project=us-corn-data&j=bq:US:e4c62d20-caee-434b-a195-c4233ce26cc3&page=queryresults
[0m11:24:46.939293 [debug] [Thread-1 (]: SQL status: OK in 1.661 seconds
[0m11:24:47.257035 [debug] [Thread-1 (]: Sending event: {'category': 'dbt', 'action': 'run_model', 'label': '1db8b5ce-9f96-4c59-8ffb-cd605616c6b7', 'context': [<snowplow_tracker.self_describing_json.SelfDescribingJson object at 0x000001DC22646BD0>]}
[0m11:24:47.257035 [info ] [Thread-1 (]: 1 of 6 OK created sql table model us_corn_data_transformed.stg_corn_conditions . [[32mCREATE TABLE (39.0 rows, 548.6 KiB processed)[0m in 3.47s]
[0m11:24:47.257035 [debug] [Thread-1 (]: Finished running node model.corn_market_project.stg_corn_conditions
[0m11:24:47.257035 [debug] [Thread-1 (]: Began running node model.corn_market_project.stg_corn_plantings
[0m11:24:47.272879 [info ] [Thread-1 (]: 2 of 6 START sql table model us_corn_data_transformed.stg_corn_plantings ....... [RUN]
[0m11:24:47.273863 [debug] [Thread-1 (]: Re-using an available connection from the pool (formerly model.corn_market_project.stg_corn_conditions, now model.corn_market_project.stg_corn_plantings)
[0m11:24:47.274901 [debug] [Thread-1 (]: Began compiling node model.corn_market_project.stg_corn_plantings
[0m11:24:47.277827 [debug] [Thread-1 (]: Writing injected SQL for node "model.corn_market_project.stg_corn_plantings"
[0m11:24:47.278277 [debug] [Thread-1 (]: Began executing node model.corn_market_project.stg_corn_plantings
[0m11:24:47.281988 [debug] [Thread-1 (]: Opening a new connection, currently in state closed
[0m11:24:48.199665 [debug] [Thread-1 (]: Writing runtime sql for node "model.corn_market_project.stg_corn_plantings"
[0m11:24:48.199665 [debug] [Thread-1 (]: On model.corn_market_project.stg_corn_plantings: /* {"app": "dbt", "dbt_version": "1.11.2", "profile_name": "corn_market_project", "target_name": "dev", "node_id": "model.corn_market_project.stg_corn_plantings"} */

  
    

    create or replace table `us-corn-data`.`us_corn_data_transformed`.`stg_corn_plantings`
      
    
    

    
    OPTIONS()
    as (
      with source as (
    select * from `us-corn-data`.`us_corn_data`.`us_corn_plantings`
),

cleaned as (
    select
        -- 1. Standardize Year
        CAST(Year as INT64) as year,
        
        -- 2. Parse the Date (Column 'Week Ending' became 'Week_Ending')
        PARSE_DATE('%Y-%m-%d', Week_Ending) as measurement_date,
        
        -- 3. Value is the Percentage (0-100)
        CAST(Value as INT64) as progress_pct,
        
        -- 4. Keep Data_Item just for the safety check below
        Data_Item as data_item

    from source
    -- Safety Check: Even though the scraper filters this, we double-check here.
    where Data_Item LIKE '%PCT PLANTED%'
),

calc_threshold as (
    select
        year,
        -- Find the EARLIEST date where progress was >= 50%
        MIN(measurement_date) as date_reached_50_pct
    from cleaned
    where progress_pct >= 50
    group by year
)

select
    year,
    -- Convert that date into a simple integer (Day of Year 1-365)
    -- Example: May 20th becomes ~140
    EXTRACT(DAYOFYEAR FROM date_reached_50_pct) as planting_50_pct_doy
from calc_threshold
order by year desc
    );
  
[0m11:24:48.661470 [debug] [Thread-1 (]: BigQuery adapter: https://console.cloud.google.com/bigquery?project=us-corn-data&j=bq:US:021a1baf-f7ed-4e5e-9bb3-5cabe6a951f8&page=queryresults
[0m11:24:50.591956 [debug] [Thread-1 (]: SQL status: OK in 1.938 seconds
[0m11:24:50.834370 [debug] [Thread-1 (]: Sending event: {'category': 'dbt', 'action': 'run_model', 'label': '1db8b5ce-9f96-4c59-8ffb-cd605616c6b7', 'context': [<snowplow_tracker.self_describing_json.SelfDescribingJson object at 0x000001DC29257170>]}
[0m11:24:50.834370 [info ] [Thread-1 (]: 2 of 6 OK created sql table model us_corn_data_transformed.stg_corn_plantings .. [[32mCREATE TABLE (39.0 rows, 23.8 KiB processed)[0m in 3.56s]
[0m11:24:50.834370 [debug] [Thread-1 (]: Finished running node model.corn_market_project.stg_corn_plantings
[0m11:24:50.834370 [debug] [Thread-1 (]: Began running node model.corn_market_project.stg_corn_prices
[0m11:24:50.834370 [info ] [Thread-1 (]: 3 of 6 START sql table model us_corn_data_transformed.stg_corn_prices .......... [RUN]
[0m11:24:50.839576 [debug] [Thread-1 (]: Re-using an available connection from the pool (formerly model.corn_market_project.stg_corn_plantings, now model.corn_market_project.stg_corn_prices)
[0m11:24:50.839576 [debug] [Thread-1 (]: Began compiling node model.corn_market_project.stg_corn_prices
[0m11:24:50.839576 [debug] [Thread-1 (]: Writing injected SQL for node "model.corn_market_project.stg_corn_prices"
[0m11:24:50.839576 [debug] [Thread-1 (]: Began executing node model.corn_market_project.stg_corn_prices
[0m11:24:50.850134 [debug] [Thread-1 (]: Opening a new connection, currently in state closed
[0m11:24:51.746282 [debug] [Thread-1 (]: Writing runtime sql for node "model.corn_market_project.stg_corn_prices"
[0m11:24:51.748561 [debug] [Thread-1 (]: On model.corn_market_project.stg_corn_prices: /* {"app": "dbt", "dbt_version": "1.11.2", "profile_name": "corn_market_project", "target_name": "dev", "node_id": "model.corn_market_project.stg_corn_prices"} */

  
    

    create or replace table `us-corn-data`.`us_corn_data_transformed`.`stg_corn_prices`
      
    
    

    
    OPTIONS()
    as (
      -- data_transformation/models/stg_corn_prices.sql

with source as (
    -- Pull data from the raw table created by your Python script
    select * from `us-corn-data`.`us_corn_data`.`us_corn_prices`
),

cleaned as (
    select
        -- 1. Select and Rename Columns
        CAST(Year as INT64) as year,
        `Data_Item` as data_item,  -- Use backticks because the column name has a space
        CAST(Value as FLOAT64) as price_per_bushel,
        
        -- Keep Period just in case we need to debug later, but we filter on it below
        Period as period

    from source
)

select
    year,
    data_item,
    price_per_bushel
from cleaned
-- 2. Apply the Logic: Only keep November records
where period = 'NOV'
order by year desc
    );
  
[0m11:24:52.256411 [debug] [Thread-1 (]: BigQuery adapter: https://console.cloud.google.com/bigquery?project=us-corn-data&j=bq:US:29010bde-4d4a-43db-b901-bae59bcb3ec0&page=queryresults
[0m11:24:53.945228 [debug] [Thread-1 (]: SQL status: OK in 1.688 seconds
[0m11:24:54.168963 [debug] [Thread-1 (]: Sending event: {'category': 'dbt', 'action': 'run_model', 'label': '1db8b5ce-9f96-4c59-8ffb-cd605616c6b7', 'context': [<snowplow_tracker.self_describing_json.SelfDescribingJson object at 0x000001DC2919AF90>]}
[0m11:24:54.170279 [info ] [Thread-1 (]: 3 of 6 OK created sql table model us_corn_data_transformed.stg_corn_prices ..... [[32mCREATE TABLE (104.0 rows, 86.5 KiB processed)[0m in 3.33s]
[0m11:24:54.171267 [debug] [Thread-1 (]: Finished running node model.corn_market_project.stg_corn_prices
[0m11:24:54.172623 [debug] [Thread-1 (]: Began running node model.corn_market_project.stg_corn_supply_demand
[0m11:24:54.173642 [info ] [Thread-1 (]: 4 of 6 START sql table model us_corn_data_transformed.stg_corn_supply_demand ... [RUN]
[0m11:24:54.174641 [debug] [Thread-1 (]: Re-using an available connection from the pool (formerly model.corn_market_project.stg_corn_prices, now model.corn_market_project.stg_corn_supply_demand)
[0m11:24:54.175618 [debug] [Thread-1 (]: Began compiling node model.corn_market_project.stg_corn_supply_demand
[0m11:24:54.179894 [debug] [Thread-1 (]: Writing injected SQL for node "model.corn_market_project.stg_corn_supply_demand"
[0m11:24:54.180911 [debug] [Thread-1 (]: Began executing node model.corn_market_project.stg_corn_supply_demand
[0m11:24:54.183894 [debug] [Thread-1 (]: Opening a new connection, currently in state closed
[0m11:24:55.195967 [debug] [Thread-1 (]: Writing runtime sql for node "model.corn_market_project.stg_corn_supply_demand"
[0m11:24:55.197005 [debug] [Thread-1 (]: On model.corn_market_project.stg_corn_supply_demand: /* {"app": "dbt", "dbt_version": "1.11.2", "profile_name": "corn_market_project", "target_name": "dev", "node_id": "model.corn_market_project.stg_corn_supply_demand"} */

  
    

    create or replace table `us-corn-data`.`us_corn_data_transformed`.`stg_corn_supply_demand`
      
    
    

    
    OPTIONS()
    as (
      with source as (
    select * from `us-corn-data`.`us_corn_data`.`us_corn_supply_demand`
),

cleaned as (
    select
        -- 1. Fix the Year (Float -> Integer)
        CAST(Year as INT64) as year,

        -- 2. Select metrics we need (using sanitized column names)
        Total_Supply as total_supply,
        Total_Usage as total_usage,
        Ending_Stocks as ending_stocks,
        
        -- Optional: Keep other useful columns
        Planted_Acres as planted_acres,
        Harvested_Acres as harvested_acres,
        Actual_Yield as actual_yield,
        Production as production

    from source
),

calculated as (
    select
        *,
        -- 3. Calculate Stock-to-Use Ratio
        -- Formula: (Ending Stocks / Total Usage)
        -- Use SAFE_DIVIDE to prevent errors if Usage is ever 0
        SAFE_DIVIDE(ending_stocks, total_usage) as stock_to_use_ratio

    from cleaned
)

select * from calculated
order by year desc
    );
  
[0m11:24:55.673970 [debug] [Thread-1 (]: BigQuery adapter: https://console.cloud.google.com/bigquery?project=us-corn-data&j=bq:US:a64dc575-3d11-45a3-8386-dd04c8e03f79&page=queryresults
[0m11:24:57.438987 [debug] [Thread-1 (]: SQL status: OK in 1.763 seconds
[0m11:24:57.659761 [debug] [Thread-1 (]: Sending event: {'category': 'dbt', 'action': 'run_model', 'label': '1db8b5ce-9f96-4c59-8ffb-cd605616c6b7', 'context': [<snowplow_tracker.self_describing_json.SelfDescribingJson object at 0x000001DC292D00E0>]}
[0m11:24:57.660771 [info ] [Thread-1 (]: 4 of 6 OK created sql table model us_corn_data_transformed.stg_corn_supply_demand  [[32mCREATE TABLE (52.0 rows, 3.2 KiB processed)[0m in 3.49s]
[0m11:24:57.661422 [debug] [Thread-1 (]: Finished running node model.corn_market_project.stg_corn_supply_demand
[0m11:24:57.662456 [debug] [Thread-1 (]: Began running node model.corn_market_project.stg_corn_climate_features
[0m11:24:57.662456 [info ] [Thread-1 (]: 5 of 6 START sql table model us_corn_data_transformed.stg_corn_climate_features  [RUN]
[0m11:24:57.663453 [debug] [Thread-1 (]: Re-using an available connection from the pool (formerly model.corn_market_project.stg_corn_supply_demand, now model.corn_market_project.stg_corn_climate_features)
[0m11:24:57.664462 [debug] [Thread-1 (]: Began compiling node model.corn_market_project.stg_corn_climate_features
[0m11:24:57.668433 [debug] [Thread-1 (]: Writing injected SQL for node "model.corn_market_project.stg_corn_climate_features"
[0m11:24:57.669453 [debug] [Thread-1 (]: Began executing node model.corn_market_project.stg_corn_climate_features
[0m11:24:57.673453 [debug] [Thread-1 (]: Writing runtime sql for node "model.corn_market_project.stg_corn_climate_features"
[0m11:24:57.674465 [debug] [Thread-1 (]: On model.corn_market_project.stg_corn_climate_features: /* {"app": "dbt", "dbt_version": "1.11.2", "profile_name": "corn_market_project", "target_name": "dev", "node_id": "model.corn_market_project.stg_corn_climate_features"} */

  
    

    create or replace table `us-corn-data`.`us_corn_data_transformed`.`stg_corn_climate_features`
      
    
    

    
    OPTIONS()
    as (
      with climate_source as (
    select * from `us-corn-data`.`us_corn_data`.`us_climate_data`
),

planting_source as (
    select * from `us-corn-data`.`us_corn_data_transformed`.`stg_corn_plantings`
),

daily_metrics as (
    select
        -- FIX 1: Extract Year from the Date column instead of looking for a 'year' column
        EXTRACT(YEAR FROM c.date) as year,
        
        c.date as weather_date,
        EXTRACT(DAYOFYEAR FROM c.date) as weather_doy,
        
        CAST(c.Precipitation as FLOAT64) as prcp,
        CAST(c.Max_Temp as FLOAT64) as tmax,
        
        p.planting_50_pct_doy

    from climate_source c
    -- FIX 2: Join on the Extracted Year
    inner join planting_source p on EXTRACT(YEAR FROM c.date) = p.year
),

aggregated_features as (
    select
        year,
        planting_50_pct_doy,

        -- 1. Rain Effectiveness (March-June)
        SUM(CASE 
            WHEN weather_doy BETWEEN 60 AND 181 THEN prcp 
            ELSE 0 
        END) as soil_prep_rain_cumulative,

        -- 2. Heat Stress (Pollination Window)
        COUNT(CASE 
            WHEN weather_doy BETWEEN (planting_50_pct_doy + 60) AND (planting_50_pct_doy + 90)
            AND tmax > 35 
            THEN 1 
            ELSE NULL 
        END) as heat_stress_days_count,

        -- 3. Post-Pollination Rain
        SUM(CASE 
            WHEN weather_doy BETWEEN (planting_50_pct_doy + 60) AND (planting_50_pct_doy + 90)
            THEN prcp 
            ELSE 0 
        END) as post_pollination_rain_cumulative

    from daily_metrics
    group by year, planting_50_pct_doy
)

select
    year,
    planting_50_pct_doy,
    
    -- Final Calculations
    SAFE_DIVIDE(soil_prep_rain_cumulative, planting_50_pct_doy) as rainfall_effectiveness_index,
    heat_stress_days_count as temp_stress_july_count,
    post_pollination_rain_cumulative as post_pollination_rain

from aggregated_features
order by year desc
    );
  
[0m11:24:57.675453 [debug] [Thread-1 (]: Opening a new connection, currently in state closed
[0m11:24:58.895720 [debug] [Thread-1 (]: BigQuery adapter: https://console.cloud.google.com/bigquery?project=us-corn-data&j=bq:US:7e52e7aa-4291-4c2d-adfd-329a59079858&page=queryresults
[0m11:25:00.582462 [debug] [Thread-1 (]: SQL status: OK in 1.688 seconds
[0m11:25:00.825192 [debug] [Thread-1 (]: Sending event: {'category': 'dbt', 'action': 'run_model', 'label': '1db8b5ce-9f96-4c59-8ffb-cd605616c6b7', 'context': [<snowplow_tracker.self_describing_json.SelfDescribingJson object at 0x000001DC29380A10>]}
[0m11:25:00.825192 [info ] [Thread-1 (]: 5 of 6 OK created sql table model us_corn_data_transformed.stg_corn_climate_features  [[32mCREATE TABLE (39.0 rows, 445.8 KiB processed)[0m in 3.16s]
[0m11:25:00.841179 [debug] [Thread-1 (]: Finished running node model.corn_market_project.stg_corn_climate_features
[0m11:25:00.841179 [debug] [Thread-1 (]: Began running node model.corn_market_project.mart_corn_model_data
[0m11:25:00.841179 [info ] [Thread-1 (]: 6 of 6 START sql table model us_corn_data_transformed.mart_corn_model_data ..... [RUN]
[0m11:25:00.841179 [debug] [Thread-1 (]: Re-using an available connection from the pool (formerly model.corn_market_project.stg_corn_climate_features, now model.corn_market_project.mart_corn_model_data)
[0m11:25:00.841179 [debug] [Thread-1 (]: Began compiling node model.corn_market_project.mart_corn_model_data
[0m11:25:00.841179 [debug] [Thread-1 (]: Writing injected SQL for node "model.corn_market_project.mart_corn_model_data"
[0m11:25:00.841179 [debug] [Thread-1 (]: Began executing node model.corn_market_project.mart_corn_model_data
[0m11:25:00.853514 [debug] [Thread-1 (]: Writing runtime sql for node "model.corn_market_project.mart_corn_model_data"
[0m11:25:00.853514 [debug] [Thread-1 (]: On model.corn_market_project.mart_corn_model_data: /* {"app": "dbt", "dbt_version": "1.11.2", "profile_name": "corn_market_project", "target_name": "dev", "node_id": "model.corn_market_project.mart_corn_model_data"} */

  
    

    create or replace table `us-corn-data`.`us_corn_data_transformed`.`mart_corn_model_data`
      
    
    

    
    OPTIONS()
    as (
      with prices as (
    select * from `us-corn-data`.`us_corn_data_transformed`.`stg_corn_prices`
),

supply as (
    select * from `us-corn-data`.`us_corn_data_transformed`.`stg_corn_supply_demand`
),

conditions as (
    select * from `us-corn-data`.`us_corn_data_transformed`.`stg_corn_conditions`
),

climate as (
    select * from `us-corn-data`.`us_corn_data_transformed`.`stg_corn_climate_features`
),

final_join as (
    select
        -- The "Key" (Year)
        p.year,
        
        -- TARGET VARIABLE (What we want to predict)
        p.price_per_bushel,
        
        -- FEATURES (The predictors)
        -- 1. Supply & Demand Metrics
        s.stock_to_use_ratio,
        s.ending_stocks,
        s.total_supply,
        
        -- 2. Crop Health Metrics (July Pollination Window)
        c.avg_condition_pollination_index,
        
        -- 3. Bio-Meteorological Metrics
        cl.planting_50_pct_doy,
        cl.rainfall_effectiveness_index,
        cl.temp_stress_july_count,
        cl.post_pollination_rain

    from prices p
    
    -- Left Join: We want to keep Price data even if a feature is missing (rare, but safer)
    left join supply s on p.year = s.year
    left join conditions c on p.year = c.year
    left join climate cl on p.year = cl.year
)

select * from final_join
-- Final filter: Drop 2025/future years where we might have partial data but no price yet
where price_per_bushel IS NOT NULL
order by year desc
    );
  
[0m11:25:00.853514 [debug] [Thread-1 (]: Opening a new connection, currently in state closed
[0m11:25:02.020033 [debug] [Thread-1 (]: BigQuery adapter: https://console.cloud.google.com/bigquery?project=us-corn-data&j=bq:US:80369345-0335-4276-a27d-f942081e9498&page=queryresults
[0m11:25:03.712258 [debug] [Thread-1 (]: SQL status: OK in 1.701 seconds
[0m11:25:03.937293 [debug] [Thread-1 (]: Sending event: {'category': 'dbt', 'action': 'run_model', 'label': '1db8b5ce-9f96-4c59-8ffb-cd605616c6b7', 'context': [<snowplow_tracker.self_describing_json.SelfDescribingJson object at 0x000001DC29380A70>]}
[0m11:25:03.937293 [info ] [Thread-1 (]: 6 of 6 OK created sql table model us_corn_data_transformed.mart_corn_model_data  [[32mCREATE TABLE (104.0 rows, 5.4 KiB processed)[0m in 3.10s]
[0m11:25:03.937293 [debug] [Thread-1 (]: Finished running node model.corn_market_project.mart_corn_model_data
[0m11:25:03.937293 [debug] [MainThread]: Opening a new connection, currently in state closed
[0m11:25:03.948373 [debug] [MainThread]: Connection 'master' was properly closed.
[0m11:25:03.948373 [debug] [MainThread]: Connection 'list_us-corn-data' was properly closed.
[0m11:25:03.948373 [debug] [MainThread]: Connection 'list_us-corn-data_us_corn_data_transformed' was properly closed.
[0m11:25:03.948373 [debug] [MainThread]: Connection 'model.corn_market_project.mart_corn_model_data' was properly closed.
[0m11:25:03.948373 [info ] [MainThread]: 
[0m11:25:03.948373 [info ] [MainThread]: Finished running 6 table models in 0 hours 0 minutes and 22.22 seconds (22.22s).
[0m11:25:03.953122 [debug] [MainThread]: Command end result
[0m11:25:03.982909 [debug] [MainThread]: Wrote artifact WritableManifest to C:\Users\takudzwarioga\Documents\Dev\US_Corn_Price_Analysis\data_transformation\target\manifest.json
[0m11:25:03.984679 [debug] [MainThread]: Wrote artifact SemanticManifest to C:\Users\takudzwarioga\Documents\Dev\US_Corn_Price_Analysis\data_transformation\target\semantic_manifest.json
[0m11:25:03.988718 [debug] [MainThread]: Wrote artifact RunExecutionResult to C:\Users\takudzwarioga\Documents\Dev\US_Corn_Price_Analysis\data_transformation\target\run_results.json
[0m11:25:03.988718 [info ] [MainThread]: 
[0m11:25:03.988718 [info ] [MainThread]: [32mCompleted successfully[0m
[0m11:25:03.988718 [info ] [MainThread]: 
[0m11:25:03.988718 [info ] [MainThread]: Done. PASS=6 WARN=0 ERROR=0 SKIP=0 NO-OP=0 TOTAL=6
[0m11:25:03.996030 [debug] [MainThread]: Command `dbt run` succeeded at 11:25:03.996030 after 33.21 seconds
[0m11:25:03.996030 [debug] [MainThread]: Sending event: {'category': 'dbt', 'action': 'invocation', 'label': 'end', 'context': [<snowplow_tracker.self_describing_json.SelfDescribingJson object at 0x000001DC786A6B70>, <snowplow_tracker.self_describing_json.SelfDescribingJson object at 0x000001DC28476150>, <snowplow_tracker.self_describing_json.SelfDescribingJson object at 0x000001DC282B1970>]}
[0m11:25:03.996030 [debug] [MainThread]: Flushing usage events
[0m11:25:04.769049 [debug] [MainThread]: An error was encountered while trying to flush usage events
[0m11:46:51.958845 [debug] [MainThread]: Sending event: {'category': 'dbt', 'action': 'invocation', 'label': 'start', 'context': [<snowplow_tracker.self_describing_json.SelfDescribingJson object at 0x0000028C35DC5430>, <snowplow_tracker.self_describing_json.SelfDescribingJson object at 0x0000028C38F86540>, <snowplow_tracker.self_describing_json.SelfDescribingJson object at 0x0000028C38C03BC0>]}


============================== 11:46:51.964630 | fe89e499-6aab-4144-b52b-a712a9d8608b ==============================
[0m11:46:51.964630 [info ] [MainThread]: Running with dbt=1.11.2
[0m11:46:51.965645 [debug] [MainThread]: running dbt with arguments {'static_parser': 'True', 'no_print': 'None', 'version_check': 'True', 'target_path': 'None', 'warn_error_options': 'WarnErrorOptionsV2(error=[], warn=[], silence=[])', 'printer_width': '80', 'write_json': 'True', 'introspect': 'True', 'log_cache_events': 'False', 'empty': 'None', 'cache_selected_only': 'False', 'fail_fast': 'False', 'debug': 'False', 'log_format': 'default', 'profiles_dir': '.', 'send_anonymous_usage_stats': 'True', 'quiet': 'False', 'warn_error': 'None', 'partial_parse': 'True', 'invocation_command': 'dbt deps --profiles-dir .', 'indirect_selection': 'eager', 'use_colors': 'True', 'use_experimental_parser': 'False', 'log_path': 'C:\\Users\\takudzwarioga\\Documents\\Dev\\US_Corn_Price_Analysis\\data_transformation\\logs'}
[0m11:46:52.090110 [debug] [MainThread]: Sending event: {'category': 'dbt', 'action': 'project_id', 'label': 'fe89e499-6aab-4144-b52b-a712a9d8608b', 'context': [<snowplow_tracker.self_describing_json.SelfDescribingJson object at 0x0000028C392A02F0>]}
[0m11:46:52.126340 [info ] [MainThread]: Warning: No packages were found in packages.yml
[0m11:46:52.128350 [info ] [MainThread]: Warning: No packages were found in packages.yml
[0m11:46:52.130332 [debug] [MainThread]: Command `dbt deps` succeeded at 11:46:52.129356 after 0.39 seconds
[0m11:46:52.130332 [debug] [MainThread]: Sending event: {'category': 'dbt', 'action': 'invocation', 'label': 'end', 'context': [<snowplow_tracker.self_describing_json.SelfDescribingJson object at 0x0000028C3A353980>, <snowplow_tracker.self_describing_json.SelfDescribingJson object at 0x0000028C392A02F0>, <snowplow_tracker.self_describing_json.SelfDescribingJson object at 0x0000028C37B6B710>]}
[0m11:46:52.130332 [debug] [MainThread]: Flushing usage events
[0m11:46:52.928466 [debug] [MainThread]: An error was encountered while trying to flush usage events
[0m11:46:55.708225 [debug] [MainThread]: Sending event: {'category': 'dbt', 'action': 'invocation', 'label': 'start', 'context': [<snowplow_tracker.self_describing_json.SelfDescribingJson object at 0x0000014A114DE810>, <snowplow_tracker.self_describing_json.SelfDescribingJson object at 0x0000014A1119B950>, <snowplow_tracker.self_describing_json.SelfDescribingJson object at 0x0000014A143EA9F0>]}


============================== 11:46:55.714442 | b617f044-2402-470c-8ce8-32a16bc21833 ==============================
[0m11:46:55.714442 [info ] [MainThread]: Running with dbt=1.11.2
[0m11:46:55.715753 [debug] [MainThread]: running dbt with arguments {'version_check': 'True', 'no_print': 'None', 'static_parser': 'True', 'target_path': 'None', 'warn_error_options': 'WarnErrorOptionsV2(error=[], warn=[], silence=[])', 'printer_width': '80', 'write_json': 'True', 'empty': 'False', 'log_cache_events': 'False', 'introspect': 'True', 'cache_selected_only': 'False', 'fail_fast': 'False', 'debug': 'False', 'log_format': 'default', 'profiles_dir': '.', 'send_anonymous_usage_stats': 'True', 'quiet': 'False', 'warn_error': 'None', 'partial_parse': 'True', 'use_colors': 'True', 'indirect_selection': 'eager', 'invocation_command': 'dbt run --profiles-dir .', 'use_experimental_parser': 'False', 'log_path': 'C:\\Users\\takudzwarioga\\Documents\\Dev\\US_Corn_Price_Analysis\\data_transformation\\logs'}
[0m11:47:05.731710 [debug] [MainThread]: Sending event: {'category': 'dbt', 'action': 'project_id', 'label': 'b617f044-2402-470c-8ce8-32a16bc21833', 'context': [<snowplow_tracker.self_describing_json.SelfDescribingJson object at 0x0000014A3D88FD10>]}
[0m11:47:05.788773 [debug] [MainThread]: Sending event: {'category': 'dbt', 'action': 'adapter_info', 'label': 'b617f044-2402-470c-8ce8-32a16bc21833', 'context': [<snowplow_tracker.self_describing_json.SelfDescribingJson object at 0x0000014A1384A7E0>]}
[0m11:47:05.788773 [info ] [MainThread]: Registered adapter: bigquery=1.11.0
[0m11:47:06.360266 [debug] [MainThread]: checksum: 3d40d8bbe1bef07db1c24822f2dbfff8bc07f2a48ed4fe2658a40653aec0b54b, vars: {}, profile: , target: , version: 1.11.2
[0m11:47:06.503950 [debug] [MainThread]: Partial parsing enabled: 0 files deleted, 0 files added, 1 files changed.
[0m11:47:06.503950 [debug] [MainThread]: Partial parsing: updated file: corn_market_project://models\stg_corn_supply_demand.sql
[0m11:47:06.742472 [debug] [MainThread]: Sending event: {'category': 'dbt', 'action': 'load_project', 'label': 'b617f044-2402-470c-8ce8-32a16bc21833', 'context': [<snowplow_tracker.self_describing_json.SelfDescribingJson object at 0x0000014A43CEF200>]}
[0m11:47:06.809245 [debug] [MainThread]: Wrote artifact WritableManifest to C:\Users\takudzwarioga\Documents\Dev\US_Corn_Price_Analysis\data_transformation\target\manifest.json
[0m11:47:06.812081 [debug] [MainThread]: Wrote artifact SemanticManifest to C:\Users\takudzwarioga\Documents\Dev\US_Corn_Price_Analysis\data_transformation\target\semantic_manifest.json
[0m11:47:06.845449 [debug] [MainThread]: Sending event: {'category': 'dbt', 'action': 'resource_counts', 'label': 'b617f044-2402-470c-8ce8-32a16bc21833', 'context': [<snowplow_tracker.self_describing_json.SelfDescribingJson object at 0x0000014A43AADD00>]}
[0m11:47:06.846453 [info ] [MainThread]: Found 6 models, 5 sources, 537 macros
[0m11:47:06.846886 [debug] [MainThread]: Sending event: {'category': 'dbt', 'action': 'runnable_timing', 'label': 'b617f044-2402-470c-8ce8-32a16bc21833', 'context': [<snowplow_tracker.self_describing_json.SelfDescribingJson object at 0x0000014A43E75040>]}
[0m11:47:06.849314 [info ] [MainThread]: 
[0m11:47:06.850329 [info ] [MainThread]: Concurrency: 1 threads (target='dev')
[0m11:47:06.850329 [info ] [MainThread]: 
[0m11:47:06.851337 [debug] [MainThread]: Acquiring new bigquery connection 'master'
[0m11:47:06.856336 [debug] [ThreadPool]: Acquiring new bigquery connection 'list_us-corn-data'
[0m11:47:06.857336 [debug] [ThreadPool]: Opening a new connection, currently in state init
[0m11:47:07.839189 [debug] [ThreadPool]: Acquiring new bigquery connection 'list_us-corn-data_us_corn_data_transformed'
[0m11:47:07.840208 [debug] [ThreadPool]: Opening a new connection, currently in state init
[0m11:47:08.828217 [debug] [MainThread]: Sending event: {'category': 'dbt', 'action': 'runnable_timing', 'label': 'b617f044-2402-470c-8ce8-32a16bc21833', 'context': [<snowplow_tracker.self_describing_json.SelfDescribingJson object at 0x0000014A43577C20>]}
[0m11:47:08.829260 [debug] [MainThread]: Opening a new connection, currently in state init
[0m11:47:08.837248 [debug] [Thread-1 (]: Began running node model.corn_market_project.stg_corn_conditions
[0m11:47:08.838761 [info ] [Thread-1 (]: 1 of 6 START sql table model us_corn_data_transformed.stg_corn_conditions ...... [RUN]
[0m11:47:08.839930 [debug] [Thread-1 (]: Acquiring new bigquery connection 'model.corn_market_project.stg_corn_conditions'
[0m11:47:08.839930 [debug] [Thread-1 (]: Began compiling node model.corn_market_project.stg_corn_conditions
[0m11:47:08.847801 [debug] [Thread-1 (]: Writing injected SQL for node "model.corn_market_project.stg_corn_conditions"
[0m11:47:08.848781 [debug] [Thread-1 (]: Began executing node model.corn_market_project.stg_corn_conditions
[0m11:47:08.863804 [debug] [Thread-1 (]: Opening a new connection, currently in state init
[0m11:47:09.789933 [debug] [Thread-1 (]: Writing runtime sql for node "model.corn_market_project.stg_corn_conditions"
[0m11:47:09.789933 [debug] [Thread-1 (]: On model.corn_market_project.stg_corn_conditions: /* {"app": "dbt", "dbt_version": "1.11.2", "profile_name": "corn_market_project", "target_name": "dev", "node_id": "model.corn_market_project.stg_corn_conditions"} */

  
    

    create or replace table `us-corn-data`.`us_corn_data_transformed`.`stg_corn_conditions`
      
    
    

    
    OPTIONS()
    as (
      with source as (
    select * from `us-corn-data`.`us_corn_data`.`us_corn_conditions`
),

base_data as (
    select
        CAST(Year as INT64) as year,
        -- Extract Week Number (1-52) from the date
        EXTRACT(ISOWEEK FROM PARSE_DATE('%Y-%m-%d', Week_Ending)) as week_num,
        Data_Item,
        CAST(Value as INT64) as pct_value
    from source
),

pivoted as (
    select
        year,
        week_num,
        -- Pivot: Create a column for each category
        -- We use MAX() here to grab the value for that specific category in that specific week
        MAX(CASE WHEN Data_Item LIKE '%VERY POOR%' THEN pct_value ELSE 0 END) as vp,
        MAX(CASE WHEN Data_Item LIKE '%PCT POOR%' THEN pct_value ELSE 0 END) as p,
        MAX(CASE WHEN Data_Item LIKE '%FAIR%' THEN pct_value ELSE 0 END) as f,
        MAX(CASE WHEN Data_Item LIKE '%PCT GOOD%' THEN pct_value ELSE 0 END) as g,
        MAX(CASE WHEN Data_Item LIKE '%EXCELLENT%' THEN pct_value ELSE 0 END) as e
    from base_data
    group by year, week_num
),

calculated_index as (
    select
        year,
        week_num,
        vp, p, f, g, e,
        
        -- Calculate Total (Should be ~100, but we calculate to be safe)
        (vp + p + f + g + e) as total_pct,

        -- THE FORMULA: Weighted Average
        -- Scale: 100 (All Very Poor) to 500 (All Excellent)
        SAFE_DIVIDE(
            (vp * 1) + (p * 2) + (f * 3) + (g * 4) + (e * 5),
            (vp + p + f + g + e)
        ) as condition_index

    from pivoted
    -- Filter: Only keep the critical Pollination Window (Weeks 28-32)
    where week_num BETWEEN 28 AND 32
)

select
    year,
    -- Aggregate to one single number per year (The Average during Pollination)
    ROUND(AVG(condition_index), 2) as avg_condition_pollination_index
from calculated_index
group by year
order by year desc
    );
  
[0m11:47:10.288130 [debug] [Thread-1 (]: BigQuery adapter: https://console.cloud.google.com/bigquery?project=us-corn-data&j=bq:US:7f8176d8-3450-4b7b-8152-a5c70cfb5da1&page=queryresults
[0m11:47:12.296686 [debug] [Thread-1 (]: SQL status: OK in 2.003 seconds
[0m11:47:12.620477 [debug] [Thread-1 (]: Sending event: {'category': 'dbt', 'action': 'run_model', 'label': 'b617f044-2402-470c-8ce8-32a16bc21833', 'context': [<snowplow_tracker.self_describing_json.SelfDescribingJson object at 0x0000014A3D946780>]}
[0m11:47:12.621525 [info ] [Thread-1 (]: 1 of 6 OK created sql table model us_corn_data_transformed.stg_corn_conditions . [[32mCREATE TABLE (39.0 rows, 548.6 KiB processed)[0m in 3.78s]
[0m11:47:12.622514 [debug] [Thread-1 (]: Finished running node model.corn_market_project.stg_corn_conditions
[0m11:47:12.622514 [debug] [Thread-1 (]: Began running node model.corn_market_project.stg_corn_plantings
[0m11:47:12.623508 [info ] [Thread-1 (]: 2 of 6 START sql table model us_corn_data_transformed.stg_corn_plantings ....... [RUN]
[0m11:47:12.624518 [debug] [Thread-1 (]: Re-using an available connection from the pool (formerly model.corn_market_project.stg_corn_conditions, now model.corn_market_project.stg_corn_plantings)
[0m11:47:12.624518 [debug] [Thread-1 (]: Began compiling node model.corn_market_project.stg_corn_plantings
[0m11:47:12.628514 [debug] [Thread-1 (]: Writing injected SQL for node "model.corn_market_project.stg_corn_plantings"
[0m11:47:12.630531 [debug] [Thread-1 (]: Began executing node model.corn_market_project.stg_corn_plantings
[0m11:47:12.633068 [debug] [Thread-1 (]: Opening a new connection, currently in state closed
[0m11:47:13.564545 [debug] [Thread-1 (]: Writing runtime sql for node "model.corn_market_project.stg_corn_plantings"
[0m11:47:13.566665 [debug] [Thread-1 (]: On model.corn_market_project.stg_corn_plantings: /* {"app": "dbt", "dbt_version": "1.11.2", "profile_name": "corn_market_project", "target_name": "dev", "node_id": "model.corn_market_project.stg_corn_plantings"} */

  
    

    create or replace table `us-corn-data`.`us_corn_data_transformed`.`stg_corn_plantings`
      
    
    

    
    OPTIONS()
    as (
      with source as (
    select * from `us-corn-data`.`us_corn_data`.`us_corn_plantings`
),

cleaned as (
    select
        -- 1. Standardize Year
        CAST(Year as INT64) as year,
        
        -- 2. Parse the Date (Column 'Week Ending' became 'Week_Ending')
        PARSE_DATE('%Y-%m-%d', Week_Ending) as measurement_date,
        
        -- 3. Value is the Percentage (0-100)
        CAST(Value as INT64) as progress_pct,
        
        -- 4. Keep Data_Item just for the safety check below
        Data_Item as data_item

    from source
    -- Safety Check: Even though the scraper filters this, we double-check here.
    where Data_Item LIKE '%PCT PLANTED%'
),

calc_threshold as (
    select
        year,
        -- Find the EARLIEST date where progress was >= 50%
        MIN(measurement_date) as date_reached_50_pct
    from cleaned
    where progress_pct >= 50
    group by year
)

select
    year,
    -- Convert that date into a simple integer (Day of Year 1-365)
    -- Example: May 20th becomes ~140
    EXTRACT(DAYOFYEAR FROM date_reached_50_pct) as planting_50_pct_doy
from calc_threshold
order by year desc
    );
  
[0m11:47:14.006995 [debug] [Thread-1 (]: BigQuery adapter: https://console.cloud.google.com/bigquery?project=us-corn-data&j=bq:US:65e3e377-9ad4-4dd8-b409-dca1044d1c31&page=queryresults
[0m11:47:15.696802 [debug] [Thread-1 (]: SQL status: OK in 1.676 seconds
[0m11:47:15.945439 [debug] [Thread-1 (]: Sending event: {'category': 'dbt', 'action': 'run_model', 'label': 'b617f044-2402-470c-8ce8-32a16bc21833', 'context': [<snowplow_tracker.self_describing_json.SelfDescribingJson object at 0x0000014A4455C770>]}
[0m11:47:15.946932 [info ] [Thread-1 (]: 2 of 6 OK created sql table model us_corn_data_transformed.stg_corn_plantings .. [[32mCREATE TABLE (39.0 rows, 23.8 KiB processed)[0m in 3.32s]
[0m11:47:15.947989 [debug] [Thread-1 (]: Finished running node model.corn_market_project.stg_corn_plantings
[0m11:47:15.949002 [debug] [Thread-1 (]: Began running node model.corn_market_project.stg_corn_prices
[0m11:47:15.949002 [info ] [Thread-1 (]: 3 of 6 START sql table model us_corn_data_transformed.stg_corn_prices .......... [RUN]
[0m11:47:15.949997 [debug] [Thread-1 (]: Re-using an available connection from the pool (formerly model.corn_market_project.stg_corn_plantings, now model.corn_market_project.stg_corn_prices)
[0m11:47:15.950996 [debug] [Thread-1 (]: Began compiling node model.corn_market_project.stg_corn_prices
[0m11:47:15.956420 [debug] [Thread-1 (]: Writing injected SQL for node "model.corn_market_project.stg_corn_prices"
[0m11:47:15.957430 [debug] [Thread-1 (]: Began executing node model.corn_market_project.stg_corn_prices
[0m11:47:15.961087 [debug] [Thread-1 (]: Writing runtime sql for node "model.corn_market_project.stg_corn_prices"
[0m11:47:15.962265 [debug] [Thread-1 (]: On model.corn_market_project.stg_corn_prices: /* {"app": "dbt", "dbt_version": "1.11.2", "profile_name": "corn_market_project", "target_name": "dev", "node_id": "model.corn_market_project.stg_corn_prices"} */

  
    

    create or replace table `us-corn-data`.`us_corn_data_transformed`.`stg_corn_prices`
      
    
    

    
    OPTIONS()
    as (
      -- data_transformation/models/stg_corn_prices.sql

with source as (
    -- Pull data from the raw table created by your Python script
    select * from `us-corn-data`.`us_corn_data`.`us_corn_prices`
),

cleaned as (
    select
        -- 1. Select and Rename Columns
        CAST(Year as INT64) as year,
        `Data_Item` as data_item,  -- Use backticks because the column name has a space
        CAST(Value as FLOAT64) as price_per_bushel,
        
        -- Keep Period just in case we need to debug later, but we filter on it below
        Period as period

    from source
)

select
    year,
    data_item,
    price_per_bushel
from cleaned
-- 2. Apply the Logic: Only keep November records
where period = 'NOV'
order by year desc
    );
  
[0m11:47:15.962265 [debug] [Thread-1 (]: Opening a new connection, currently in state closed
[0m11:47:17.090790 [debug] [Thread-1 (]: BigQuery adapter: https://console.cloud.google.com/bigquery?project=us-corn-data&j=bq:US:0ca5dd48-f162-4eae-89c3-db4d28c06b6e&page=queryresults
[0m11:47:18.775763 [debug] [Thread-1 (]: SQL status: OK in 1.699 seconds
[0m11:47:19.012581 [debug] [Thread-1 (]: Sending event: {'category': 'dbt', 'action': 'run_model', 'label': 'b617f044-2402-470c-8ce8-32a16bc21833', 'context': [<snowplow_tracker.self_describing_json.SelfDescribingJson object at 0x0000014A43F37C50>]}
[0m11:47:19.012581 [info ] [Thread-1 (]: 3 of 6 OK created sql table model us_corn_data_transformed.stg_corn_prices ..... [[32mCREATE TABLE (104.0 rows, 86.5 KiB processed)[0m in 3.06s]
[0m11:47:19.014605 [debug] [Thread-1 (]: Finished running node model.corn_market_project.stg_corn_prices
[0m11:47:19.014605 [debug] [Thread-1 (]: Began running node model.corn_market_project.stg_corn_supply_demand
[0m11:47:19.015620 [info ] [Thread-1 (]: 4 of 6 START sql table model us_corn_data_transformed.stg_corn_supply_demand ... [RUN]
[0m11:47:19.016253 [debug] [Thread-1 (]: Re-using an available connection from the pool (formerly model.corn_market_project.stg_corn_prices, now model.corn_market_project.stg_corn_supply_demand)
[0m11:47:19.017371 [debug] [Thread-1 (]: Began compiling node model.corn_market_project.stg_corn_supply_demand
[0m11:47:19.021379 [debug] [Thread-1 (]: Writing injected SQL for node "model.corn_market_project.stg_corn_supply_demand"
[0m11:47:19.023000 [debug] [Thread-1 (]: Began executing node model.corn_market_project.stg_corn_supply_demand
[0m11:47:19.025665 [debug] [Thread-1 (]: Opening a new connection, currently in state closed
[0m11:47:19.961967 [debug] [Thread-1 (]: Writing runtime sql for node "model.corn_market_project.stg_corn_supply_demand"
[0m11:47:19.963961 [debug] [Thread-1 (]: On model.corn_market_project.stg_corn_supply_demand: /* {"app": "dbt", "dbt_version": "1.11.2", "profile_name": "corn_market_project", "target_name": "dev", "node_id": "model.corn_market_project.stg_corn_supply_demand"} */

  
    

    create or replace table `us-corn-data`.`us_corn_data_transformed`.`stg_corn_supply_demand`
      
    
    

    
    OPTIONS()
    as (
      with source as (
    select * from `us-corn-data`.`us_corn_data`.`us_corn_supply_demand`
),

cleaned as (
    select
        -- 1. Fix the Year (Float -> Integer)
        CAST(Year as INT64) as year,

        Planted_Acres as planted_acres,
        Harvested_Acres as harvested_acres,
        Actual_Yield as actual_yield,
        Production as production,
        Exports as exports,
        Imports as imports,
        Total_Supply as total_supply,
        Total_Usage as total_usage,
        Ending_Stocks as ending_stocks,

    from source
),

calculated as (
    select
        *,
        -- 3. Calculate Stock-to-Use Ratio
        -- Formula: (Ending Stocks / Total Usage)
        -- Use SAFE_DIVIDE to prevent errors if Usage is ever 0
        SAFE_DIVIDE(ending_stocks, total_usage) as stock_to_use_ratio

    from cleaned
)

select * from calculated
order by year desc
    );
  
[0m11:47:20.453088 [debug] [Thread-1 (]: BigQuery adapter: https://console.cloud.google.com/bigquery?project=us-corn-data&j=bq:US:0e77294e-441b-4273-a9ee-a0d45308993b&page=queryresults
[0m11:47:22.123551 [debug] [Thread-1 (]: SQL status: OK in 1.670 seconds
[0m11:47:22.338303 [debug] [Thread-1 (]: Sending event: {'category': 'dbt', 'action': 'run_model', 'label': 'b617f044-2402-470c-8ce8-32a16bc21833', 'context': [<snowplow_tracker.self_describing_json.SelfDescribingJson object at 0x0000014A43EA4F20>]}
[0m11:47:22.339305 [info ] [Thread-1 (]: 4 of 6 OK created sql table model us_corn_data_transformed.stg_corn_supply_demand  [[32mCREATE TABLE (52.0 rows, 4.1 KiB processed)[0m in 3.32s]
[0m11:47:22.340364 [debug] [Thread-1 (]: Finished running node model.corn_market_project.stg_corn_supply_demand
[0m11:47:22.341485 [debug] [Thread-1 (]: Began running node model.corn_market_project.stg_corn_climate_features
[0m11:47:22.341485 [info ] [Thread-1 (]: 5 of 6 START sql table model us_corn_data_transformed.stg_corn_climate_features  [RUN]
[0m11:47:22.342482 [debug] [Thread-1 (]: Re-using an available connection from the pool (formerly model.corn_market_project.stg_corn_supply_demand, now model.corn_market_project.stg_corn_climate_features)
[0m11:47:22.343598 [debug] [Thread-1 (]: Began compiling node model.corn_market_project.stg_corn_climate_features
[0m11:47:22.347655 [debug] [Thread-1 (]: Writing injected SQL for node "model.corn_market_project.stg_corn_climate_features"
[0m11:47:22.349021 [debug] [Thread-1 (]: Began executing node model.corn_market_project.stg_corn_climate_features
[0m11:47:22.352077 [debug] [Thread-1 (]: Opening a new connection, currently in state closed
[0m11:47:23.312272 [debug] [Thread-1 (]: Writing runtime sql for node "model.corn_market_project.stg_corn_climate_features"
[0m11:47:23.313272 [debug] [Thread-1 (]: On model.corn_market_project.stg_corn_climate_features: /* {"app": "dbt", "dbt_version": "1.11.2", "profile_name": "corn_market_project", "target_name": "dev", "node_id": "model.corn_market_project.stg_corn_climate_features"} */

  
    

    create or replace table `us-corn-data`.`us_corn_data_transformed`.`stg_corn_climate_features`
      
    
    

    
    OPTIONS()
    as (
      with climate_source as (
    select * from `us-corn-data`.`us_corn_data`.`us_climate_data`
),

planting_source as (
    select * from `us-corn-data`.`us_corn_data_transformed`.`stg_corn_plantings`
),

daily_metrics as (
    select
        -- FIX 1: Extract Year from the Date column instead of looking for a 'year' column
        EXTRACT(YEAR FROM c.date) as year,
        
        c.date as weather_date,
        EXTRACT(DAYOFYEAR FROM c.date) as weather_doy,
        
        CAST(c.Precipitation as FLOAT64) as prcp,
        CAST(c.Max_Temp as FLOAT64) as tmax,
        
        p.planting_50_pct_doy

    from climate_source c
    -- FIX 2: Join on the Extracted Year
    inner join planting_source p on EXTRACT(YEAR FROM c.date) = p.year
),

aggregated_features as (
    select
        year,
        planting_50_pct_doy,

        -- 1. Rain Effectiveness (March-June)
        SUM(CASE 
            WHEN weather_doy BETWEEN 60 AND 181 THEN prcp 
            ELSE 0 
        END) as soil_prep_rain_cumulative,

        -- 2. Heat Stress (Pollination Window)
        COUNT(CASE 
            WHEN weather_doy BETWEEN (planting_50_pct_doy + 60) AND (planting_50_pct_doy + 90)
            AND tmax > 35 
            THEN 1 
            ELSE NULL 
        END) as heat_stress_days_count,

        -- 3. Post-Pollination Rain
        SUM(CASE 
            WHEN weather_doy BETWEEN (planting_50_pct_doy + 60) AND (planting_50_pct_doy + 90)
            THEN prcp 
            ELSE 0 
        END) as post_pollination_rain_cumulative

    from daily_metrics
    group by year, planting_50_pct_doy
)

select
    year,
    planting_50_pct_doy,
    
    -- Final Calculations
    SAFE_DIVIDE(soil_prep_rain_cumulative, planting_50_pct_doy) as rainfall_effectiveness_index,
    heat_stress_days_count as temp_stress_july_count,
    post_pollination_rain_cumulative as post_pollination_rain

from aggregated_features
order by year desc
    );
  
[0m11:47:23.813043 [debug] [Thread-1 (]: BigQuery adapter: https://console.cloud.google.com/bigquery?project=us-corn-data&j=bq:US:4d21edf5-e39e-449e-af27-b2c343932fae&page=queryresults
[0m11:47:25.486456 [debug] [Thread-1 (]: SQL status: OK in 1.672 seconds
[0m11:47:25.741404 [debug] [Thread-1 (]: Sending event: {'category': 'dbt', 'action': 'run_model', 'label': 'b617f044-2402-470c-8ce8-32a16bc21833', 'context': [<snowplow_tracker.self_describing_json.SelfDescribingJson object at 0x0000014A43EA4EF0>]}
[0m11:47:25.742696 [info ] [Thread-1 (]: 5 of 6 OK created sql table model us_corn_data_transformed.stg_corn_climate_features  [[32mCREATE TABLE (39.0 rows, 445.8 KiB processed)[0m in 3.40s]
[0m11:47:25.743701 [debug] [Thread-1 (]: Finished running node model.corn_market_project.stg_corn_climate_features
[0m11:47:25.744910 [debug] [Thread-1 (]: Began running node model.corn_market_project.mart_corn_model_data
[0m11:47:25.746929 [info ] [Thread-1 (]: 6 of 6 START sql table model us_corn_data_transformed.mart_corn_model_data ..... [RUN]
[0m11:47:25.747929 [debug] [Thread-1 (]: Re-using an available connection from the pool (formerly model.corn_market_project.stg_corn_climate_features, now model.corn_market_project.mart_corn_model_data)
[0m11:47:25.747929 [debug] [Thread-1 (]: Began compiling node model.corn_market_project.mart_corn_model_data
[0m11:47:25.752938 [debug] [Thread-1 (]: Writing injected SQL for node "model.corn_market_project.mart_corn_model_data"
[0m11:47:25.754916 [debug] [Thread-1 (]: Began executing node model.corn_market_project.mart_corn_model_data
[0m11:47:25.756909 [debug] [Thread-1 (]: Opening a new connection, currently in state closed
[0m11:47:26.848038 [debug] [Thread-1 (]: Writing runtime sql for node "model.corn_market_project.mart_corn_model_data"
[0m11:47:26.849073 [debug] [Thread-1 (]: On model.corn_market_project.mart_corn_model_data: /* {"app": "dbt", "dbt_version": "1.11.2", "profile_name": "corn_market_project", "target_name": "dev", "node_id": "model.corn_market_project.mart_corn_model_data"} */

  
    

    create or replace table `us-corn-data`.`us_corn_data_transformed`.`mart_corn_model_data`
      
    
    

    
    OPTIONS()
    as (
      with prices as (
    select * from `us-corn-data`.`us_corn_data_transformed`.`stg_corn_prices`
),

supply as (
    select * from `us-corn-data`.`us_corn_data_transformed`.`stg_corn_supply_demand`
),

conditions as (
    select * from `us-corn-data`.`us_corn_data_transformed`.`stg_corn_conditions`
),

climate as (
    select * from `us-corn-data`.`us_corn_data_transformed`.`stg_corn_climate_features`
),

final_join as (
    select
        -- The "Key" (Year)
        p.year,
        
        -- TARGET VARIABLE (What we want to predict)
        p.price_per_bushel,
        
        -- FEATURES (The predictors)
        -- 1. Supply & Demand Metrics
        s.stock_to_use_ratio,
        s.ending_stocks,
        s.total_supply,
        
        -- 2. Crop Health Metrics (July Pollination Window)
        c.avg_condition_pollination_index,
        
        -- 3. Bio-Meteorological Metrics
        cl.planting_50_pct_doy,
        cl.rainfall_effectiveness_index,
        cl.temp_stress_july_count,
        cl.post_pollination_rain

    from prices p
    
    -- Left Join: We want to keep Price data even if a feature is missing (rare, but safer)
    left join supply s on p.year = s.year
    left join conditions c on p.year = c.year
    left join climate cl on p.year = cl.year
)

select * from final_join
-- Final filter: Drop 2025/future years where we might have partial data but no price yet
where price_per_bushel IS NOT NULL
order by year desc
    );
  
[0m11:47:27.281711 [debug] [Thread-1 (]: BigQuery adapter: https://console.cloud.google.com/bigquery?project=us-corn-data&j=bq:US:b78dd195-6c71-42ca-87e9-415b1ef5b5e9&page=queryresults
[0m11:47:28.981455 [debug] [Thread-1 (]: SQL status: OK in 1.700 seconds
[0m11:47:29.237870 [debug] [Thread-1 (]: Sending event: {'category': 'dbt', 'action': 'run_model', 'label': 'b617f044-2402-470c-8ce8-32a16bc21833', 'context': [<snowplow_tracker.self_describing_json.SelfDescribingJson object at 0x0000014A43EA4EF0>]}
[0m11:47:29.238928 [info ] [Thread-1 (]: 6 of 6 OK created sql table model us_corn_data_transformed.mart_corn_model_data  [[32mCREATE TABLE (104.0 rows, 5.4 KiB processed)[0m in 3.49s]
[0m11:47:29.239909 [debug] [Thread-1 (]: Finished running node model.corn_market_project.mart_corn_model_data
[0m11:47:29.241925 [debug] [MainThread]: Opening a new connection, currently in state closed
[0m11:47:29.244950 [debug] [MainThread]: Connection 'master' was properly closed.
[0m11:47:29.245940 [debug] [MainThread]: Connection 'list_us-corn-data' was properly closed.
[0m11:47:29.245940 [debug] [MainThread]: Connection 'list_us-corn-data_us_corn_data_transformed' was properly closed.
[0m11:47:29.245940 [debug] [MainThread]: Connection 'model.corn_market_project.mart_corn_model_data' was properly closed.
[0m11:47:29.246952 [info ] [MainThread]: 
[0m11:47:29.246952 [info ] [MainThread]: Finished running 6 table models in 0 hours 0 minutes and 22.39 seconds (22.39s).
[0m11:47:29.249094 [debug] [MainThread]: Command end result
[0m11:47:29.274772 [debug] [MainThread]: Wrote artifact WritableManifest to C:\Users\takudzwarioga\Documents\Dev\US_Corn_Price_Analysis\data_transformation\target\manifest.json
[0m11:47:29.277773 [debug] [MainThread]: Wrote artifact SemanticManifest to C:\Users\takudzwarioga\Documents\Dev\US_Corn_Price_Analysis\data_transformation\target\semantic_manifest.json
[0m11:47:29.284052 [debug] [MainThread]: Wrote artifact RunExecutionResult to C:\Users\takudzwarioga\Documents\Dev\US_Corn_Price_Analysis\data_transformation\target\run_results.json
[0m11:47:29.284052 [info ] [MainThread]: 
[0m11:47:29.284052 [info ] [MainThread]: [32mCompleted successfully[0m
[0m11:47:29.285479 [info ] [MainThread]: 
[0m11:47:29.286468 [info ] [MainThread]: Done. PASS=6 WARN=0 ERROR=0 SKIP=0 NO-OP=0 TOTAL=6
[0m11:47:29.286468 [debug] [MainThread]: Command `dbt run` succeeded at 11:47:29.286468 after 33.72 seconds
[0m11:47:29.286468 [debug] [MainThread]: Sending event: {'category': 'dbt', 'action': 'invocation', 'label': 'end', 'context': [<snowplow_tracker.self_describing_json.SelfDescribingJson object at 0x0000014A14086B40>, <snowplow_tracker.self_describing_json.SelfDescribingJson object at 0x0000014A43CEFE30>, <snowplow_tracker.self_describing_json.SelfDescribingJson object at 0x0000014A43C6AF00>]}
[0m11:47:29.287866 [debug] [MainThread]: Flushing usage events
[0m11:47:30.122758 [debug] [MainThread]: An error was encountered while trying to flush usage events
[0m11:57:23.507191 [debug] [MainThread]: Sending event: {'category': 'dbt', 'action': 'invocation', 'label': 'start', 'context': [<snowplow_tracker.self_describing_json.SelfDescribingJson object at 0x000001FF591B2FF0>, <snowplow_tracker.self_describing_json.SelfDescribingJson object at 0x000001FF5C14B890>, <snowplow_tracker.self_describing_json.SelfDescribingJson object at 0x000001FF5C148B90>]}


============================== 11:57:23.507191 | 1522783b-3e75-4e36-b4af-186aa22c97f0 ==============================
[0m11:57:23.507191 [info ] [MainThread]: Running with dbt=1.11.2
[0m11:57:23.507191 [debug] [MainThread]: running dbt with arguments {'static_parser': 'True', 'no_print': 'None', 'version_check': 'True', 'warn_error_options': 'WarnErrorOptionsV2(error=[], warn=[], silence=[])', 'target_path': 'None', 'printer_width': '80', 'write_json': 'True', 'introspect': 'True', 'log_cache_events': 'False', 'empty': 'None', 'cache_selected_only': 'False', 'log_format': 'default', 'debug': 'False', 'fail_fast': 'False', 'partial_parse': 'True', 'send_anonymous_usage_stats': 'True', 'quiet': 'False', 'warn_error': 'None', 'profiles_dir': '.', 'use_colors': 'True', 'invocation_command': 'dbt deps --profiles-dir .', 'indirect_selection': 'eager', 'use_experimental_parser': 'False', 'log_path': 'C:\\Users\\takudzwarioga\\Documents\\Dev\\US_Corn_Price_Analysis\\data_transformation\\logs'}
[0m11:57:23.642520 [debug] [MainThread]: Sending event: {'category': 'dbt', 'action': 'project_id', 'label': '1522783b-3e75-4e36-b4af-186aa22c97f0', 'context': [<snowplow_tracker.self_describing_json.SelfDescribingJson object at 0x000001FF5D067DD0>]}
[0m11:57:23.680301 [info ] [MainThread]: Warning: No packages were found in packages.yml
[0m11:57:23.682331 [info ] [MainThread]: Warning: No packages were found in packages.yml
[0m11:57:23.683321 [debug] [MainThread]: Command `dbt deps` succeeded at 11:57:23.683321 after 0.40 seconds
[0m11:57:23.684321 [debug] [MainThread]: Sending event: {'category': 'dbt', 'action': 'invocation', 'label': 'end', 'context': [<snowplow_tracker.self_describing_json.SelfDescribingJson object at 0x000001FF5C648B30>, <snowplow_tracker.self_describing_json.SelfDescribingJson object at 0x000001FF5D01B950>, <snowplow_tracker.self_describing_json.SelfDescribingJson object at 0x000001FF59AFDD30>]}
[0m11:57:23.684321 [debug] [MainThread]: Flushing usage events
[0m11:57:24.506421 [debug] [MainThread]: An error was encountered while trying to flush usage events
[0m11:57:27.249924 [debug] [MainThread]: Sending event: {'category': 'dbt', 'action': 'invocation', 'label': 'start', 'context': [<snowplow_tracker.self_describing_json.SelfDescribingJson object at 0x000001873416ECC0>, <snowplow_tracker.self_describing_json.SelfDescribingJson object at 0x000001873143A060>, <snowplow_tracker.self_describing_json.SelfDescribingJson object at 0x000001873416FF80>]}


============================== 11:57:27.252042 | 198ea724-ea18-4f56-b76e-de0c11f74740 ==============================
[0m11:57:27.252042 [info ] [MainThread]: Running with dbt=1.11.2
[0m11:57:27.252042 [debug] [MainThread]: running dbt with arguments {'version_check': 'True', 'no_print': 'None', 'static_parser': 'True', 'warn_error_options': 'WarnErrorOptionsV2(error=[], warn=[], silence=[])', 'target_path': 'None', 'printer_width': '80', 'write_json': 'True', 'empty': 'False', 'log_cache_events': 'False', 'introspect': 'True', 'cache_selected_only': 'False', 'log_format': 'default', 'debug': 'False', 'fail_fast': 'False', 'partial_parse': 'True', 'send_anonymous_usage_stats': 'True', 'quiet': 'False', 'warn_error': 'None', 'profiles_dir': '.', 'indirect_selection': 'eager', 'invocation_command': 'dbt run --profiles-dir .', 'use_colors': 'True', 'use_experimental_parser': 'False', 'log_path': 'C:\\Users\\takudzwarioga\\Documents\\Dev\\US_Corn_Price_Analysis\\data_transformation\\logs'}
[0m11:57:37.052778 [debug] [MainThread]: Sending event: {'category': 'dbt', 'action': 'project_id', 'label': '198ea724-ea18-4f56-b76e-de0c11f74740', 'context': [<snowplow_tracker.self_describing_json.SelfDescribingJson object at 0x0000018763369640>]}
[0m11:57:37.110498 [debug] [MainThread]: Sending event: {'category': 'dbt', 'action': 'adapter_info', 'label': '198ea724-ea18-4f56-b76e-de0c11f74740', 'context': [<snowplow_tracker.self_describing_json.SelfDescribingJson object at 0x00000187341B5EB0>]}
[0m11:57:37.111533 [info ] [MainThread]: Registered adapter: bigquery=1.11.0
[0m11:57:37.694965 [debug] [MainThread]: checksum: 3d40d8bbe1bef07db1c24822f2dbfff8bc07f2a48ed4fe2658a40653aec0b54b, vars: {}, profile: , target: , version: 1.11.2
[0m11:57:37.838176 [debug] [MainThread]: Partial parsing enabled: 0 files deleted, 0 files added, 1 files changed.
[0m11:57:37.838176 [debug] [MainThread]: Partial parsing: updated file: corn_market_project://models\stg_corn_prices.sql
[0m11:57:38.075855 [debug] [MainThread]: Sending event: {'category': 'dbt', 'action': 'load_project', 'label': '198ea724-ea18-4f56-b76e-de0c11f74740', 'context': [<snowplow_tracker.self_describing_json.SelfDescribingJson object at 0x00000187640DA4E0>]}
[0m11:57:38.143760 [debug] [MainThread]: Wrote artifact WritableManifest to C:\Users\takudzwarioga\Documents\Dev\US_Corn_Price_Analysis\data_transformation\target\manifest.json
[0m11:57:38.146771 [debug] [MainThread]: Wrote artifact SemanticManifest to C:\Users\takudzwarioga\Documents\Dev\US_Corn_Price_Analysis\data_transformation\target\semantic_manifest.json
[0m11:57:38.178126 [debug] [MainThread]: Sending event: {'category': 'dbt', 'action': 'resource_counts', 'label': '198ea724-ea18-4f56-b76e-de0c11f74740', 'context': [<snowplow_tracker.self_describing_json.SelfDescribingJson object at 0x0000018763D09490>]}
[0m11:57:38.179126 [info ] [MainThread]: Found 6 models, 5 sources, 537 macros
[0m11:57:38.180132 [debug] [MainThread]: Sending event: {'category': 'dbt', 'action': 'runnable_timing', 'label': '198ea724-ea18-4f56-b76e-de0c11f74740', 'context': [<snowplow_tracker.self_describing_json.SelfDescribingJson object at 0x0000018763CB4D70>]}
[0m11:57:38.182116 [info ] [MainThread]: 
[0m11:57:38.183126 [info ] [MainThread]: Concurrency: 1 threads (target='dev')
[0m11:57:38.184099 [info ] [MainThread]: 
[0m11:57:38.186243 [debug] [MainThread]: Acquiring new bigquery connection 'master'
[0m11:57:38.190240 [debug] [ThreadPool]: Acquiring new bigquery connection 'list_us-corn-data'
[0m11:57:38.191241 [debug] [ThreadPool]: Opening a new connection, currently in state init
[0m11:57:39.356322 [debug] [ThreadPool]: Acquiring new bigquery connection 'list_us-corn-data_us_corn_data_transformed'
[0m11:57:39.356322 [debug] [ThreadPool]: Opening a new connection, currently in state init
[0m11:57:40.570323 [debug] [MainThread]: Sending event: {'category': 'dbt', 'action': 'runnable_timing', 'label': '198ea724-ea18-4f56-b76e-de0c11f74740', 'context': [<snowplow_tracker.self_describing_json.SelfDescribingJson object at 0x0000018763848320>]}
[0m11:57:40.570323 [debug] [MainThread]: Opening a new connection, currently in state init
[0m11:57:40.576812 [debug] [Thread-1 (]: Began running node model.corn_market_project.stg_corn_conditions
[0m11:57:40.576812 [info ] [Thread-1 (]: 1 of 6 START sql table model us_corn_data_transformed.stg_corn_conditions ...... [RUN]
[0m11:57:40.576812 [debug] [Thread-1 (]: Acquiring new bigquery connection 'model.corn_market_project.stg_corn_conditions'
[0m11:57:40.584809 [debug] [Thread-1 (]: Began compiling node model.corn_market_project.stg_corn_conditions
[0m11:57:40.587597 [debug] [Thread-1 (]: Writing injected SQL for node "model.corn_market_project.stg_corn_conditions"
[0m11:57:40.587597 [debug] [Thread-1 (]: Began executing node model.corn_market_project.stg_corn_conditions
[0m11:57:40.607948 [debug] [Thread-1 (]: Opening a new connection, currently in state init
[0m11:57:41.596074 [debug] [Thread-1 (]: Writing runtime sql for node "model.corn_market_project.stg_corn_conditions"
[0m11:57:41.598204 [debug] [Thread-1 (]: On model.corn_market_project.stg_corn_conditions: /* {"app": "dbt", "dbt_version": "1.11.2", "profile_name": "corn_market_project", "target_name": "dev", "node_id": "model.corn_market_project.stg_corn_conditions"} */

  
    

    create or replace table `us-corn-data`.`us_corn_data_transformed`.`stg_corn_conditions`
      
    
    

    
    OPTIONS()
    as (
      with source as (
    select * from `us-corn-data`.`us_corn_data`.`us_corn_conditions`
),

base_data as (
    select
        CAST(Year as INT64) as year,
        -- Extract Week Number (1-52) from the date
        EXTRACT(ISOWEEK FROM PARSE_DATE('%Y-%m-%d', Week_Ending)) as week_num,
        Data_Item,
        CAST(Value as INT64) as pct_value
    from source
),

pivoted as (
    select
        year,
        week_num,
        -- Pivot: Create a column for each category
        -- We use MAX() here to grab the value for that specific category in that specific week
        MAX(CASE WHEN Data_Item LIKE '%VERY POOR%' THEN pct_value ELSE 0 END) as vp,
        MAX(CASE WHEN Data_Item LIKE '%PCT POOR%' THEN pct_value ELSE 0 END) as p,
        MAX(CASE WHEN Data_Item LIKE '%FAIR%' THEN pct_value ELSE 0 END) as f,
        MAX(CASE WHEN Data_Item LIKE '%PCT GOOD%' THEN pct_value ELSE 0 END) as g,
        MAX(CASE WHEN Data_Item LIKE '%EXCELLENT%' THEN pct_value ELSE 0 END) as e
    from base_data
    group by year, week_num
),

calculated_index as (
    select
        year,
        week_num,
        vp, p, f, g, e,
        
        -- Calculate Total (Should be ~100, but we calculate to be safe)
        (vp + p + f + g + e) as total_pct,

        -- THE FORMULA: Weighted Average
        -- Scale: 100 (All Very Poor) to 500 (All Excellent)
        SAFE_DIVIDE(
            (vp * 1) + (p * 2) + (f * 3) + (g * 4) + (e * 5),
            (vp + p + f + g + e)
        ) as condition_index

    from pivoted
    -- Filter: Only keep the critical Pollination Window (Weeks 28-32)
    where week_num BETWEEN 28 AND 32
)

select
    year,
    -- Aggregate to one single number per year (The Average during Pollination)
    ROUND(AVG(condition_index), 2) as avg_condition_pollination_index
from calculated_index
group by year
order by year desc
    );
  
[0m11:57:42.084054 [debug] [Thread-1 (]: BigQuery adapter: https://console.cloud.google.com/bigquery?project=us-corn-data&j=bq:US:6c504d40-bfd4-4006-a57f-9e5e098cdf65&page=queryresults
[0m11:57:44.086166 [debug] [Thread-1 (]: SQL status: OK in 2.003 seconds
[0m11:57:44.430898 [debug] [Thread-1 (]: Sending event: {'category': 'dbt', 'action': 'run_model', 'label': '198ea724-ea18-4f56-b76e-de0c11f74740', 'context': [<snowplow_tracker.self_describing_json.SelfDescribingJson object at 0x000001875DBA6A20>]}
[0m11:57:44.430898 [info ] [Thread-1 (]: 1 of 6 OK created sql table model us_corn_data_transformed.stg_corn_conditions . [[32mCREATE TABLE (39.0 rows, 548.6 KiB processed)[0m in 3.84s]
[0m11:57:44.430898 [debug] [Thread-1 (]: Finished running node model.corn_market_project.stg_corn_conditions
[0m11:57:44.430898 [debug] [Thread-1 (]: Began running node model.corn_market_project.stg_corn_plantings
[0m11:57:44.430898 [info ] [Thread-1 (]: 2 of 6 START sql table model us_corn_data_transformed.stg_corn_plantings ....... [RUN]
[0m11:57:44.430898 [debug] [Thread-1 (]: Re-using an available connection from the pool (formerly model.corn_market_project.stg_corn_conditions, now model.corn_market_project.stg_corn_plantings)
[0m11:57:44.430898 [debug] [Thread-1 (]: Began compiling node model.corn_market_project.stg_corn_plantings
[0m11:57:44.430898 [debug] [Thread-1 (]: Writing injected SQL for node "model.corn_market_project.stg_corn_plantings"
[0m11:57:44.430898 [debug] [Thread-1 (]: Began executing node model.corn_market_project.stg_corn_plantings
[0m11:57:44.430898 [debug] [Thread-1 (]: Opening a new connection, currently in state closed
[0m11:57:45.336605 [debug] [Thread-1 (]: Writing runtime sql for node "model.corn_market_project.stg_corn_plantings"
[0m11:57:45.338644 [debug] [Thread-1 (]: On model.corn_market_project.stg_corn_plantings: /* {"app": "dbt", "dbt_version": "1.11.2", "profile_name": "corn_market_project", "target_name": "dev", "node_id": "model.corn_market_project.stg_corn_plantings"} */

  
    

    create or replace table `us-corn-data`.`us_corn_data_transformed`.`stg_corn_plantings`
      
    
    

    
    OPTIONS()
    as (
      with source as (
    select * from `us-corn-data`.`us_corn_data`.`us_corn_plantings`
),

cleaned as (
    select
        -- 1. Standardize Year
        CAST(Year as INT64) as year,
        
        -- 2. Parse the Date (Column 'Week Ending' became 'Week_Ending')
        PARSE_DATE('%Y-%m-%d', Week_Ending) as measurement_date,
        
        -- 3. Value is the Percentage (0-100)
        CAST(Value as INT64) as progress_pct,
        
        -- 4. Keep Data_Item just for the safety check below
        Data_Item as data_item

    from source
    -- Safety Check: Even though the scraper filters this, we double-check here.
    where Data_Item LIKE '%PCT PLANTED%'
),

calc_threshold as (
    select
        year,
        -- Find the EARLIEST date where progress was >= 50%
        MIN(measurement_date) as date_reached_50_pct
    from cleaned
    where progress_pct >= 50
    group by year
)

select
    year,
    -- Convert that date into a simple integer (Day of Year 1-365)
    -- Example: May 20th becomes ~140
    EXTRACT(DAYOFYEAR FROM date_reached_50_pct) as planting_50_pct_doy
from calc_threshold
order by year desc
    );
  
[0m11:57:45.830521 [debug] [Thread-1 (]: BigQuery adapter: https://console.cloud.google.com/bigquery?project=us-corn-data&j=bq:US:36b6bcb0-8f30-4b06-a3c8-86a86468585b&page=queryresults
[0m11:57:47.507441 [debug] [Thread-1 (]: SQL status: OK in 1.677 seconds
[0m11:57:47.852616 [debug] [Thread-1 (]: Sending event: {'category': 'dbt', 'action': 'run_model', 'label': '198ea724-ea18-4f56-b76e-de0c11f74740', 'context': [<snowplow_tracker.self_describing_json.SelfDescribingJson object at 0x00000187657C8860>]}
[0m11:57:47.852616 [info ] [Thread-1 (]: 2 of 6 OK created sql table model us_corn_data_transformed.stg_corn_plantings .. [[32mCREATE TABLE (39.0 rows, 23.8 KiB processed)[0m in 3.42s]
[0m11:57:47.852616 [debug] [Thread-1 (]: Finished running node model.corn_market_project.stg_corn_plantings
[0m11:57:47.852616 [debug] [Thread-1 (]: Began running node model.corn_market_project.stg_corn_prices
[0m11:57:47.852616 [info ] [Thread-1 (]: 3 of 6 START sql table model us_corn_data_transformed.stg_corn_prices .......... [RUN]
[0m11:57:47.852616 [debug] [Thread-1 (]: Re-using an available connection from the pool (formerly model.corn_market_project.stg_corn_plantings, now model.corn_market_project.stg_corn_prices)
[0m11:57:47.852616 [debug] [Thread-1 (]: Began compiling node model.corn_market_project.stg_corn_prices
[0m11:57:47.852616 [debug] [Thread-1 (]: Writing injected SQL for node "model.corn_market_project.stg_corn_prices"
[0m11:57:47.852616 [debug] [Thread-1 (]: Began executing node model.corn_market_project.stg_corn_prices
[0m11:57:47.868515 [debug] [Thread-1 (]: Opening a new connection, currently in state closed
[0m11:57:48.820989 [debug] [Thread-1 (]: Writing runtime sql for node "model.corn_market_project.stg_corn_prices"
[0m11:57:48.820989 [debug] [Thread-1 (]: On model.corn_market_project.stg_corn_prices: /* {"app": "dbt", "dbt_version": "1.11.2", "profile_name": "corn_market_project", "target_name": "dev", "node_id": "model.corn_market_project.stg_corn_prices"} */

  
    

    create or replace table `us-corn-data`.`us_corn_data_transformed`.`stg_corn_prices`
      
    
    

    
    OPTIONS()
    as (
      with source as (
    select * from `us-corn-data`.`us_corn_data`.`us_corn_prices`
),

cleaned as (
    select
        CAST(Year as INT64) as year,
        Period as period,
        Data_Item as data_item,
        CAST(Value as FLOAT64) as price_value
    from source
),

filtered_prices as (
    select
        year,
        price_value
    from cleaned
    where 
        -- 1. Filter for Harvest Month
        period = 'NOV'
        
        -- 2. Filter for the correct UNIT (exclude 'PCT OF PARITY')
        -- We use LIKE to be safe, but specific enough to catch '$ / BU'
        AND data_item LIKE '%$ / BU'
),

final_unique as (
    select
        year,
        -- If duplicate rows still exist for the SAME metric (rare but possible),
        -- averaging them now is safe because they are the same unit.
        AVG(price_value) as price_per_bushel
    from filtered_prices
    group by year
)

select * from final_unique
order by year desc
    );
  
[0m11:57:49.246936 [debug] [Thread-1 (]: BigQuery adapter: https://console.cloud.google.com/bigquery?project=us-corn-data&j=bq:US:ac135d33-afcb-432d-9905-102c090fbb96&page=queryresults
[0m11:57:50.908731 [debug] [Thread-1 (]: SQL status: OK in 1.660 seconds
[0m11:57:51.150464 [debug] [Thread-1 (]: Sending event: {'category': 'dbt', 'action': 'run_model', 'label': '198ea724-ea18-4f56-b76e-de0c11f74740', 'context': [<snowplow_tracker.self_describing_json.SelfDescribingJson object at 0x0000018765740E60>]}
[0m11:57:51.151466 [info ] [Thread-1 (]: 3 of 6 OK created sql table model us_corn_data_transformed.stg_corn_prices ..... [[32mCREATE TABLE (52.0 rows, 86.5 KiB processed)[0m in 3.30s]
[0m11:57:51.152448 [debug] [Thread-1 (]: Finished running node model.corn_market_project.stg_corn_prices
[0m11:57:51.153471 [debug] [Thread-1 (]: Began running node model.corn_market_project.stg_corn_supply_demand
[0m11:57:51.154464 [info ] [Thread-1 (]: 4 of 6 START sql table model us_corn_data_transformed.stg_corn_supply_demand ... [RUN]
[0m11:57:51.154464 [debug] [Thread-1 (]: Re-using an available connection from the pool (formerly model.corn_market_project.stg_corn_prices, now model.corn_market_project.stg_corn_supply_demand)
[0m11:57:51.155446 [debug] [Thread-1 (]: Began compiling node model.corn_market_project.stg_corn_supply_demand
[0m11:57:51.158522 [debug] [Thread-1 (]: Writing injected SQL for node "model.corn_market_project.stg_corn_supply_demand"
[0m11:57:51.159526 [debug] [Thread-1 (]: Began executing node model.corn_market_project.stg_corn_supply_demand
[0m11:57:51.162522 [debug] [Thread-1 (]: Opening a new connection, currently in state closed
[0m11:57:52.091961 [debug] [Thread-1 (]: Writing runtime sql for node "model.corn_market_project.stg_corn_supply_demand"
[0m11:57:52.091961 [debug] [Thread-1 (]: On model.corn_market_project.stg_corn_supply_demand: /* {"app": "dbt", "dbt_version": "1.11.2", "profile_name": "corn_market_project", "target_name": "dev", "node_id": "model.corn_market_project.stg_corn_supply_demand"} */

  
    

    create or replace table `us-corn-data`.`us_corn_data_transformed`.`stg_corn_supply_demand`
      
    
    

    
    OPTIONS()
    as (
      with source as (
    select * from `us-corn-data`.`us_corn_data`.`us_corn_supply_demand`
),

cleaned as (
    select
        -- 1. Fix the Year (Float -> Integer)
        CAST(Year as INT64) as year,

        Planted_Acres as planted_acres,
        Harvested_Acres as harvested_acres,
        Actual_Yield as actual_yield,
        Production as production,
        Exports as exports,
        Imports as imports,
        Total_Supply as total_supply,
        Total_Usage as total_usage,
        Ending_Stocks as ending_stocks,

    from source
),

calculated as (
    select
        *,
        -- 3. Calculate Stock-to-Use Ratio
        -- Formula: (Ending Stocks / Total Usage)
        -- Use SAFE_DIVIDE to prevent errors if Usage is ever 0
        SAFE_DIVIDE(ending_stocks, total_usage) as stock_to_use_ratio

    from cleaned
)

select * from calculated
order by year desc
    );
  
[0m11:57:52.664475 [debug] [Thread-1 (]: BigQuery adapter: https://console.cloud.google.com/bigquery?project=us-corn-data&j=bq:US:e31069b0-0427-4d6f-9385-2b166fdc5abd&page=queryresults
[0m11:57:54.353717 [debug] [Thread-1 (]: SQL status: OK in 1.682 seconds
[0m11:57:54.595616 [debug] [Thread-1 (]: Sending event: {'category': 'dbt', 'action': 'run_model', 'label': '198ea724-ea18-4f56-b76e-de0c11f74740', 'context': [<snowplow_tracker.self_describing_json.SelfDescribingJson object at 0x000001876408D310>]}
[0m11:57:54.595616 [info ] [Thread-1 (]: 4 of 6 OK created sql table model us_corn_data_transformed.stg_corn_supply_demand  [[32mCREATE TABLE (52.0 rows, 4.1 KiB processed)[0m in 3.44s]
[0m11:57:54.597618 [debug] [Thread-1 (]: Finished running node model.corn_market_project.stg_corn_supply_demand
[0m11:57:54.598607 [debug] [Thread-1 (]: Began running node model.corn_market_project.stg_corn_climate_features
[0m11:57:54.599607 [info ] [Thread-1 (]: 5 of 6 START sql table model us_corn_data_transformed.stg_corn_climate_features  [RUN]
[0m11:57:54.600617 [debug] [Thread-1 (]: Re-using an available connection from the pool (formerly model.corn_market_project.stg_corn_supply_demand, now model.corn_market_project.stg_corn_climate_features)
[0m11:57:54.601618 [debug] [Thread-1 (]: Began compiling node model.corn_market_project.stg_corn_climate_features
[0m11:57:54.605617 [debug] [Thread-1 (]: Writing injected SQL for node "model.corn_market_project.stg_corn_climate_features"
[0m11:57:54.606615 [debug] [Thread-1 (]: Began executing node model.corn_market_project.stg_corn_climate_features
[0m11:57:54.609608 [debug] [Thread-1 (]: Opening a new connection, currently in state closed
[0m11:57:55.542672 [debug] [Thread-1 (]: Writing runtime sql for node "model.corn_market_project.stg_corn_climate_features"
[0m11:57:55.544878 [debug] [Thread-1 (]: On model.corn_market_project.stg_corn_climate_features: /* {"app": "dbt", "dbt_version": "1.11.2", "profile_name": "corn_market_project", "target_name": "dev", "node_id": "model.corn_market_project.stg_corn_climate_features"} */

  
    

    create or replace table `us-corn-data`.`us_corn_data_transformed`.`stg_corn_climate_features`
      
    
    

    
    OPTIONS()
    as (
      with climate_source as (
    select * from `us-corn-data`.`us_corn_data`.`us_climate_data`
),

planting_source as (
    select * from `us-corn-data`.`us_corn_data_transformed`.`stg_corn_plantings`
),

daily_metrics as (
    select
        -- FIX 1: Extract Year from the Date column instead of looking for a 'year' column
        EXTRACT(YEAR FROM c.date) as year,
        
        c.date as weather_date,
        EXTRACT(DAYOFYEAR FROM c.date) as weather_doy,
        
        CAST(c.Precipitation as FLOAT64) as prcp,
        CAST(c.Max_Temp as FLOAT64) as tmax,
        
        p.planting_50_pct_doy

    from climate_source c
    -- FIX 2: Join on the Extracted Year
    inner join planting_source p on EXTRACT(YEAR FROM c.date) = p.year
),

aggregated_features as (
    select
        year,
        planting_50_pct_doy,

        -- 1. Rain Effectiveness (March-June)
        SUM(CASE 
            WHEN weather_doy BETWEEN 60 AND 181 THEN prcp 
            ELSE 0 
        END) as soil_prep_rain_cumulative,

        -- 2. Heat Stress (Pollination Window)
        COUNT(CASE 
            WHEN weather_doy BETWEEN (planting_50_pct_doy + 60) AND (planting_50_pct_doy + 90)
            AND tmax > 35 
            THEN 1 
            ELSE NULL 
        END) as heat_stress_days_count,

        -- 3. Post-Pollination Rain
        SUM(CASE 
            WHEN weather_doy BETWEEN (planting_50_pct_doy + 60) AND (planting_50_pct_doy + 90)
            THEN prcp 
            ELSE 0 
        END) as post_pollination_rain_cumulative

    from daily_metrics
    group by year, planting_50_pct_doy
)

select
    year,
    planting_50_pct_doy,
    
    -- Final Calculations
    SAFE_DIVIDE(soil_prep_rain_cumulative, planting_50_pct_doy) as rainfall_effectiveness_index,
    heat_stress_days_count as temp_stress_july_count,
    post_pollination_rain_cumulative as post_pollination_rain

from aggregated_features
order by year desc
    );
  
[0m11:57:56.027162 [debug] [Thread-1 (]: BigQuery adapter: https://console.cloud.google.com/bigquery?project=us-corn-data&j=bq:US:4bdba128-8acc-47d2-b977-75eeead6b476&page=queryresults
[0m11:57:57.734842 [debug] [Thread-1 (]: SQL status: OK in 1.700 seconds
[0m11:57:57.959980 [debug] [Thread-1 (]: Sending event: {'category': 'dbt', 'action': 'run_model', 'label': '198ea724-ea18-4f56-b76e-de0c11f74740', 'context': [<snowplow_tracker.self_describing_json.SelfDescribingJson object at 0x00000187658634D0>]}
[0m11:57:57.960963 [info ] [Thread-1 (]: 5 of 6 OK created sql table model us_corn_data_transformed.stg_corn_climate_features  [[32mCREATE TABLE (39.0 rows, 445.8 KiB processed)[0m in 3.36s]
[0m11:57:57.961999 [debug] [Thread-1 (]: Finished running node model.corn_market_project.stg_corn_climate_features
[0m11:57:57.963520 [debug] [Thread-1 (]: Began running node model.corn_market_project.mart_corn_model_data
[0m11:57:57.963520 [info ] [Thread-1 (]: 6 of 6 START sql table model us_corn_data_transformed.mart_corn_model_data ..... [RUN]
[0m11:57:57.964577 [debug] [Thread-1 (]: Re-using an available connection from the pool (formerly model.corn_market_project.stg_corn_climate_features, now model.corn_market_project.mart_corn_model_data)
[0m11:57:57.966041 [debug] [Thread-1 (]: Began compiling node model.corn_market_project.mart_corn_model_data
[0m11:57:57.971065 [debug] [Thread-1 (]: Writing injected SQL for node "model.corn_market_project.mart_corn_model_data"
[0m11:57:57.973044 [debug] [Thread-1 (]: Began executing node model.corn_market_project.mart_corn_model_data
[0m11:57:57.976568 [debug] [Thread-1 (]: Opening a new connection, currently in state closed
[0m11:57:58.864771 [debug] [Thread-1 (]: Writing runtime sql for node "model.corn_market_project.mart_corn_model_data"
[0m11:57:58.867044 [debug] [Thread-1 (]: On model.corn_market_project.mart_corn_model_data: /* {"app": "dbt", "dbt_version": "1.11.2", "profile_name": "corn_market_project", "target_name": "dev", "node_id": "model.corn_market_project.mart_corn_model_data"} */

  
    

    create or replace table `us-corn-data`.`us_corn_data_transformed`.`mart_corn_model_data`
      
    
    

    
    OPTIONS()
    as (
      with prices as (
    select * from `us-corn-data`.`us_corn_data_transformed`.`stg_corn_prices`
),

supply as (
    select * from `us-corn-data`.`us_corn_data_transformed`.`stg_corn_supply_demand`
),

conditions as (
    select * from `us-corn-data`.`us_corn_data_transformed`.`stg_corn_conditions`
),

climate as (
    select * from `us-corn-data`.`us_corn_data_transformed`.`stg_corn_climate_features`
),

final_join as (
    select
        -- The "Key" (Year)
        p.year,
        
        -- TARGET VARIABLE (What we want to predict)
        p.price_per_bushel,
        
        -- FEATURES (The predictors)
        -- 1. Supply & Demand Metrics
        s.stock_to_use_ratio,
        s.ending_stocks,
        s.total_supply,
        
        -- 2. Crop Health Metrics (July Pollination Window)
        c.avg_condition_pollination_index,
        
        -- 3. Bio-Meteorological Metrics
        cl.planting_50_pct_doy,
        cl.rainfall_effectiveness_index,
        cl.temp_stress_july_count,
        cl.post_pollination_rain

    from prices p
    
    -- Left Join: We want to keep Price data even if a feature is missing (rare, but safer)
    left join supply s on p.year = s.year
    left join conditions c on p.year = c.year
    left join climate cl on p.year = cl.year
)

select * from final_join
-- Final filter: Drop 2025/future years where we might have partial data but no price yet
where price_per_bushel IS NOT NULL
order by year desc
    );
  
[0m11:57:59.284771 [debug] [Thread-1 (]: BigQuery adapter: https://console.cloud.google.com/bigquery?project=us-corn-data&j=bq:US:cfd87b5b-6c19-46e9-84c3-b13c942d2d7e&page=queryresults
[0m11:58:01.164723 [debug] [Thread-1 (]: SQL status: OK in 1.892 seconds
[0m11:58:01.404495 [debug] [Thread-1 (]: Sending event: {'category': 'dbt', 'action': 'run_model', 'label': '198ea724-ea18-4f56-b76e-de0c11f74740', 'context': [<snowplow_tracker.self_describing_json.SelfDescribingJson object at 0x0000018765863500>]}
[0m11:58:01.404495 [info ] [Thread-1 (]: 6 of 6 OK created sql table model us_corn_data_transformed.mart_corn_model_data  [[32mCREATE TABLE (52.0 rows, 4.6 KiB processed)[0m in 3.44s]
[0m11:58:01.404495 [debug] [Thread-1 (]: Finished running node model.corn_market_project.mart_corn_model_data
[0m11:58:01.404495 [debug] [MainThread]: Opening a new connection, currently in state closed
[0m11:58:01.404495 [debug] [MainThread]: Connection 'master' was properly closed.
[0m11:58:01.404495 [debug] [MainThread]: Connection 'list_us-corn-data' was properly closed.
[0m11:58:01.404495 [debug] [MainThread]: Connection 'list_us-corn-data_us_corn_data_transformed' was properly closed.
[0m11:58:01.404495 [debug] [MainThread]: Connection 'model.corn_market_project.mart_corn_model_data' was properly closed.
[0m11:58:01.404495 [info ] [MainThread]: 
[0m11:58:01.414153 [info ] [MainThread]: Finished running 6 table models in 0 hours 0 minutes and 23.22 seconds (23.22s).
[0m11:58:01.415711 [debug] [MainThread]: Command end result
[0m11:58:01.430116 [debug] [MainThread]: Wrote artifact WritableManifest to C:\Users\takudzwarioga\Documents\Dev\US_Corn_Price_Analysis\data_transformation\target\manifest.json
[0m11:58:01.430116 [debug] [MainThread]: Wrote artifact SemanticManifest to C:\Users\takudzwarioga\Documents\Dev\US_Corn_Price_Analysis\data_transformation\target\semantic_manifest.json
[0m11:58:01.448738 [debug] [MainThread]: Wrote artifact RunExecutionResult to C:\Users\takudzwarioga\Documents\Dev\US_Corn_Price_Analysis\data_transformation\target\run_results.json
[0m11:58:01.448738 [info ] [MainThread]: 
[0m11:58:01.448738 [info ] [MainThread]: [32mCompleted successfully[0m
[0m11:58:01.450523 [info ] [MainThread]: 
[0m11:58:01.450523 [info ] [MainThread]: Done. PASS=6 WARN=0 ERROR=0 SKIP=0 NO-OP=0 TOTAL=6
[0m11:58:01.450523 [debug] [MainThread]: Command `dbt run` succeeded at 11:58:01.450523 after 34.35 seconds
[0m11:58:01.450523 [debug] [MainThread]: Sending event: {'category': 'dbt', 'action': 'invocation', 'label': 'end', 'context': [<snowplow_tracker.self_describing_json.SelfDescribingJson object at 0x00000187346FC7A0>, <snowplow_tracker.self_describing_json.SelfDescribingJson object at 0x000001873416FCB0>, <snowplow_tracker.self_describing_json.SelfDescribingJson object at 0x0000018763A60A10>]}
[0m11:58:01.450523 [debug] [MainThread]: Flushing usage events
[0m11:58:02.262756 [debug] [MainThread]: An error was encountered while trying to flush usage events
[0m12:00:47.796021 [debug] [MainThread]: Sending event: {'category': 'dbt', 'action': 'invocation', 'label': 'start', 'context': [<snowplow_tracker.self_describing_json.SelfDescribingJson object at 0x000002C1604D8F20>, <snowplow_tracker.self_describing_json.SelfDescribingJson object at 0x000002C15CD5C260>, <snowplow_tracker.self_describing_json.SelfDescribingJson object at 0x000002C160D1EB70>]}


============================== 12:00:47.801517 | e9ba7b32-027b-45b5-b8af-a3ff9b657e9f ==============================
[0m12:00:47.801517 [info ] [MainThread]: Running with dbt=1.11.2
[0m12:00:47.802499 [debug] [MainThread]: running dbt with arguments {'static_parser': 'True', 'no_print': 'None', 'version_check': 'True', 'target_path': 'None', 'warn_error_options': 'WarnErrorOptionsV2(error=[], warn=[], silence=[])', 'printer_width': '80', 'write_json': 'True', 'empty': 'None', 'log_cache_events': 'False', 'introspect': 'True', 'cache_selected_only': 'False', 'fail_fast': 'False', 'debug': 'False', 'log_format': 'default', 'partial_parse': 'True', 'send_anonymous_usage_stats': 'True', 'quiet': 'False', 'warn_error': 'None', 'profiles_dir': '.', 'use_colors': 'True', 'invocation_command': 'dbt deps --profiles-dir .', 'indirect_selection': 'eager', 'use_experimental_parser': 'False', 'log_path': 'C:\\Users\\takudzwarioga\\Documents\\Dev\\US_Corn_Price_Analysis\\data_transformation\\logs'}
[0m12:00:47.928019 [debug] [MainThread]: Sending event: {'category': 'dbt', 'action': 'project_id', 'label': 'e9ba7b32-027b-45b5-b8af-a3ff9b657e9f', 'context': [<snowplow_tracker.self_describing_json.SelfDescribingJson object at 0x000002C160FCE480>]}
[0m12:00:47.960900 [info ] [MainThread]: Warning: No packages were found in packages.yml
[0m12:00:47.963434 [info ] [MainThread]: Warning: No packages were found in packages.yml
[0m12:00:47.964471 [debug] [MainThread]: Command `dbt deps` succeeded at 12:00:47.963434 after 0.40 seconds
[0m12:00:47.964471 [debug] [MainThread]: Sending event: {'category': 'dbt', 'action': 'invocation', 'label': 'end', 'context': [<snowplow_tracker.self_describing_json.SelfDescribingJson object at 0x000002C15E3462D0>, <snowplow_tracker.self_describing_json.SelfDescribingJson object at 0x000002C15B08B680>, <snowplow_tracker.self_describing_json.SelfDescribingJson object at 0x000002C15E6BF740>]}
[0m12:00:47.965454 [debug] [MainThread]: Flushing usage events
[0m12:00:48.774416 [debug] [MainThread]: An error was encountered while trying to flush usage events
[0m12:00:51.659288 [debug] [MainThread]: Sending event: {'category': 'dbt', 'action': 'invocation', 'label': 'start', 'context': [<snowplow_tracker.self_describing_json.SelfDescribingJson object at 0x000001BD93DF5520>, <snowplow_tracker.self_describing_json.SelfDescribingJson object at 0x000001BD962F6BA0>, <snowplow_tracker.self_describing_json.SelfDescribingJson object at 0x000001BD969DCCB0>]}


============================== 12:00:51.664314 | 0da1b326-7299-4012-9d7a-da4e781fbd82 ==============================
[0m12:00:51.664314 [info ] [MainThread]: Running with dbt=1.11.2
[0m12:00:51.665362 [debug] [MainThread]: running dbt with arguments {'version_check': 'True', 'no_print': 'None', 'static_parser': 'True', 'target_path': 'None', 'warn_error_options': 'WarnErrorOptionsV2(error=[], warn=[], silence=[])', 'printer_width': '80', 'write_json': 'True', 'introspect': 'True', 'log_cache_events': 'False', 'empty': 'False', 'cache_selected_only': 'False', 'log_format': 'default', 'debug': 'False', 'fail_fast': 'False', 'profiles_dir': '.', 'send_anonymous_usage_stats': 'True', 'quiet': 'False', 'warn_error': 'None', 'partial_parse': 'True', 'use_colors': 'True', 'indirect_selection': 'eager', 'invocation_command': 'dbt run --profiles-dir .', 'use_experimental_parser': 'False', 'log_path': 'C:\\Users\\takudzwarioga\\Documents\\Dev\\US_Corn_Price_Analysis\\data_transformation\\logs'}
[0m12:01:01.614560 [debug] [MainThread]: Sending event: {'category': 'dbt', 'action': 'project_id', 'label': '0da1b326-7299-4012-9d7a-da4e781fbd82', 'context': [<snowplow_tracker.self_describing_json.SelfDescribingJson object at 0x000001BDC5F5ADE0>]}
[0m12:01:01.670598 [debug] [MainThread]: Sending event: {'category': 'dbt', 'action': 'adapter_info', 'label': '0da1b326-7299-4012-9d7a-da4e781fbd82', 'context': [<snowplow_tracker.self_describing_json.SelfDescribingJson object at 0x000001BDC6159160>]}
[0m12:01:01.671588 [info ] [MainThread]: Registered adapter: bigquery=1.11.0
[0m12:01:02.234803 [debug] [MainThread]: checksum: 3d40d8bbe1bef07db1c24822f2dbfff8bc07f2a48ed4fe2658a40653aec0b54b, vars: {}, profile: , target: , version: 1.11.2
[0m12:01:02.383272 [debug] [MainThread]: Partial parsing enabled: 0 files deleted, 0 files added, 1 files changed.
[0m12:01:02.383272 [debug] [MainThread]: Partial parsing: updated file: corn_market_project://models\mart_corn_model_data.sql
[0m12:01:02.620058 [debug] [MainThread]: Sending event: {'category': 'dbt', 'action': 'load_project', 'label': '0da1b326-7299-4012-9d7a-da4e781fbd82', 'context': [<snowplow_tracker.self_describing_json.SelfDescribingJson object at 0x000001BDC69827B0>]}
[0m12:01:02.687067 [debug] [MainThread]: Wrote artifact WritableManifest to C:\Users\takudzwarioga\Documents\Dev\US_Corn_Price_Analysis\data_transformation\target\manifest.json
[0m12:01:02.689593 [debug] [MainThread]: Wrote artifact SemanticManifest to C:\Users\takudzwarioga\Documents\Dev\US_Corn_Price_Analysis\data_transformation\target\semantic_manifest.json
[0m12:01:02.725157 [debug] [MainThread]: Sending event: {'category': 'dbt', 'action': 'resource_counts', 'label': '0da1b326-7299-4012-9d7a-da4e781fbd82', 'context': [<snowplow_tracker.self_describing_json.SelfDescribingJson object at 0x000001BDC6970710>]}
[0m12:01:02.725157 [info ] [MainThread]: Found 6 models, 5 sources, 537 macros
[0m12:01:02.726156 [debug] [MainThread]: Sending event: {'category': 'dbt', 'action': 'runnable_timing', 'label': '0da1b326-7299-4012-9d7a-da4e781fbd82', 'context': [<snowplow_tracker.self_describing_json.SelfDescribingJson object at 0x000001BDC6987D40>]}
[0m12:01:02.728159 [info ] [MainThread]: 
[0m12:01:02.729157 [info ] [MainThread]: Concurrency: 1 threads (target='dev')
[0m12:01:02.730160 [info ] [MainThread]: 
[0m12:01:02.730160 [debug] [MainThread]: Acquiring new bigquery connection 'master'
[0m12:01:02.735051 [debug] [ThreadPool]: Acquiring new bigquery connection 'list_us-corn-data'
[0m12:01:02.736069 [debug] [ThreadPool]: Opening a new connection, currently in state init
[0m12:01:03.756593 [debug] [ThreadPool]: Acquiring new bigquery connection 'list_us-corn-data_us_corn_data_transformed'
[0m12:01:03.756593 [debug] [ThreadPool]: Opening a new connection, currently in state init
[0m12:01:04.846827 [debug] [MainThread]: Sending event: {'category': 'dbt', 'action': 'runnable_timing', 'label': '0da1b326-7299-4012-9d7a-da4e781fbd82', 'context': [<snowplow_tracker.self_describing_json.SelfDescribingJson object at 0x000001BDC62D9A60>]}
[0m12:01:04.846827 [debug] [MainThread]: Opening a new connection, currently in state init
[0m12:01:04.853721 [debug] [Thread-1 (]: Began running node model.corn_market_project.stg_corn_conditions
[0m12:01:04.855209 [info ] [Thread-1 (]: 1 of 6 START sql table model us_corn_data_transformed.stg_corn_conditions ...... [RUN]
[0m12:01:04.856241 [debug] [Thread-1 (]: Acquiring new bigquery connection 'model.corn_market_project.stg_corn_conditions'
[0m12:01:04.857248 [debug] [Thread-1 (]: Began compiling node model.corn_market_project.stg_corn_conditions
[0m12:01:04.866269 [debug] [Thread-1 (]: Writing injected SQL for node "model.corn_market_project.stg_corn_conditions"
[0m12:01:04.867269 [debug] [Thread-1 (]: Began executing node model.corn_market_project.stg_corn_conditions
[0m12:01:04.882723 [debug] [Thread-1 (]: Opening a new connection, currently in state init
[0m12:01:05.998892 [debug] [Thread-1 (]: Writing runtime sql for node "model.corn_market_project.stg_corn_conditions"
[0m12:01:05.999899 [debug] [Thread-1 (]: On model.corn_market_project.stg_corn_conditions: /* {"app": "dbt", "dbt_version": "1.11.2", "profile_name": "corn_market_project", "target_name": "dev", "node_id": "model.corn_market_project.stg_corn_conditions"} */

  
    

    create or replace table `us-corn-data`.`us_corn_data_transformed`.`stg_corn_conditions`
      
    
    

    
    OPTIONS()
    as (
      with source as (
    select * from `us-corn-data`.`us_corn_data`.`us_corn_conditions`
),

base_data as (
    select
        CAST(Year as INT64) as year,
        -- Extract Week Number (1-52) from the date
        EXTRACT(ISOWEEK FROM PARSE_DATE('%Y-%m-%d', Week_Ending)) as week_num,
        Data_Item,
        CAST(Value as INT64) as pct_value
    from source
),

pivoted as (
    select
        year,
        week_num,
        -- Pivot: Create a column for each category
        -- We use MAX() here to grab the value for that specific category in that specific week
        MAX(CASE WHEN Data_Item LIKE '%VERY POOR%' THEN pct_value ELSE 0 END) as vp,
        MAX(CASE WHEN Data_Item LIKE '%PCT POOR%' THEN pct_value ELSE 0 END) as p,
        MAX(CASE WHEN Data_Item LIKE '%FAIR%' THEN pct_value ELSE 0 END) as f,
        MAX(CASE WHEN Data_Item LIKE '%PCT GOOD%' THEN pct_value ELSE 0 END) as g,
        MAX(CASE WHEN Data_Item LIKE '%EXCELLENT%' THEN pct_value ELSE 0 END) as e
    from base_data
    group by year, week_num
),

calculated_index as (
    select
        year,
        week_num,
        vp, p, f, g, e,
        
        -- Calculate Total (Should be ~100, but we calculate to be safe)
        (vp + p + f + g + e) as total_pct,

        -- THE FORMULA: Weighted Average
        -- Scale: 100 (All Very Poor) to 500 (All Excellent)
        SAFE_DIVIDE(
            (vp * 1) + (p * 2) + (f * 3) + (g * 4) + (e * 5),
            (vp + p + f + g + e)
        ) as condition_index

    from pivoted
    -- Filter: Only keep the critical Pollination Window (Weeks 28-32)
    where week_num BETWEEN 28 AND 32
)

select
    year,
    -- Aggregate to one single number per year (The Average during Pollination)
    ROUND(AVG(condition_index), 2) as avg_condition_pollination_index
from calculated_index
group by year
order by year desc
    );
  
[0m12:01:06.463615 [debug] [Thread-1 (]: BigQuery adapter: https://console.cloud.google.com/bigquery?project=us-corn-data&j=bq:US:d8f8e748-124c-4df5-b653-451109eca5f8&page=queryresults
[0m12:01:08.504947 [debug] [Thread-1 (]: SQL status: OK in 2.040 seconds
[0m12:01:08.849056 [debug] [Thread-1 (]: Sending event: {'category': 'dbt', 'action': 'run_model', 'label': '0da1b326-7299-4012-9d7a-da4e781fbd82', 'context': [<snowplow_tracker.self_describing_json.SelfDescribingJson object at 0x000001BDC0446C30>]}
[0m12:01:08.850056 [info ] [Thread-1 (]: 1 of 6 OK created sql table model us_corn_data_transformed.stg_corn_conditions . [[32mCREATE TABLE (39.0 rows, 548.6 KiB processed)[0m in 3.99s]
[0m12:01:08.851170 [debug] [Thread-1 (]: Finished running node model.corn_market_project.stg_corn_conditions
[0m12:01:08.851170 [debug] [Thread-1 (]: Began running node model.corn_market_project.stg_corn_plantings
[0m12:01:08.852032 [info ] [Thread-1 (]: 2 of 6 START sql table model us_corn_data_transformed.stg_corn_plantings ....... [RUN]
[0m12:01:08.853035 [debug] [Thread-1 (]: Re-using an available connection from the pool (formerly model.corn_market_project.stg_corn_conditions, now model.corn_market_project.stg_corn_plantings)
[0m12:01:08.853035 [debug] [Thread-1 (]: Began compiling node model.corn_market_project.stg_corn_plantings
[0m12:01:08.856076 [debug] [Thread-1 (]: Writing injected SQL for node "model.corn_market_project.stg_corn_plantings"
[0m12:01:08.857086 [debug] [Thread-1 (]: Began executing node model.corn_market_project.stg_corn_plantings
[0m12:01:08.860076 [debug] [Thread-1 (]: Opening a new connection, currently in state closed
[0m12:01:09.788821 [debug] [Thread-1 (]: Writing runtime sql for node "model.corn_market_project.stg_corn_plantings"
[0m12:01:09.789818 [debug] [Thread-1 (]: On model.corn_market_project.stg_corn_plantings: /* {"app": "dbt", "dbt_version": "1.11.2", "profile_name": "corn_market_project", "target_name": "dev", "node_id": "model.corn_market_project.stg_corn_plantings"} */

  
    

    create or replace table `us-corn-data`.`us_corn_data_transformed`.`stg_corn_plantings`
      
    
    

    
    OPTIONS()
    as (
      with source as (
    select * from `us-corn-data`.`us_corn_data`.`us_corn_plantings`
),

cleaned as (
    select
        -- 1. Standardize Year
        CAST(Year as INT64) as year,
        
        -- 2. Parse the Date (Column 'Week Ending' became 'Week_Ending')
        PARSE_DATE('%Y-%m-%d', Week_Ending) as measurement_date,
        
        -- 3. Value is the Percentage (0-100)
        CAST(Value as INT64) as progress_pct,
        
        -- 4. Keep Data_Item just for the safety check below
        Data_Item as data_item

    from source
    -- Safety Check: Even though the scraper filters this, we double-check here.
    where Data_Item LIKE '%PCT PLANTED%'
),

calc_threshold as (
    select
        year,
        -- Find the EARLIEST date where progress was >= 50%
        MIN(measurement_date) as date_reached_50_pct
    from cleaned
    where progress_pct >= 50
    group by year
)

select
    year,
    -- Convert that date into a simple integer (Day of Year 1-365)
    -- Example: May 20th becomes ~140
    EXTRACT(DAYOFYEAR FROM date_reached_50_pct) as planting_50_pct_doy
from calc_threshold
order by year desc
    );
  
[0m12:01:10.229176 [debug] [Thread-1 (]: BigQuery adapter: https://console.cloud.google.com/bigquery?project=us-corn-data&j=bq:US:b1469c9c-14a1-40cc-bc14-62e591e97382&page=queryresults
[0m12:01:12.179963 [debug] [Thread-1 (]: SQL status: OK in 1.962 seconds
[0m12:01:12.556469 [debug] [Thread-1 (]: Sending event: {'category': 'dbt', 'action': 'run_model', 'label': '0da1b326-7299-4012-9d7a-da4e781fbd82', 'context': [<snowplow_tracker.self_describing_json.SelfDescribingJson object at 0x000001BDC6A1E1E0>]}
[0m12:01:12.556469 [info ] [Thread-1 (]: 2 of 6 OK created sql table model us_corn_data_transformed.stg_corn_plantings .. [[32mCREATE TABLE (39.0 rows, 23.8 KiB processed)[0m in 3.70s]
[0m12:01:12.556469 [debug] [Thread-1 (]: Finished running node model.corn_market_project.stg_corn_plantings
[0m12:01:12.556469 [debug] [Thread-1 (]: Began running node model.corn_market_project.stg_corn_prices
[0m12:01:12.556469 [info ] [Thread-1 (]: 3 of 6 START sql table model us_corn_data_transformed.stg_corn_prices .......... [RUN]
[0m12:01:12.566200 [debug] [Thread-1 (]: Re-using an available connection from the pool (formerly model.corn_market_project.stg_corn_plantings, now model.corn_market_project.stg_corn_prices)
[0m12:01:12.566200 [debug] [Thread-1 (]: Began compiling node model.corn_market_project.stg_corn_prices
[0m12:01:12.569145 [debug] [Thread-1 (]: Writing injected SQL for node "model.corn_market_project.stg_corn_prices"
[0m12:01:12.569145 [debug] [Thread-1 (]: Began executing node model.corn_market_project.stg_corn_prices
[0m12:01:12.574729 [debug] [Thread-1 (]: Opening a new connection, currently in state closed
[0m12:01:13.460600 [debug] [Thread-1 (]: Writing runtime sql for node "model.corn_market_project.stg_corn_prices"
[0m12:01:13.460600 [debug] [Thread-1 (]: On model.corn_market_project.stg_corn_prices: /* {"app": "dbt", "dbt_version": "1.11.2", "profile_name": "corn_market_project", "target_name": "dev", "node_id": "model.corn_market_project.stg_corn_prices"} */

  
    

    create or replace table `us-corn-data`.`us_corn_data_transformed`.`stg_corn_prices`
      
    
    

    
    OPTIONS()
    as (
      with source as (
    select * from `us-corn-data`.`us_corn_data`.`us_corn_prices`
),

cleaned as (
    select
        CAST(Year as INT64) as year,
        Period as period,
        Data_Item as data_item,
        CAST(Value as FLOAT64) as price_value
    from source
),

filtered_prices as (
    select
        year,
        price_value
    from cleaned
    where 
        -- 1. Filter for Harvest Month
        period = 'NOV'
        
        -- 2. Filter for the correct UNIT (exclude 'PCT OF PARITY')
        -- We use LIKE to be safe, but specific enough to catch '$ / BU'
        AND data_item LIKE '%$ / BU'
),

final_unique as (
    select
        year,
        -- If duplicate rows still exist for the SAME metric (rare but possible),
        -- averaging them now is safe because they are the same unit.
        AVG(price_value) as price_per_bushel
    from filtered_prices
    group by year
)

select * from final_unique
order by year desc
    );
  
[0m12:01:13.934053 [debug] [Thread-1 (]: BigQuery adapter: https://console.cloud.google.com/bigquery?project=us-corn-data&j=bq:US:cbbabdf2-5fcf-4951-a18b-e3c45c042caa&page=queryresults
[0m12:01:15.904296 [debug] [Thread-1 (]: SQL status: OK in 1.971 seconds
[0m12:01:16.116587 [debug] [Thread-1 (]: Sending event: {'category': 'dbt', 'action': 'run_model', 'label': '0da1b326-7299-4012-9d7a-da4e781fbd82', 'context': [<snowplow_tracker.self_describing_json.SelfDescribingJson object at 0x000001BDC6A33920>]}
[0m12:01:16.116587 [info ] [Thread-1 (]: 3 of 6 OK created sql table model us_corn_data_transformed.stg_corn_prices ..... [[32mCREATE TABLE (52.0 rows, 86.5 KiB processed)[0m in 3.56s]
[0m12:01:16.116587 [debug] [Thread-1 (]: Finished running node model.corn_market_project.stg_corn_prices
[0m12:01:16.116587 [debug] [Thread-1 (]: Began running node model.corn_market_project.stg_corn_supply_demand
[0m12:01:16.116587 [info ] [Thread-1 (]: 4 of 6 START sql table model us_corn_data_transformed.stg_corn_supply_demand ... [RUN]
[0m12:01:16.116587 [debug] [Thread-1 (]: Re-using an available connection from the pool (formerly model.corn_market_project.stg_corn_prices, now model.corn_market_project.stg_corn_supply_demand)
[0m12:01:16.116587 [debug] [Thread-1 (]: Began compiling node model.corn_market_project.stg_corn_supply_demand
[0m12:01:16.132848 [debug] [Thread-1 (]: Writing injected SQL for node "model.corn_market_project.stg_corn_supply_demand"
[0m12:01:16.132848 [debug] [Thread-1 (]: Began executing node model.corn_market_project.stg_corn_supply_demand
[0m12:01:16.132848 [debug] [Thread-1 (]: Opening a new connection, currently in state closed
[0m12:01:17.106459 [debug] [Thread-1 (]: Writing runtime sql for node "model.corn_market_project.stg_corn_supply_demand"
[0m12:01:17.116801 [debug] [Thread-1 (]: On model.corn_market_project.stg_corn_supply_demand: /* {"app": "dbt", "dbt_version": "1.11.2", "profile_name": "corn_market_project", "target_name": "dev", "node_id": "model.corn_market_project.stg_corn_supply_demand"} */

  
    

    create or replace table `us-corn-data`.`us_corn_data_transformed`.`stg_corn_supply_demand`
      
    
    

    
    OPTIONS()
    as (
      with source as (
    select * from `us-corn-data`.`us_corn_data`.`us_corn_supply_demand`
),

cleaned as (
    select
        -- 1. Fix the Year (Float -> Integer)
        CAST(Year as INT64) as year,

        Planted_Acres as planted_acres,
        Harvested_Acres as harvested_acres,
        Actual_Yield as actual_yield,
        Production as production,
        Exports as exports,
        Imports as imports,
        Total_Supply as total_supply,
        Total_Usage as total_usage,
        Ending_Stocks as ending_stocks,

    from source
),

calculated as (
    select
        *,
        -- 3. Calculate Stock-to-Use Ratio
        -- Formula: (Ending Stocks / Total Usage)
        -- Use SAFE_DIVIDE to prevent errors if Usage is ever 0
        SAFE_DIVIDE(ending_stocks, total_usage) as stock_to_use_ratio

    from cleaned
)

select * from calculated
order by year desc
    );
  
[0m12:01:17.535400 [debug] [Thread-1 (]: BigQuery adapter: https://console.cloud.google.com/bigquery?project=us-corn-data&j=bq:US:6bd21828-473d-44b9-8524-5e14e07d487d&page=queryresults
[0m12:01:20.067103 [debug] [Thread-1 (]: SQL status: OK in 2.541 seconds
[0m12:01:20.307793 [debug] [Thread-1 (]: Sending event: {'category': 'dbt', 'action': 'run_model', 'label': '0da1b326-7299-4012-9d7a-da4e781fbd82', 'context': [<snowplow_tracker.self_describing_json.SelfDescribingJson object at 0x000001BDC7063470>]}
[0m12:01:20.310009 [info ] [Thread-1 (]: 4 of 6 OK created sql table model us_corn_data_transformed.stg_corn_supply_demand  [[32mCREATE TABLE (52.0 rows, 4.1 KiB processed)[0m in 4.19s]
[0m12:01:20.310009 [debug] [Thread-1 (]: Finished running node model.corn_market_project.stg_corn_supply_demand
[0m12:01:20.310009 [debug] [Thread-1 (]: Began running node model.corn_market_project.stg_corn_climate_features
[0m12:01:20.310009 [info ] [Thread-1 (]: 5 of 6 START sql table model us_corn_data_transformed.stg_corn_climate_features  [RUN]
[0m12:01:20.310009 [debug] [Thread-1 (]: Re-using an available connection from the pool (formerly model.corn_market_project.stg_corn_supply_demand, now model.corn_market_project.stg_corn_climate_features)
[0m12:01:20.310009 [debug] [Thread-1 (]: Began compiling node model.corn_market_project.stg_corn_climate_features
[0m12:01:20.310009 [debug] [Thread-1 (]: Writing injected SQL for node "model.corn_market_project.stg_corn_climate_features"
[0m12:01:20.310009 [debug] [Thread-1 (]: Began executing node model.corn_market_project.stg_corn_climate_features
[0m12:01:20.310009 [debug] [Thread-1 (]: Opening a new connection, currently in state closed
[0m12:01:21.281468 [debug] [Thread-1 (]: Writing runtime sql for node "model.corn_market_project.stg_corn_climate_features"
[0m12:01:21.281468 [debug] [Thread-1 (]: On model.corn_market_project.stg_corn_climate_features: /* {"app": "dbt", "dbt_version": "1.11.2", "profile_name": "corn_market_project", "target_name": "dev", "node_id": "model.corn_market_project.stg_corn_climate_features"} */

  
    

    create or replace table `us-corn-data`.`us_corn_data_transformed`.`stg_corn_climate_features`
      
    
    

    
    OPTIONS()
    as (
      with climate_source as (
    select * from `us-corn-data`.`us_corn_data`.`us_climate_data`
),

planting_source as (
    select * from `us-corn-data`.`us_corn_data_transformed`.`stg_corn_plantings`
),

daily_metrics as (
    select
        -- FIX 1: Extract Year from the Date column instead of looking for a 'year' column
        EXTRACT(YEAR FROM c.date) as year,
        
        c.date as weather_date,
        EXTRACT(DAYOFYEAR FROM c.date) as weather_doy,
        
        CAST(c.Precipitation as FLOAT64) as prcp,
        CAST(c.Max_Temp as FLOAT64) as tmax,
        
        p.planting_50_pct_doy

    from climate_source c
    -- FIX 2: Join on the Extracted Year
    inner join planting_source p on EXTRACT(YEAR FROM c.date) = p.year
),

aggregated_features as (
    select
        year,
        planting_50_pct_doy,

        -- 1. Rain Effectiveness (March-June)
        SUM(CASE 
            WHEN weather_doy BETWEEN 60 AND 181 THEN prcp 
            ELSE 0 
        END) as soil_prep_rain_cumulative,

        -- 2. Heat Stress (Pollination Window)
        COUNT(CASE 
            WHEN weather_doy BETWEEN (planting_50_pct_doy + 60) AND (planting_50_pct_doy + 90)
            AND tmax > 35 
            THEN 1 
            ELSE NULL 
        END) as heat_stress_days_count,

        -- 3. Post-Pollination Rain
        SUM(CASE 
            WHEN weather_doy BETWEEN (planting_50_pct_doy + 60) AND (planting_50_pct_doy + 90)
            THEN prcp 
            ELSE 0 
        END) as post_pollination_rain_cumulative

    from daily_metrics
    group by year, planting_50_pct_doy
)

select
    year,
    planting_50_pct_doy,
    
    -- Final Calculations
    SAFE_DIVIDE(soil_prep_rain_cumulative, planting_50_pct_doy) as rainfall_effectiveness_index,
    heat_stress_days_count as temp_stress_july_count,
    post_pollination_rain_cumulative as post_pollination_rain

from aggregated_features
order by year desc
    );
  
[0m12:01:21.707272 [debug] [Thread-1 (]: BigQuery adapter: https://console.cloud.google.com/bigquery?project=us-corn-data&j=bq:US:4a8fb24a-a452-4991-9e5d-ca116be295f9&page=queryresults
[0m12:01:23.630264 [debug] [Thread-1 (]: SQL status: OK in 1.935 seconds
[0m12:01:23.865473 [debug] [Thread-1 (]: Sending event: {'category': 'dbt', 'action': 'run_model', 'label': '0da1b326-7299-4012-9d7a-da4e781fbd82', 'context': [<snowplow_tracker.self_describing_json.SelfDescribingJson object at 0x000001BDC6935520>]}
[0m12:01:23.865473 [info ] [Thread-1 (]: 5 of 6 OK created sql table model us_corn_data_transformed.stg_corn_climate_features  [[32mCREATE TABLE (39.0 rows, 445.8 KiB processed)[0m in 3.56s]
[0m12:01:23.872397 [debug] [Thread-1 (]: Finished running node model.corn_market_project.stg_corn_climate_features
[0m12:01:23.872397 [debug] [Thread-1 (]: Began running node model.corn_market_project.mart_corn_model_data
[0m12:01:23.872397 [info ] [Thread-1 (]: 6 of 6 START sql table model us_corn_data_transformed.mart_corn_model_data ..... [RUN]
[0m12:01:23.872397 [debug] [Thread-1 (]: Re-using an available connection from the pool (formerly model.corn_market_project.stg_corn_climate_features, now model.corn_market_project.mart_corn_model_data)
[0m12:01:23.872397 [debug] [Thread-1 (]: Began compiling node model.corn_market_project.mart_corn_model_data
[0m12:01:23.872397 [debug] [Thread-1 (]: Writing injected SQL for node "model.corn_market_project.mart_corn_model_data"
[0m12:01:23.872397 [debug] [Thread-1 (]: Began executing node model.corn_market_project.mart_corn_model_data
[0m12:01:23.872397 [debug] [Thread-1 (]: Opening a new connection, currently in state closed
[0m12:01:24.828596 [debug] [Thread-1 (]: Writing runtime sql for node "model.corn_market_project.mart_corn_model_data"
[0m12:01:24.828596 [debug] [Thread-1 (]: On model.corn_market_project.mart_corn_model_data: /* {"app": "dbt", "dbt_version": "1.11.2", "profile_name": "corn_market_project", "target_name": "dev", "node_id": "model.corn_market_project.mart_corn_model_data"} */

  
    

    create or replace table `us-corn-data`.`us_corn_data_transformed`.`mart_corn_model_data`
      
    
    

    
    OPTIONS()
    as (
      with supply as (
    select * from `us-corn-data`.`us_corn_data_transformed`.`stg_corn_supply_demand`
),

prices as (
    select * from `us-corn-data`.`us_corn_data_transformed`.`stg_corn_prices`
),

conditions as (
    select * from `us-corn-data`.`us_corn_data_transformed`.`stg_corn_conditions`
),

climate as (
    select * from `us-corn-data`.`us_corn_data_transformed`.`stg_corn_climate_features`
),

final_join as (
    select
        -- 1. Everything from Supply & Demand
        s.*,
        
        -- 2. Target Variable
        p.price_per_bushel,
        
        -- 3. Crop Condition
        c.avg_condition_pollination_index,
        
        -- 4. Bio-Climate Features (Now including the raw planting date)
        cl.planting_50_pct_doy,        
        cl.rainfall_effectiveness_index,
        cl.temp_stress_july_count,
        cl.post_pollination_rain

    from supply s
    
    left join prices p on s.year = p.year
    left join conditions c on s.year = c.year
    left join climate cl on s.year = cl.year
)

select * from final_join
where price_per_bushel IS NOT NULL
order by year desc
    );
  
[0m12:01:25.263931 [debug] [Thread-1 (]: BigQuery adapter: https://console.cloud.google.com/bigquery?project=us-corn-data&j=bq:US:fd8f255f-85e9-4a2c-920c-8b701b64371a&page=queryresults
[0m12:01:27.221996 [debug] [Thread-1 (]: SQL status: OK in 1.948 seconds
[0m12:01:27.469456 [debug] [Thread-1 (]: Sending event: {'category': 'dbt', 'action': 'run_model', 'label': '0da1b326-7299-4012-9d7a-da4e781fbd82', 'context': [<snowplow_tracker.self_describing_json.SelfDescribingJson object at 0x000001BDC7170440>]}
[0m12:01:27.470450 [info ] [Thread-1 (]: 6 of 6 OK created sql table model us_corn_data_transformed.mart_corn_model_data  [[32mCREATE TABLE (52.0 rows, 7.4 KiB processed)[0m in 3.60s]
[0m12:01:27.471460 [debug] [Thread-1 (]: Finished running node model.corn_market_project.mart_corn_model_data
[0m12:01:27.474046 [debug] [MainThread]: Opening a new connection, currently in state closed
[0m12:01:27.477052 [debug] [MainThread]: Connection 'master' was properly closed.
[0m12:01:27.477052 [debug] [MainThread]: Connection 'list_us-corn-data' was properly closed.
[0m12:01:27.478072 [debug] [MainThread]: Connection 'list_us-corn-data_us_corn_data_transformed' was properly closed.
[0m12:01:27.478072 [debug] [MainThread]: Connection 'model.corn_market_project.mart_corn_model_data' was properly closed.
[0m12:01:27.478072 [info ] [MainThread]: 
[0m12:01:27.479110 [info ] [MainThread]: Finished running 6 table models in 0 hours 0 minutes and 24.75 seconds (24.75s).
[0m12:01:27.482095 [debug] [MainThread]: Command end result
[0m12:01:27.505473 [debug] [MainThread]: Wrote artifact WritableManifest to C:\Users\takudzwarioga\Documents\Dev\US_Corn_Price_Analysis\data_transformation\target\manifest.json
[0m12:01:27.508480 [debug] [MainThread]: Wrote artifact SemanticManifest to C:\Users\takudzwarioga\Documents\Dev\US_Corn_Price_Analysis\data_transformation\target\semantic_manifest.json
[0m12:01:27.514479 [debug] [MainThread]: Wrote artifact RunExecutionResult to C:\Users\takudzwarioga\Documents\Dev\US_Corn_Price_Analysis\data_transformation\target\run_results.json
[0m12:01:27.514479 [info ] [MainThread]: 
[0m12:01:27.515479 [info ] [MainThread]: [32mCompleted successfully[0m
[0m12:01:27.515479 [info ] [MainThread]: 
[0m12:01:27.516483 [info ] [MainThread]: Done. PASS=6 WARN=0 ERROR=0 SKIP=0 NO-OP=0 TOTAL=6
[0m12:01:27.517479 [debug] [MainThread]: Command `dbt run` succeeded at 12:01:27.517479 after 36.00 seconds
[0m12:01:27.517479 [debug] [MainThread]: Sending event: {'category': 'dbt', 'action': 'invocation', 'label': 'end', 'context': [<snowplow_tracker.self_describing_json.SelfDescribingJson object at 0x000001BD969FEC30>, <snowplow_tracker.self_describing_json.SelfDescribingJson object at 0x000001BDC623FA70>, <snowplow_tracker.self_describing_json.SelfDescribingJson object at 0x000001BDC623D5B0>]}
[0m12:01:27.518486 [debug] [MainThread]: Flushing usage events
[0m12:01:28.344592 [debug] [MainThread]: An error was encountered while trying to flush usage events
[0m17:05:52.549073 [debug] [MainThread]: Sending event: {'category': 'dbt', 'action': 'invocation', 'label': 'start', 'context': [<snowplow_tracker.self_describing_json.SelfDescribingJson object at 0x000001FCAD39F950>, <snowplow_tracker.self_describing_json.SelfDescribingJson object at 0x000001FCAD39FEC0>, <snowplow_tracker.self_describing_json.SelfDescribingJson object at 0x000001FCAD39FEF0>]}


============================== 17:05:52.556330 | e772079c-d168-4bc2-a8bf-bc282c0544d6 ==============================
[0m17:05:52.556330 [info ] [MainThread]: Running with dbt=1.11.2
[0m17:05:52.557369 [debug] [MainThread]: running dbt with arguments {'version_check': 'True', 'no_print': 'None', 'static_parser': 'True', 'target_path': 'None', 'warn_error_options': 'WarnErrorOptionsV2(error=[], warn=[], silence=[])', 'printer_width': '80', 'write_json': 'True', 'introspect': 'True', 'log_cache_events': 'False', 'empty': 'None', 'cache_selected_only': 'False', 'fail_fast': 'False', 'debug': 'False', 'log_format': 'default', 'partial_parse': 'True', 'send_anonymous_usage_stats': 'True', 'quiet': 'False', 'warn_error': 'None', 'profiles_dir': '.', 'invocation_command': 'dbt deps --profiles-dir .', 'use_colors': 'True', 'indirect_selection': 'eager', 'use_experimental_parser': 'False', 'log_path': 'C:\\Users\\takudzwarioga\\Documents\\Dev\\US_Corn_Price_Analysis\\data_transformation\\logs'}
[0m17:05:52.749644 [debug] [MainThread]: Sending event: {'category': 'dbt', 'action': 'project_id', 'label': 'e772079c-d168-4bc2-a8bf-bc282c0544d6', 'context': [<snowplow_tracker.self_describing_json.SelfDescribingJson object at 0x000001FCACD48D10>]}
[0m17:05:52.803999 [info ] [MainThread]: Warning: No packages were found in packages.yml
[0m17:05:52.806003 [info ] [MainThread]: Warning: No packages were found in packages.yml
[0m17:05:52.807000 [debug] [MainThread]: Command `dbt deps` succeeded at 17:05:52.807000 after 0.54 seconds
[0m17:05:52.807000 [debug] [MainThread]: Sending event: {'category': 'dbt', 'action': 'invocation', 'label': 'end', 'context': [<snowplow_tracker.self_describing_json.SelfDescribingJson object at 0x000001FCACD98320>, <snowplow_tracker.self_describing_json.SelfDescribingJson object at 0x000001FCAD4B7F80>, <snowplow_tracker.self_describing_json.SelfDescribingJson object at 0x000001FCADBF4200>]}
[0m17:05:52.807999 [debug] [MainThread]: Flushing usage events
[0m17:05:53.568581 [debug] [MainThread]: An error was encountered while trying to flush usage events
[0m17:05:56.341468 [debug] [MainThread]: Sending event: {'category': 'dbt', 'action': 'invocation', 'label': 'start', 'context': [<snowplow_tracker.self_describing_json.SelfDescribingJson object at 0x0000026D0B34AAE0>, <snowplow_tracker.self_describing_json.SelfDescribingJson object at 0x0000026D0E5A9F70>, <snowplow_tracker.self_describing_json.SelfDescribingJson object at 0x0000026D0E5A9040>]}


============================== 17:05:56.347479 | 6c23938d-c1e1-42ad-bbcf-d10e29c1cb80 ==============================
[0m17:05:56.347479 [info ] [MainThread]: Running with dbt=1.11.2
[0m17:05:56.348468 [debug] [MainThread]: running dbt with arguments {'version_check': 'True', 'no_print': 'None', 'static_parser': 'True', 'warn_error_options': 'WarnErrorOptionsV2(error=[], warn=[], silence=[])', 'target_path': 'None', 'printer_width': '80', 'write_json': 'True', 'introspect': 'True', 'log_cache_events': 'False', 'empty': 'False', 'cache_selected_only': 'False', 'log_format': 'default', 'debug': 'False', 'fail_fast': 'False', 'partial_parse': 'True', 'send_anonymous_usage_stats': 'True', 'quiet': 'False', 'warn_error': 'None', 'profiles_dir': '.', 'indirect_selection': 'eager', 'use_colors': 'True', 'invocation_command': 'dbt run --profiles-dir .', 'use_experimental_parser': 'False', 'log_path': 'C:\\Users\\takudzwarioga\\Documents\\Dev\\US_Corn_Price_Analysis\\data_transformation\\logs'}
[0m17:06:09.282855 [debug] [MainThread]: Sending event: {'category': 'dbt', 'action': 'project_id', 'label': '6c23938d-c1e1-42ad-bbcf-d10e29c1cb80', 'context': [<snowplow_tracker.self_describing_json.SelfDescribingJson object at 0x0000026D0E608D40>]}
[0m17:06:09.354770 [debug] [MainThread]: Sending event: {'category': 'dbt', 'action': 'adapter_info', 'label': '6c23938d-c1e1-42ad-bbcf-d10e29c1cb80', 'context': [<snowplow_tracker.self_describing_json.SelfDescribingJson object at 0x0000026D3E197EF0>]}
[0m17:06:09.355770 [info ] [MainThread]: Registered adapter: bigquery=1.11.0
[0m17:06:10.631505 [debug] [MainThread]: checksum: 3d40d8bbe1bef07db1c24822f2dbfff8bc07f2a48ed4fe2658a40653aec0b54b, vars: {}, profile: , target: , version: 1.11.2
[0m17:06:12.754895 [debug] [MainThread]: Partial parsing enabled: 0 files deleted, 0 files added, 1 files changed.
[0m17:06:12.754895 [debug] [MainThread]: Partial parsing: updated file: corn_market_project://models\stg_corn_climate_features.sql
[0m17:06:13.010551 [debug] [MainThread]: Sending event: {'category': 'dbt', 'action': 'load_project', 'label': '6c23938d-c1e1-42ad-bbcf-d10e29c1cb80', 'context': [<snowplow_tracker.self_describing_json.SelfDescribingJson object at 0x0000026D3EBDEA80>]}
[0m17:06:13.065907 [debug] [MainThread]: Wrote artifact WritableManifest to C:\Users\takudzwarioga\Documents\Dev\US_Corn_Price_Analysis\data_transformation\target\manifest.json
[0m17:06:13.080074 [debug] [MainThread]: Wrote artifact SemanticManifest to C:\Users\takudzwarioga\Documents\Dev\US_Corn_Price_Analysis\data_transformation\target\semantic_manifest.json
[0m17:06:13.117524 [debug] [MainThread]: Sending event: {'category': 'dbt', 'action': 'resource_counts', 'label': '6c23938d-c1e1-42ad-bbcf-d10e29c1cb80', 'context': [<snowplow_tracker.self_describing_json.SelfDescribingJson object at 0x0000026D3E7BB620>]}
[0m17:06:13.117524 [info ] [MainThread]: Found 6 models, 5 sources, 537 macros
[0m17:06:13.118536 [debug] [MainThread]: Sending event: {'category': 'dbt', 'action': 'runnable_timing', 'label': '6c23938d-c1e1-42ad-bbcf-d10e29c1cb80', 'context': [<snowplow_tracker.self_describing_json.SelfDescribingJson object at 0x0000026D3E888E90>]}
[0m17:06:13.120524 [info ] [MainThread]: 
[0m17:06:13.121524 [info ] [MainThread]: Concurrency: 1 threads (target='dev')
[0m17:06:13.121524 [info ] [MainThread]: 
[0m17:06:13.122533 [debug] [MainThread]: Acquiring new bigquery connection 'master'
[0m17:06:13.127533 [debug] [ThreadPool]: Acquiring new bigquery connection 'list_us-corn-data'
[0m17:06:13.127533 [debug] [ThreadPool]: Opening a new connection, currently in state init
[0m17:06:14.113737 [debug] [ThreadPool]: Acquiring new bigquery connection 'list_us-corn-data_us_corn_data_transformed'
[0m17:06:14.113737 [debug] [ThreadPool]: Opening a new connection, currently in state init
[0m17:06:15.112121 [debug] [MainThread]: Sending event: {'category': 'dbt', 'action': 'runnable_timing', 'label': '6c23938d-c1e1-42ad-bbcf-d10e29c1cb80', 'context': [<snowplow_tracker.self_describing_json.SelfDescribingJson object at 0x0000026D3EBC7BC0>]}
[0m17:06:15.112121 [debug] [MainThread]: Opening a new connection, currently in state init
[0m17:06:15.140897 [debug] [Thread-1 (]: Began running node model.corn_market_project.stg_corn_conditions
[0m17:06:15.140897 [info ] [Thread-1 (]: 1 of 6 START sql table model us_corn_data_transformed.stg_corn_conditions ...... [RUN]
[0m17:06:15.142373 [debug] [Thread-1 (]: Acquiring new bigquery connection 'model.corn_market_project.stg_corn_conditions'
[0m17:06:15.143891 [debug] [Thread-1 (]: Began compiling node model.corn_market_project.stg_corn_conditions
[0m17:06:15.143891 [debug] [Thread-1 (]: Writing injected SQL for node "model.corn_market_project.stg_corn_conditions"
[0m17:06:15.143891 [debug] [Thread-1 (]: Began executing node model.corn_market_project.stg_corn_conditions
[0m17:06:15.159924 [debug] [Thread-1 (]: Opening a new connection, currently in state init
[0m17:06:16.175531 [debug] [Thread-1 (]: Writing runtime sql for node "model.corn_market_project.stg_corn_conditions"
[0m17:06:16.175531 [debug] [Thread-1 (]: On model.corn_market_project.stg_corn_conditions: /* {"app": "dbt", "dbt_version": "1.11.2", "profile_name": "corn_market_project", "target_name": "dev", "node_id": "model.corn_market_project.stg_corn_conditions"} */

  
    

    create or replace table `us-corn-data`.`us_corn_data_transformed`.`stg_corn_conditions`
      
    
    

    
    OPTIONS()
    as (
      with source as (
    select * from `us-corn-data`.`us_corn_data`.`us_corn_conditions`
),

base_data as (
    select
        CAST(Year as INT64) as year,
        -- Extract Week Number (1-52) from the date
        EXTRACT(ISOWEEK FROM PARSE_DATE('%Y-%m-%d', Week_Ending)) as week_num,
        Data_Item,
        CAST(Value as INT64) as pct_value
    from source
),

pivoted as (
    select
        year,
        week_num,
        -- Pivot: Create a column for each category
        -- We use MAX() here to grab the value for that specific category in that specific week
        MAX(CASE WHEN Data_Item LIKE '%VERY POOR%' THEN pct_value ELSE 0 END) as vp,
        MAX(CASE WHEN Data_Item LIKE '%PCT POOR%' THEN pct_value ELSE 0 END) as p,
        MAX(CASE WHEN Data_Item LIKE '%FAIR%' THEN pct_value ELSE 0 END) as f,
        MAX(CASE WHEN Data_Item LIKE '%PCT GOOD%' THEN pct_value ELSE 0 END) as g,
        MAX(CASE WHEN Data_Item LIKE '%EXCELLENT%' THEN pct_value ELSE 0 END) as e
    from base_data
    group by year, week_num
),

calculated_index as (
    select
        year,
        week_num,
        vp, p, f, g, e,
        
        -- Calculate Total (Should be ~100, but we calculate to be safe)
        (vp + p + f + g + e) as total_pct,

        -- THE FORMULA: Weighted Average
        -- Scale: 100 (All Very Poor) to 500 (All Excellent)
        SAFE_DIVIDE(
            (vp * 1) + (p * 2) + (f * 3) + (g * 4) + (e * 5),
            (vp + p + f + g + e)
        ) as condition_index

    from pivoted
    -- Filter: Only keep the critical Pollination Window (Weeks 28-32)
    where week_num BETWEEN 28 AND 32
)

select
    year,
    -- Aggregate to one single number per year (The Average during Pollination)
    ROUND(AVG(condition_index), 2) as avg_condition_pollination_index
from calculated_index
group by year
order by year desc
    );
  
[0m17:06:16.779568 [debug] [Thread-1 (]: BigQuery adapter: https://console.cloud.google.com/bigquery?project=us-corn-data&j=bq:US:dc1d838f-b7ae-41d1-ac38-181b83f0a3d3&page=queryresults
[0m17:06:18.450044 [debug] [Thread-1 (]: SQL status: OK in 1.670 seconds
[0m17:06:22.989314 [debug] [Thread-1 (]: Sending event: {'category': 'dbt', 'action': 'run_model', 'label': '6c23938d-c1e1-42ad-bbcf-d10e29c1cb80', 'context': [<snowplow_tracker.self_describing_json.SelfDescribingJson object at 0x0000026D3869EF00>]}
[0m17:06:22.989314 [info ] [Thread-1 (]: 1 of 6 OK created sql table model us_corn_data_transformed.stg_corn_conditions . [[32mCREATE TABLE (39.0 rows, 548.6 KiB processed)[0m in 7.84s]
[0m17:06:22.991334 [debug] [Thread-1 (]: Finished running node model.corn_market_project.stg_corn_conditions
[0m17:06:22.991334 [debug] [Thread-1 (]: Began running node model.corn_market_project.stg_corn_plantings
[0m17:06:22.993354 [info ] [Thread-1 (]: 2 of 6 START sql table model us_corn_data_transformed.stg_corn_plantings ....... [RUN]
[0m17:06:22.993354 [debug] [Thread-1 (]: Re-using an available connection from the pool (formerly model.corn_market_project.stg_corn_conditions, now model.corn_market_project.stg_corn_plantings)
[0m17:06:22.993354 [debug] [Thread-1 (]: Began compiling node model.corn_market_project.stg_corn_plantings
[0m17:06:22.997398 [debug] [Thread-1 (]: Writing injected SQL for node "model.corn_market_project.stg_corn_plantings"
[0m17:06:22.999423 [debug] [Thread-1 (]: Began executing node model.corn_market_project.stg_corn_plantings
[0m17:06:23.001442 [debug] [Thread-1 (]: Opening a new connection, currently in state closed
[0m17:06:23.936331 [debug] [Thread-1 (]: Writing runtime sql for node "model.corn_market_project.stg_corn_plantings"
[0m17:06:23.937372 [debug] [Thread-1 (]: On model.corn_market_project.stg_corn_plantings: /* {"app": "dbt", "dbt_version": "1.11.2", "profile_name": "corn_market_project", "target_name": "dev", "node_id": "model.corn_market_project.stg_corn_plantings"} */

  
    

    create or replace table `us-corn-data`.`us_corn_data_transformed`.`stg_corn_plantings`
      
    
    

    
    OPTIONS()
    as (
      with source as (
    select * from `us-corn-data`.`us_corn_data`.`us_corn_plantings`
),

cleaned as (
    select
        -- 1. Standardize Year
        CAST(Year as INT64) as year,
        
        -- 2. Parse the Date (Column 'Week Ending' became 'Week_Ending')
        PARSE_DATE('%Y-%m-%d', Week_Ending) as measurement_date,
        
        -- 3. Value is the Percentage (0-100)
        CAST(Value as INT64) as progress_pct,
        
        -- 4. Keep Data_Item just for the safety check below
        Data_Item as data_item

    from source
    -- Safety Check: Even though the scraper filters this, we double-check here.
    where Data_Item LIKE '%PCT PLANTED%'
),

calc_threshold as (
    select
        year,
        -- Find the EARLIEST date where progress was >= 50%
        MIN(measurement_date) as date_reached_50_pct
    from cleaned
    where progress_pct >= 50
    group by year
)

select
    year,
    -- Convert that date into a simple integer (Day of Year 1-365)
    -- Example: May 20th becomes ~140
    EXTRACT(DAYOFYEAR FROM date_reached_50_pct) as planting_50_pct_doy
from calc_threshold
order by year desc
    );
  
[0m17:06:24.369902 [debug] [Thread-1 (]: BigQuery adapter: https://console.cloud.google.com/bigquery?project=us-corn-data&j=bq:US:14725e44-19f6-4e21-a734-41d26e356adc&page=queryresults
[0m17:06:26.048309 [debug] [Thread-1 (]: SQL status: OK in 1.678 seconds
[0m17:06:26.290730 [debug] [Thread-1 (]: Sending event: {'category': 'dbt', 'action': 'run_model', 'label': '6c23938d-c1e1-42ad-bbcf-d10e29c1cb80', 'context': [<snowplow_tracker.self_describing_json.SelfDescribingJson object at 0x0000026D3F273320>]}
[0m17:06:26.291770 [info ] [Thread-1 (]: 2 of 6 OK created sql table model us_corn_data_transformed.stg_corn_plantings .. [[32mCREATE TABLE (39.0 rows, 23.8 KiB processed)[0m in 3.30s]
[0m17:06:26.292744 [debug] [Thread-1 (]: Finished running node model.corn_market_project.stg_corn_plantings
[0m17:06:26.293760 [debug] [Thread-1 (]: Began running node model.corn_market_project.stg_corn_prices
[0m17:06:26.294753 [info ] [Thread-1 (]: 3 of 6 START sql table model us_corn_data_transformed.stg_corn_prices .......... [RUN]
[0m17:06:26.295879 [debug] [Thread-1 (]: Re-using an available connection from the pool (formerly model.corn_market_project.stg_corn_plantings, now model.corn_market_project.stg_corn_prices)
[0m17:06:26.297356 [debug] [Thread-1 (]: Began compiling node model.corn_market_project.stg_corn_prices
[0m17:06:26.301355 [debug] [Thread-1 (]: Writing injected SQL for node "model.corn_market_project.stg_corn_prices"
[0m17:06:26.303356 [debug] [Thread-1 (]: Began executing node model.corn_market_project.stg_corn_prices
[0m17:06:26.304357 [debug] [Thread-1 (]: Opening a new connection, currently in state closed
[0m17:06:27.250950 [debug] [Thread-1 (]: Writing runtime sql for node "model.corn_market_project.stg_corn_prices"
[0m17:06:27.252957 [debug] [Thread-1 (]: On model.corn_market_project.stg_corn_prices: /* {"app": "dbt", "dbt_version": "1.11.2", "profile_name": "corn_market_project", "target_name": "dev", "node_id": "model.corn_market_project.stg_corn_prices"} */

  
    

    create or replace table `us-corn-data`.`us_corn_data_transformed`.`stg_corn_prices`
      
    
    

    
    OPTIONS()
    as (
      with source as (
    select * from `us-corn-data`.`us_corn_data`.`us_corn_prices`
),

cleaned as (
    select
        CAST(Year as INT64) as year,
        Period as period,
        Data_Item as data_item,
        CAST(Value as FLOAT64) as price_value
    from source
),

filtered_prices as (
    select
        year,
        price_value
    from cleaned
    where 
        -- 1. Filter for Harvest Month
        period = 'NOV'
        
        -- 2. Filter for the correct UNIT (exclude 'PCT OF PARITY')
        -- We use LIKE to be safe, but specific enough to catch '$ / BU'
        AND data_item LIKE '%$ / BU'
),

final_unique as (
    select
        year,
        -- If duplicate rows still exist for the SAME metric (rare but possible),
        -- averaging them now is safe because they are the same unit.
        AVG(price_value) as price_per_bushel
    from filtered_prices
    group by year
)

select * from final_unique
order by year desc
    );
  
[0m17:06:27.752671 [debug] [Thread-1 (]: BigQuery adapter: https://console.cloud.google.com/bigquery?project=us-corn-data&j=bq:US:5cd01ab6-498e-4ca6-b327-8ec3b2561fb0&page=queryresults
[0m17:06:29.460315 [debug] [Thread-1 (]: SQL status: OK in 1.708 seconds
[0m17:06:29.715292 [debug] [Thread-1 (]: Sending event: {'category': 'dbt', 'action': 'run_model', 'label': '6c23938d-c1e1-42ad-bbcf-d10e29c1cb80', 'context': [<snowplow_tracker.self_describing_json.SelfDescribingJson object at 0x0000026D3F273320>]}
[0m17:06:29.716302 [info ] [Thread-1 (]: 3 of 6 OK created sql table model us_corn_data_transformed.stg_corn_prices ..... [[32mCREATE TABLE (52.0 rows, 86.5 KiB processed)[0m in 3.42s]
[0m17:06:29.717281 [debug] [Thread-1 (]: Finished running node model.corn_market_project.stg_corn_prices
[0m17:06:29.718313 [debug] [Thread-1 (]: Began running node model.corn_market_project.stg_corn_supply_demand
[0m17:06:29.719311 [info ] [Thread-1 (]: 4 of 6 START sql table model us_corn_data_transformed.stg_corn_supply_demand ... [RUN]
[0m17:06:29.720294 [debug] [Thread-1 (]: Re-using an available connection from the pool (formerly model.corn_market_project.stg_corn_prices, now model.corn_market_project.stg_corn_supply_demand)
[0m17:06:29.720294 [debug] [Thread-1 (]: Began compiling node model.corn_market_project.stg_corn_supply_demand
[0m17:06:29.724712 [debug] [Thread-1 (]: Writing injected SQL for node "model.corn_market_project.stg_corn_supply_demand"
[0m17:06:29.731882 [debug] [Thread-1 (]: Began executing node model.corn_market_project.stg_corn_supply_demand
[0m17:06:29.735880 [debug] [Thread-1 (]: Opening a new connection, currently in state closed
[0m17:06:30.654429 [debug] [Thread-1 (]: Writing runtime sql for node "model.corn_market_project.stg_corn_supply_demand"
[0m17:06:30.661548 [debug] [Thread-1 (]: On model.corn_market_project.stg_corn_supply_demand: /* {"app": "dbt", "dbt_version": "1.11.2", "profile_name": "corn_market_project", "target_name": "dev", "node_id": "model.corn_market_project.stg_corn_supply_demand"} */

  
    

    create or replace table `us-corn-data`.`us_corn_data_transformed`.`stg_corn_supply_demand`
      
    
    

    
    OPTIONS()
    as (
      with source as (
    select * from `us-corn-data`.`us_corn_data`.`us_corn_supply_demand`
),

cleaned as (
    select
        -- 1. Fix the Year (Float -> Integer)
        CAST(Year as INT64) as year,

        Planted_Acres as planted_acres,
        Harvested_Acres as harvested_acres,
        Actual_Yield as actual_yield,
        Production as production,
        Exports as exports,
        Imports as imports,
        Total_Supply as total_supply,
        Total_Usage as total_usage,
        Ending_Stocks as ending_stocks,

    from source
),

calculated as (
    select
        *,
        -- 3. Calculate Stock-to-Use Ratio
        -- Formula: (Ending Stocks / Total Usage)
        -- Use SAFE_DIVIDE to prevent errors if Usage is ever 0
        SAFE_DIVIDE(ending_stocks, total_usage) as stock_to_use_ratio

    from cleaned
)

select * from calculated
order by year desc
    );
  
[0m17:06:31.167032 [debug] [Thread-1 (]: BigQuery adapter: https://console.cloud.google.com/bigquery?project=us-corn-data&j=bq:US:bf3feb35-d37e-41f6-904f-c79d54d849db&page=queryresults
[0m17:06:33.102603 [debug] [Thread-1 (]: SQL status: OK in 1.935 seconds
[0m17:06:33.330784 [debug] [Thread-1 (]: Sending event: {'category': 'dbt', 'action': 'run_model', 'label': '6c23938d-c1e1-42ad-bbcf-d10e29c1cb80', 'context': [<snowplow_tracker.self_describing_json.SelfDescribingJson object at 0x0000026D3F393860>]}
[0m17:06:33.330784 [info ] [Thread-1 (]: 4 of 6 OK created sql table model us_corn_data_transformed.stg_corn_supply_demand  [[32mCREATE TABLE (52.0 rows, 4.1 KiB processed)[0m in 3.61s]
[0m17:06:33.330784 [debug] [Thread-1 (]: Finished running node model.corn_market_project.stg_corn_supply_demand
[0m17:06:33.330784 [debug] [Thread-1 (]: Began running node model.corn_market_project.stg_corn_climate_features
[0m17:06:33.330784 [info ] [Thread-1 (]: 5 of 6 START sql table model us_corn_data_transformed.stg_corn_climate_features  [RUN]
[0m17:06:33.330784 [debug] [Thread-1 (]: Re-using an available connection from the pool (formerly model.corn_market_project.stg_corn_supply_demand, now model.corn_market_project.stg_corn_climate_features)
[0m17:06:33.330784 [debug] [Thread-1 (]: Began compiling node model.corn_market_project.stg_corn_climate_features
[0m17:06:33.330784 [debug] [Thread-1 (]: Writing injected SQL for node "model.corn_market_project.stg_corn_climate_features"
[0m17:06:33.346704 [debug] [Thread-1 (]: Began executing node model.corn_market_project.stg_corn_climate_features
[0m17:06:33.352848 [debug] [Thread-1 (]: Opening a new connection, currently in state closed
[0m17:06:34.288830 [debug] [Thread-1 (]: Writing runtime sql for node "model.corn_market_project.stg_corn_climate_features"
[0m17:06:34.296607 [debug] [Thread-1 (]: On model.corn_market_project.stg_corn_climate_features: /* {"app": "dbt", "dbt_version": "1.11.2", "profile_name": "corn_market_project", "target_name": "dev", "node_id": "model.corn_market_project.stg_corn_climate_features"} */

  
    

    create or replace table `us-corn-data`.`us_corn_data_transformed`.`stg_corn_climate_features`
      
    
    

    
    OPTIONS()
    as (
      with climate_source as (
    select * from `us-corn-data`.`us_corn_data`.`us_climate_data`
),

planting_source as (
    select * from `us-corn-data`.`us_corn_data_transformed`.`stg_corn_plantings`
),

daily_metrics as (
    select
        EXTRACT(YEAR FROM c.date) as year,
        c.date as weather_date,
        EXTRACT(DAYOFYEAR FROM c.date) as weather_doy,
        CAST(c.Precipitation as FLOAT64) as prcp,
        CAST(c.Max_Temp as FLOAT64) as tmax,
        p.planting_50_pct_doy
    from climate_source c
    inner join planting_source p on EXTRACT(YEAR FROM c.date) = p.year
),

aggregated_features as (
    select
        year,
        planting_50_pct_doy,

        -- 1. Rain Effectiveness
        SUM(CASE 
            WHEN weather_doy BETWEEN 60 AND 181 THEN prcp 
            ELSE 0 
        END) as soil_prep_rain_cumulative,

        -- 2. NEW: Stress Degree Days (SDD)
        -- Baseline: 30°C (86°F). 
        -- If Avg Temp is 32°C, we add 2.0 to the score.
        SUM(CASE 
            WHEN weather_doy BETWEEN (planting_50_pct_doy + 60) AND (planting_50_pct_doy + 90)
            AND tmax > 30 
            THEN (tmax - 30) 
            ELSE 0 
        END) as heat_stress_index,

        -- 3. Post-Pollination Rain (Unchanged)
        SUM(CASE 
            WHEN weather_doy BETWEEN (planting_50_pct_doy + 60) AND (planting_50_pct_doy + 90)
            THEN prcp 
            ELSE 0 
        END) as post_pollination_rain_cumulative

    from daily_metrics
    group by year, planting_50_pct_doy
)

select
    year,
    planting_50_pct_doy,
    
    SAFE_DIVIDE(soil_prep_rain_cumulative, planting_50_pct_doy) as rainfall_effectiveness_index,
    
    -- Rename column to reflect it is now an index, not a count
    heat_stress_index as temp_stress_july_index,
    
    post_pollination_rain_cumulative as post_pollination_rain

from aggregated_features
order by year desc
    );
  
[0m17:06:34.736731 [debug] [Thread-1 (]: BigQuery adapter: https://console.cloud.google.com/bigquery?project=us-corn-data&j=bq:US:e2995816-c94b-47ff-8988-22718ba89797&page=queryresults
[0m17:06:36.403273 [debug] [Thread-1 (]: SQL status: OK in 1.666 seconds
[0m17:06:36.637707 [debug] [Thread-1 (]: Sending event: {'category': 'dbt', 'action': 'run_model', 'label': '6c23938d-c1e1-42ad-bbcf-d10e29c1cb80', 'context': [<snowplow_tracker.self_describing_json.SelfDescribingJson object at 0x0000026D3F3A1130>]}
[0m17:06:36.638639 [info ] [Thread-1 (]: 5 of 6 OK created sql table model us_corn_data_transformed.stg_corn_climate_features  [[32mCREATE TABLE (39.0 rows, 445.8 KiB processed)[0m in 3.31s]
[0m17:06:36.639629 [debug] [Thread-1 (]: Finished running node model.corn_market_project.stg_corn_climate_features
[0m17:06:36.641639 [debug] [Thread-1 (]: Began running node model.corn_market_project.mart_corn_model_data
[0m17:06:36.642637 [info ] [Thread-1 (]: 6 of 6 START sql table model us_corn_data_transformed.mart_corn_model_data ..... [RUN]
[0m17:06:36.643777 [debug] [Thread-1 (]: Re-using an available connection from the pool (formerly model.corn_market_project.stg_corn_climate_features, now model.corn_market_project.mart_corn_model_data)
[0m17:06:36.644641 [debug] [Thread-1 (]: Began compiling node model.corn_market_project.mart_corn_model_data
[0m17:06:36.648952 [debug] [Thread-1 (]: Writing injected SQL for node "model.corn_market_project.mart_corn_model_data"
[0m17:06:36.650127 [debug] [Thread-1 (]: Began executing node model.corn_market_project.mart_corn_model_data
[0m17:06:36.652137 [debug] [Thread-1 (]: Opening a new connection, currently in state closed
[0m17:06:37.583713 [debug] [Thread-1 (]: Writing runtime sql for node "model.corn_market_project.mart_corn_model_data"
[0m17:06:37.585816 [debug] [Thread-1 (]: On model.corn_market_project.mart_corn_model_data: /* {"app": "dbt", "dbt_version": "1.11.2", "profile_name": "corn_market_project", "target_name": "dev", "node_id": "model.corn_market_project.mart_corn_model_data"} */

  
    

    create or replace table `us-corn-data`.`us_corn_data_transformed`.`mart_corn_model_data`
      
    
    

    
    OPTIONS()
    as (
      with supply as (
    select * from `us-corn-data`.`us_corn_data_transformed`.`stg_corn_supply_demand`
),

prices as (
    select * from `us-corn-data`.`us_corn_data_transformed`.`stg_corn_prices`
),

conditions as (
    select * from `us-corn-data`.`us_corn_data_transformed`.`stg_corn_conditions`
),

climate as (
    select * from `us-corn-data`.`us_corn_data_transformed`.`stg_corn_climate_features`
),

final_join as (
    select
        -- 1. Everything from Supply & Demand
        s.*,
        
        -- 2. Target Variable
        p.price_per_bushel,
        
        -- 3. Crop Condition
        c.avg_condition_pollination_index,
        
        -- 4. Bio-Climate Features (Now including the raw planting date)
        cl.planting_50_pct_doy,        
        cl.rainfall_effectiveness_index,
        cl.temp_stress_july_count,
        cl.post_pollination_rain

    from supply s
    
    left join prices p on s.year = p.year
    left join conditions c on s.year = c.year
    left join climate cl on s.year = cl.year
)

select * from final_join
where price_per_bushel IS NOT NULL
order by year desc
    );
  
[0m17:06:37.991978 [debug] [Thread-1 (]: BigQuery adapter: https://console.cloud.google.com/bigquery?project=us-corn-data&j=bq:US:a46c47f1-1cc3-4adf-9e38-4dbf78d5cfa1&page=queryresults
[0m17:06:38.198137 [error] [Thread-1 (]: BigQuery adapter: https://console.cloud.google.com/bigquery?project=us-corn-data&j=bq:US:a46c47f1-1cc3-4adf-9e38-4dbf78d5cfa1&page=queryresults
[0m17:06:38.379491 [debug] [Thread-1 (]: Database Error in model mart_corn_model_data (models\mart_corn_model_data.sql)
  Name temp_stress_july_count not found inside cl at [44:12]
  compiled code at target\run\corn_market_project\models\mart_corn_model_data.sql
[0m17:06:38.380490 [debug] [Thread-1 (]: Sending event: {'category': 'dbt', 'action': 'run_model', 'label': '6c23938d-c1e1-42ad-bbcf-d10e29c1cb80', 'context': [<snowplow_tracker.self_describing_json.SelfDescribingJson object at 0x0000026D3F3DF890>]}
[0m17:06:38.380490 [error] [Thread-1 (]: 6 of 6 ERROR creating sql table model us_corn_data_transformed.mart_corn_model_data  [[31mERROR[0m in 1.74s]
[0m17:06:38.381492 [debug] [Thread-1 (]: Finished running node model.corn_market_project.mart_corn_model_data
[0m17:06:38.383514 [debug] [Thread-4 (]: Marking all children of 'model.corn_market_project.mart_corn_model_data' to be skipped because of status 'error'.  Reason: Database Error in model mart_corn_model_data (models\mart_corn_model_data.sql)
  Name temp_stress_july_count not found inside cl at [44:12]
  compiled code at target\run\corn_market_project\models\mart_corn_model_data.sql.
[0m17:06:38.385511 [debug] [MainThread]: Opening a new connection, currently in state closed
[0m17:06:38.387522 [debug] [MainThread]: Connection 'master' was properly closed.
[0m17:06:38.387522 [debug] [MainThread]: Connection 'list_us-corn-data' was properly closed.
[0m17:06:38.388520 [debug] [MainThread]: Connection 'list_us-corn-data_us_corn_data_transformed' was properly closed.
[0m17:06:38.388520 [debug] [MainThread]: Connection 'model.corn_market_project.mart_corn_model_data' was properly closed.
[0m17:06:38.388520 [info ] [MainThread]: 
[0m17:06:38.389504 [info ] [MainThread]: Finished running 6 table models in 0 hours 0 minutes and 25.27 seconds (25.27s).
[0m17:06:38.392522 [debug] [MainThread]: Command end result
[0m17:06:38.415559 [debug] [MainThread]: Wrote artifact WritableManifest to C:\Users\takudzwarioga\Documents\Dev\US_Corn_Price_Analysis\data_transformation\target\manifest.json
[0m17:06:38.418829 [debug] [MainThread]: Wrote artifact SemanticManifest to C:\Users\takudzwarioga\Documents\Dev\US_Corn_Price_Analysis\data_transformation\target\semantic_manifest.json
[0m17:06:38.425588 [debug] [MainThread]: Wrote artifact RunExecutionResult to C:\Users\takudzwarioga\Documents\Dev\US_Corn_Price_Analysis\data_transformation\target\run_results.json
[0m17:06:38.426582 [info ] [MainThread]: 
[0m17:06:38.426582 [info ] [MainThread]: [31mCompleted with 1 error, 0 partial successes, and 0 warnings:[0m
[0m17:06:38.427582 [info ] [MainThread]: 
[0m17:06:38.429089 [error] [MainThread]: [31mFailure in model mart_corn_model_data (models\mart_corn_model_data.sql)[0m
[0m17:06:38.429089 [error] [MainThread]:   Database Error in model mart_corn_model_data (models\mart_corn_model_data.sql)
  Name temp_stress_july_count not found inside cl at [44:12]
  compiled code at target\run\corn_market_project\models\mart_corn_model_data.sql
[0m17:06:38.429089 [info ] [MainThread]: 
[0m17:06:38.430119 [info ] [MainThread]:   compiled code at target\compiled\corn_market_project\models\mart_corn_model_data.sql
[0m17:06:38.431095 [info ] [MainThread]: 
[0m17:06:38.431095 [info ] [MainThread]: Done. PASS=5 WARN=0 ERROR=1 SKIP=0 NO-OP=0 TOTAL=6
[0m17:06:38.432101 [debug] [MainThread]: Command `dbt run` failed at 17:06:38.432101 after 42.23 seconds
[0m17:06:38.433097 [debug] [MainThread]: Sending event: {'category': 'dbt', 'action': 'invocation', 'label': 'end', 'context': [<snowplow_tracker.self_describing_json.SelfDescribingJson object at 0x0000026D0B34AAE0>, <snowplow_tracker.self_describing_json.SelfDescribingJson object at 0x0000026D3E8C02F0>, <snowplow_tracker.self_describing_json.SelfDescribingJson object at 0x0000026D3E88A660>]}
[0m17:06:38.433097 [debug] [MainThread]: Flushing usage events
[0m17:06:39.207142 [debug] [MainThread]: An error was encountered while trying to flush usage events
[0m17:12:11.740452 [debug] [MainThread]: Sending event: {'category': 'dbt', 'action': 'invocation', 'label': 'start', 'context': [<snowplow_tracker.self_describing_json.SelfDescribingJson object at 0x000001E4FA2B2FF0>, <snowplow_tracker.self_describing_json.SelfDescribingJson object at 0x000001E4FB8F6660>, <snowplow_tracker.self_describing_json.SelfDescribingJson object at 0x000001E4FB8F7980>]}


============================== 17:12:11.745954 | 7ce07cb7-2e94-4a05-8396-fe249aca4c95 ==============================
[0m17:12:11.745954 [info ] [MainThread]: Running with dbt=1.11.2
[0m17:12:11.746944 [debug] [MainThread]: running dbt with arguments {'version_check': 'True', 'no_print': 'None', 'static_parser': 'True', 'target_path': 'None', 'warn_error_options': 'WarnErrorOptionsV2(error=[], warn=[], silence=[])', 'printer_width': '80', 'write_json': 'True', 'introspect': 'True', 'log_cache_events': 'False', 'empty': 'None', 'cache_selected_only': 'False', 'fail_fast': 'False', 'debug': 'False', 'log_format': 'default', 'partial_parse': 'True', 'send_anonymous_usage_stats': 'True', 'quiet': 'False', 'warn_error': 'None', 'profiles_dir': '.', 'indirect_selection': 'eager', 'use_colors': 'True', 'invocation_command': 'dbt deps --profiles-dir .', 'use_experimental_parser': 'False', 'log_path': 'C:\\Users\\takudzwarioga\\Documents\\Dev\\US_Corn_Price_Analysis\\data_transformation\\logs'}
[0m17:12:11.875887 [debug] [MainThread]: Sending event: {'category': 'dbt', 'action': 'project_id', 'label': '7ce07cb7-2e94-4a05-8396-fe249aca4c95', 'context': [<snowplow_tracker.self_describing_json.SelfDescribingJson object at 0x000001E4FE1082F0>]}
[0m17:12:11.912607 [info ] [MainThread]: Warning: No packages were found in packages.yml
[0m17:12:11.914845 [info ] [MainThread]: Warning: No packages were found in packages.yml
[0m17:12:11.915910 [debug] [MainThread]: Command `dbt deps` succeeded at 17:12:11.915910 after 0.42 seconds
[0m17:12:11.916916 [debug] [MainThread]: Sending event: {'category': 'dbt', 'action': 'invocation', 'label': 'end', 'context': [<snowplow_tracker.self_describing_json.SelfDescribingJson object at 0x000001E4FE0EE150>, <snowplow_tracker.self_describing_json.SelfDescribingJson object at 0x000001E4F787AA20>, <snowplow_tracker.self_describing_json.SelfDescribingJson object at 0x000001E4FDD53140>]}
[0m17:12:11.916916 [debug] [MainThread]: Flushing usage events
[0m17:12:12.746061 [debug] [MainThread]: An error was encountered while trying to flush usage events
[0m17:12:15.565421 [debug] [MainThread]: Sending event: {'category': 'dbt', 'action': 'invocation', 'label': 'start', 'context': [<snowplow_tracker.self_describing_json.SelfDescribingJson object at 0x0000021321A7C0B0>, <snowplow_tracker.self_describing_json.SelfDescribingJson object at 0x00000213214F6780>, <snowplow_tracker.self_describing_json.SelfDescribingJson object at 0x0000021320E83BC0>]}


============================== 17:12:15.572475 | be739cd4-cbb7-4d89-aeaf-cb8072b3fe67 ==============================
[0m17:12:15.572475 [info ] [MainThread]: Running with dbt=1.11.2
[0m17:12:15.572475 [debug] [MainThread]: running dbt with arguments {'version_check': 'True', 'no_print': 'None', 'static_parser': 'True', 'target_path': 'None', 'warn_error_options': 'WarnErrorOptionsV2(error=[], warn=[], silence=[])', 'printer_width': '80', 'write_json': 'True', 'empty': 'False', 'log_cache_events': 'False', 'introspect': 'True', 'cache_selected_only': 'False', 'fail_fast': 'False', 'debug': 'False', 'log_format': 'default', 'partial_parse': 'True', 'send_anonymous_usage_stats': 'True', 'quiet': 'False', 'warn_error': 'None', 'profiles_dir': '.', 'use_colors': 'True', 'indirect_selection': 'eager', 'invocation_command': 'dbt run --profiles-dir .', 'use_experimental_parser': 'False', 'log_path': 'C:\\Users\\takudzwarioga\\Documents\\Dev\\US_Corn_Price_Analysis\\data_transformation\\logs'}
[0m17:12:25.561717 [debug] [MainThread]: Sending event: {'category': 'dbt', 'action': 'project_id', 'label': 'be739cd4-cbb7-4d89-aeaf-cb8072b3fe67', 'context': [<snowplow_tracker.self_describing_json.SelfDescribingJson object at 0x0000021350BFDD90>]}
[0m17:12:25.620430 [debug] [MainThread]: Sending event: {'category': 'dbt', 'action': 'adapter_info', 'label': 'be739cd4-cbb7-4d89-aeaf-cb8072b3fe67', 'context': [<snowplow_tracker.self_describing_json.SelfDescribingJson object at 0x0000021350A7D700>]}
[0m17:12:25.620430 [info ] [MainThread]: Registered adapter: bigquery=1.11.0
[0m17:12:26.218750 [debug] [MainThread]: checksum: 3d40d8bbe1bef07db1c24822f2dbfff8bc07f2a48ed4fe2658a40653aec0b54b, vars: {}, profile: , target: , version: 1.11.2
[0m17:12:26.405150 [debug] [MainThread]: Partial parsing enabled: 0 files deleted, 0 files added, 3 files changed.
[0m17:12:26.406183 [debug] [MainThread]: Partial parsing: updated file: corn_market_project://models\stg_corn_supply_demand.sql
[0m17:12:26.406183 [debug] [MainThread]: Partial parsing: updated file: corn_market_project://models\mart_corn_model_data.sql
[0m17:12:26.407185 [debug] [MainThread]: Partial parsing: updated file: corn_market_project://models\stg_corn_climate_features.sql
[0m17:12:26.654514 [debug] [MainThread]: Sending event: {'category': 'dbt', 'action': 'load_project', 'label': 'be739cd4-cbb7-4d89-aeaf-cb8072b3fe67', 'context': [<snowplow_tracker.self_describing_json.SelfDescribingJson object at 0x00000213514B4110>]}
[0m17:12:26.721732 [debug] [MainThread]: Wrote artifact WritableManifest to C:\Users\takudzwarioga\Documents\Dev\US_Corn_Price_Analysis\data_transformation\target\manifest.json
[0m17:12:26.724760 [debug] [MainThread]: Wrote artifact SemanticManifest to C:\Users\takudzwarioga\Documents\Dev\US_Corn_Price_Analysis\data_transformation\target\semantic_manifest.json
[0m17:12:26.760915 [debug] [MainThread]: Sending event: {'category': 'dbt', 'action': 'resource_counts', 'label': 'be739cd4-cbb7-4d89-aeaf-cb8072b3fe67', 'context': [<snowplow_tracker.self_describing_json.SelfDescribingJson object at 0x00000213514B58B0>]}
[0m17:12:26.762418 [info ] [MainThread]: Found 6 models, 5 sources, 537 macros
[0m17:12:26.762418 [debug] [MainThread]: Sending event: {'category': 'dbt', 'action': 'runnable_timing', 'label': 'be739cd4-cbb7-4d89-aeaf-cb8072b3fe67', 'context': [<snowplow_tracker.self_describing_json.SelfDescribingJson object at 0x00000213514D5CA0>]}
[0m17:12:26.765408 [info ] [MainThread]: 
[0m17:12:26.766423 [info ] [MainThread]: Concurrency: 1 threads (target='dev')
[0m17:12:26.766423 [info ] [MainThread]: 
[0m17:12:26.767439 [debug] [MainThread]: Acquiring new bigquery connection 'master'
[0m17:12:26.772436 [debug] [ThreadPool]: Acquiring new bigquery connection 'list_us-corn-data'
[0m17:12:26.773433 [debug] [ThreadPool]: Opening a new connection, currently in state init
[0m17:12:27.775625 [debug] [ThreadPool]: Acquiring new bigquery connection 'list_us-corn-data_us_corn_data_transformed'
[0m17:12:27.776628 [debug] [ThreadPool]: Opening a new connection, currently in state init
[0m17:12:28.766033 [debug] [MainThread]: Sending event: {'category': 'dbt', 'action': 'runnable_timing', 'label': 'be739cd4-cbb7-4d89-aeaf-cb8072b3fe67', 'context': [<snowplow_tracker.self_describing_json.SelfDescribingJson object at 0x000002131EB6D8B0>]}
[0m17:12:28.767070 [debug] [MainThread]: Opening a new connection, currently in state init
[0m17:12:28.782029 [debug] [Thread-1 (]: Began running node model.corn_market_project.stg_corn_conditions
[0m17:12:28.783041 [info ] [Thread-1 (]: 1 of 6 START sql table model us_corn_data_transformed.stg_corn_conditions ...... [RUN]
[0m17:12:28.785211 [debug] [Thread-1 (]: Acquiring new bigquery connection 'model.corn_market_project.stg_corn_conditions'
[0m17:12:28.785211 [debug] [Thread-1 (]: Began compiling node model.corn_market_project.stg_corn_conditions
[0m17:12:28.794562 [debug] [Thread-1 (]: Writing injected SQL for node "model.corn_market_project.stg_corn_conditions"
[0m17:12:28.795560 [debug] [Thread-1 (]: Began executing node model.corn_market_project.stg_corn_conditions
[0m17:12:28.809892 [debug] [Thread-1 (]: Opening a new connection, currently in state init
[0m17:12:29.777272 [debug] [Thread-1 (]: Writing runtime sql for node "model.corn_market_project.stg_corn_conditions"
[0m17:12:29.779272 [debug] [Thread-1 (]: On model.corn_market_project.stg_corn_conditions: /* {"app": "dbt", "dbt_version": "1.11.2", "profile_name": "corn_market_project", "target_name": "dev", "node_id": "model.corn_market_project.stg_corn_conditions"} */

  
    

    create or replace table `us-corn-data`.`us_corn_data_transformed`.`stg_corn_conditions`
      
    
    

    
    OPTIONS()
    as (
      with source as (
    select * from `us-corn-data`.`us_corn_data`.`us_corn_conditions`
),

base_data as (
    select
        CAST(Year as INT64) as year,
        -- Extract Week Number (1-52) from the date
        EXTRACT(ISOWEEK FROM PARSE_DATE('%Y-%m-%d', Week_Ending)) as week_num,
        Data_Item,
        CAST(Value as INT64) as pct_value
    from source
),

pivoted as (
    select
        year,
        week_num,
        -- Pivot: Create a column for each category
        -- We use MAX() here to grab the value for that specific category in that specific week
        MAX(CASE WHEN Data_Item LIKE '%VERY POOR%' THEN pct_value ELSE 0 END) as vp,
        MAX(CASE WHEN Data_Item LIKE '%PCT POOR%' THEN pct_value ELSE 0 END) as p,
        MAX(CASE WHEN Data_Item LIKE '%FAIR%' THEN pct_value ELSE 0 END) as f,
        MAX(CASE WHEN Data_Item LIKE '%PCT GOOD%' THEN pct_value ELSE 0 END) as g,
        MAX(CASE WHEN Data_Item LIKE '%EXCELLENT%' THEN pct_value ELSE 0 END) as e
    from base_data
    group by year, week_num
),

calculated_index as (
    select
        year,
        week_num,
        vp, p, f, g, e,
        
        -- Calculate Total (Should be ~100, but we calculate to be safe)
        (vp + p + f + g + e) as total_pct,

        -- THE FORMULA: Weighted Average
        -- Scale: 100 (All Very Poor) to 500 (All Excellent)
        SAFE_DIVIDE(
            (vp * 1) + (p * 2) + (f * 3) + (g * 4) + (e * 5),
            (vp + p + f + g + e)
        ) as condition_index

    from pivoted
    -- Filter: Only keep the critical Pollination Window (Weeks 28-32)
    where week_num BETWEEN 28 AND 32
)

select
    year,
    -- Aggregate to one single number per year (The Average during Pollination)
    ROUND(AVG(condition_index), 2) as avg_condition_pollination_index
from calculated_index
group by year
order by year desc
    );
  
[0m17:12:30.521622 [debug] [Thread-1 (]: BigQuery adapter: https://console.cloud.google.com/bigquery?project=us-corn-data&j=bq:US:73e32bcb-b17f-46e6-b30b-2585aa4a6f6c&page=queryresults
[0m17:12:32.279075 [debug] [Thread-1 (]: SQL status: OK in 1.757 seconds
[0m17:12:32.626717 [debug] [Thread-1 (]: Sending event: {'category': 'dbt', 'action': 'run_model', 'label': 'be739cd4-cbb7-4d89-aeaf-cb8072b3fe67', 'context': [<snowplow_tracker.self_describing_json.SelfDescribingJson object at 0x000002134B016960>]}
[0m17:12:32.627734 [info ] [Thread-1 (]: 1 of 6 OK created sql table model us_corn_data_transformed.stg_corn_conditions . [[32mCREATE TABLE (39.0 rows, 548.6 KiB processed)[0m in 3.84s]
[0m17:12:32.627734 [debug] [Thread-1 (]: Finished running node model.corn_market_project.stg_corn_conditions
[0m17:12:32.628747 [debug] [Thread-1 (]: Began running node model.corn_market_project.stg_corn_plantings
[0m17:12:32.628747 [info ] [Thread-1 (]: 2 of 6 START sql table model us_corn_data_transformed.stg_corn_plantings ....... [RUN]
[0m17:12:32.629731 [debug] [Thread-1 (]: Re-using an available connection from the pool (formerly model.corn_market_project.stg_corn_conditions, now model.corn_market_project.stg_corn_plantings)
[0m17:12:32.629731 [debug] [Thread-1 (]: Began compiling node model.corn_market_project.stg_corn_plantings
[0m17:12:32.632734 [debug] [Thread-1 (]: Writing injected SQL for node "model.corn_market_project.stg_corn_plantings"
[0m17:12:32.633777 [debug] [Thread-1 (]: Began executing node model.corn_market_project.stg_corn_plantings
[0m17:12:32.636768 [debug] [Thread-1 (]: Opening a new connection, currently in state closed
[0m17:12:33.605616 [debug] [Thread-1 (]: Writing runtime sql for node "model.corn_market_project.stg_corn_plantings"
[0m17:12:33.606827 [debug] [Thread-1 (]: On model.corn_market_project.stg_corn_plantings: /* {"app": "dbt", "dbt_version": "1.11.2", "profile_name": "corn_market_project", "target_name": "dev", "node_id": "model.corn_market_project.stg_corn_plantings"} */

  
    

    create or replace table `us-corn-data`.`us_corn_data_transformed`.`stg_corn_plantings`
      
    
    

    
    OPTIONS()
    as (
      with source as (
    select * from `us-corn-data`.`us_corn_data`.`us_corn_plantings`
),

cleaned as (
    select
        -- 1. Standardize Year
        CAST(Year as INT64) as year,
        
        -- 2. Parse the Date (Column 'Week Ending' became 'Week_Ending')
        PARSE_DATE('%Y-%m-%d', Week_Ending) as measurement_date,
        
        -- 3. Value is the Percentage (0-100)
        CAST(Value as INT64) as progress_pct,
        
        -- 4. Keep Data_Item just for the safety check below
        Data_Item as data_item

    from source
    -- Safety Check: Even though the scraper filters this, we double-check here.
    where Data_Item LIKE '%PCT PLANTED%'
),

calc_threshold as (
    select
        year,
        -- Find the EARLIEST date where progress was >= 50%
        MIN(measurement_date) as date_reached_50_pct
    from cleaned
    where progress_pct >= 50
    group by year
)

select
    year,
    -- Convert that date into a simple integer (Day of Year 1-365)
    -- Example: May 20th becomes ~140
    EXTRACT(DAYOFYEAR FROM date_reached_50_pct) as planting_50_pct_doy
from calc_threshold
order by year desc
    );
  
[0m17:12:34.214093 [debug] [Thread-1 (]: BigQuery adapter: https://console.cloud.google.com/bigquery?project=us-corn-data&j=bq:US:36605576-2a6c-4f5d-8020-c9099745e21d&page=queryresults
[0m17:12:38.582399 [debug] [Thread-1 (]: SQL status: OK in 4.368 seconds
[0m17:12:38.849947 [debug] [Thread-1 (]: Sending event: {'category': 'dbt', 'action': 'run_model', 'label': 'be739cd4-cbb7-4d89-aeaf-cb8072b3fe67', 'context': [<snowplow_tracker.self_describing_json.SelfDescribingJson object at 0x0000021351C3F5C0>]}
[0m17:12:38.851121 [info ] [Thread-1 (]: 2 of 6 OK created sql table model us_corn_data_transformed.stg_corn_plantings .. [[32mCREATE TABLE (39.0 rows, 23.8 KiB processed)[0m in 6.22s]
[0m17:12:38.852150 [debug] [Thread-1 (]: Finished running node model.corn_market_project.stg_corn_plantings
[0m17:12:38.853228 [debug] [Thread-1 (]: Began running node model.corn_market_project.stg_corn_prices
[0m17:12:38.854707 [info ] [Thread-1 (]: 3 of 6 START sql table model us_corn_data_transformed.stg_corn_prices .......... [RUN]
[0m17:12:38.855747 [debug] [Thread-1 (]: Re-using an available connection from the pool (formerly model.corn_market_project.stg_corn_plantings, now model.corn_market_project.stg_corn_prices)
[0m17:12:38.855747 [debug] [Thread-1 (]: Began compiling node model.corn_market_project.stg_corn_prices
[0m17:12:38.859763 [debug] [Thread-1 (]: Writing injected SQL for node "model.corn_market_project.stg_corn_prices"
[0m17:12:38.861042 [debug] [Thread-1 (]: Began executing node model.corn_market_project.stg_corn_prices
[0m17:12:38.863728 [debug] [Thread-1 (]: Opening a new connection, currently in state closed
[0m17:12:39.874005 [debug] [Thread-1 (]: Writing runtime sql for node "model.corn_market_project.stg_corn_prices"
[0m17:12:39.875086 [debug] [Thread-1 (]: On model.corn_market_project.stg_corn_prices: /* {"app": "dbt", "dbt_version": "1.11.2", "profile_name": "corn_market_project", "target_name": "dev", "node_id": "model.corn_market_project.stg_corn_prices"} */

  
    

    create or replace table `us-corn-data`.`us_corn_data_transformed`.`stg_corn_prices`
      
    
    

    
    OPTIONS()
    as (
      with source as (
    select * from `us-corn-data`.`us_corn_data`.`us_corn_prices`
),

cleaned as (
    select
        CAST(Year as INT64) as year,
        Period as period,
        Data_Item as data_item,
        CAST(Value as FLOAT64) as price_value
    from source
),

filtered_prices as (
    select
        year,
        price_value
    from cleaned
    where 
        -- 1. Filter for Harvest Month
        period = 'NOV'
        
        -- 2. Filter for the correct UNIT (exclude 'PCT OF PARITY')
        -- We use LIKE to be safe, but specific enough to catch '$ / BU'
        AND data_item LIKE '%$ / BU'
),

final_unique as (
    select
        year,
        -- If duplicate rows still exist for the SAME metric (rare but possible),
        -- averaging them now is safe because they are the same unit.
        AVG(price_value) as price_per_bushel
    from filtered_prices
    group by year
)

select * from final_unique
order by year desc
    );
  
[0m17:12:40.374050 [debug] [Thread-1 (]: BigQuery adapter: https://console.cloud.google.com/bigquery?project=us-corn-data&j=bq:US:f07ed7f7-74a3-45b1-8f43-45004333b83e&page=queryresults
[0m17:12:42.076178 [debug] [Thread-1 (]: SQL status: OK in 1.701 seconds
[0m17:12:42.341144 [debug] [Thread-1 (]: Sending event: {'category': 'dbt', 'action': 'run_model', 'label': 'be739cd4-cbb7-4d89-aeaf-cb8072b3fe67', 'context': [<snowplow_tracker.self_describing_json.SelfDescribingJson object at 0x00000213516105C0>]}
[0m17:12:42.342148 [info ] [Thread-1 (]: 3 of 6 OK created sql table model us_corn_data_transformed.stg_corn_prices ..... [[32mCREATE TABLE (52.0 rows, 86.5 KiB processed)[0m in 3.49s]
[0m17:12:42.343001 [debug] [Thread-1 (]: Finished running node model.corn_market_project.stg_corn_prices
[0m17:12:42.344022 [debug] [Thread-1 (]: Began running node model.corn_market_project.stg_corn_supply_demand
[0m17:12:42.344022 [info ] [Thread-1 (]: 4 of 6 START sql table model us_corn_data_transformed.stg_corn_supply_demand ... [RUN]
[0m17:12:42.345011 [debug] [Thread-1 (]: Re-using an available connection from the pool (formerly model.corn_market_project.stg_corn_prices, now model.corn_market_project.stg_corn_supply_demand)
[0m17:12:42.346012 [debug] [Thread-1 (]: Began compiling node model.corn_market_project.stg_corn_supply_demand
[0m17:12:42.350011 [debug] [Thread-1 (]: Writing injected SQL for node "model.corn_market_project.stg_corn_supply_demand"
[0m17:12:42.351010 [debug] [Thread-1 (]: Began executing node model.corn_market_project.stg_corn_supply_demand
[0m17:12:42.354012 [debug] [Thread-1 (]: Opening a new connection, currently in state closed
[0m17:12:43.311427 [debug] [Thread-1 (]: Writing runtime sql for node "model.corn_market_project.stg_corn_supply_demand"
[0m17:12:43.313813 [debug] [Thread-1 (]: On model.corn_market_project.stg_corn_supply_demand: /* {"app": "dbt", "dbt_version": "1.11.2", "profile_name": "corn_market_project", "target_name": "dev", "node_id": "model.corn_market_project.stg_corn_supply_demand"} */

  
    

    create or replace table `us-corn-data`.`us_corn_data_transformed`.`stg_corn_supply_demand`
      
    
    

    
    OPTIONS()
    as (
      with source as (
    select * from `us-corn-data`.`us_corn_data`.`us_corn_supply_demand`
),

cleaned as (
    select
        -- 1. Fix the Year (Float -> Integer)
        CAST(Year as INT64) as year,

        Planted_Acres as planted_acres,
        Harvested_Acres as harvested_acres,
        Actual_Yield as actual_yield,
        Production as production,
        Exports as exports,
        Imports as imports,
        Total_Supply as total_supply,
        All_Dom_Use as all_dom_use,
        Total_Usage as total_usage,
        Ending_Stocks as ending_stocks,

    from source
),

calculated as (
    select
        *,
        -- 3. Calculate Stock-to-Use Ratio
        -- Formula: (Ending Stocks / Total Usage)
        -- Use SAFE_DIVIDE to prevent errors if Usage is ever 0
        SAFE_DIVIDE(ending_stocks, total_usage) as stock_to_use_ratio

    from cleaned
)

select * from calculated
order by year desc
    );
  
[0m17:12:43.757682 [debug] [Thread-1 (]: BigQuery adapter: https://console.cloud.google.com/bigquery?project=us-corn-data&j=bq:US:d1143d67-4cd3-46d9-b2c1-9b30b8c85426&page=queryresults
[0m17:12:45.432652 [debug] [Thread-1 (]: SQL status: OK in 1.675 seconds
[0m17:12:45.647973 [debug] [Thread-1 (]: Sending event: {'category': 'dbt', 'action': 'run_model', 'label': 'be739cd4-cbb7-4d89-aeaf-cb8072b3fe67', 'context': [<snowplow_tracker.self_describing_json.SelfDescribingJson object at 0x0000021351C3F5C0>]}
[0m17:12:45.648973 [info ] [Thread-1 (]: 4 of 6 OK created sql table model us_corn_data_transformed.stg_corn_supply_demand  [[32mCREATE TABLE (52.0 rows, 4.5 KiB processed)[0m in 3.30s]
[0m17:12:45.649966 [debug] [Thread-1 (]: Finished running node model.corn_market_project.stg_corn_supply_demand
[0m17:12:45.650955 [debug] [Thread-1 (]: Began running node model.corn_market_project.stg_corn_climate_features
[0m17:12:45.651963 [info ] [Thread-1 (]: 5 of 6 START sql table model us_corn_data_transformed.stg_corn_climate_features  [RUN]
[0m17:12:45.652961 [debug] [Thread-1 (]: Re-using an available connection from the pool (formerly model.corn_market_project.stg_corn_supply_demand, now model.corn_market_project.stg_corn_climate_features)
[0m17:12:45.653953 [debug] [Thread-1 (]: Began compiling node model.corn_market_project.stg_corn_climate_features
[0m17:12:45.657944 [debug] [Thread-1 (]: Writing injected SQL for node "model.corn_market_project.stg_corn_climate_features"
[0m17:12:45.658950 [debug] [Thread-1 (]: Began executing node model.corn_market_project.stg_corn_climate_features
[0m17:12:45.661947 [debug] [Thread-1 (]: Opening a new connection, currently in state closed
[0m17:12:46.687764 [debug] [Thread-1 (]: Writing runtime sql for node "model.corn_market_project.stg_corn_climate_features"
[0m17:12:46.689774 [debug] [Thread-1 (]: On model.corn_market_project.stg_corn_climate_features: /* {"app": "dbt", "dbt_version": "1.11.2", "profile_name": "corn_market_project", "target_name": "dev", "node_id": "model.corn_market_project.stg_corn_climate_features"} */

  
    

    create or replace table `us-corn-data`.`us_corn_data_transformed`.`stg_corn_climate_features`
      
    
    

    
    OPTIONS()
    as (
      with climate_source as (
    select * from `us-corn-data`.`us_corn_data`.`us_climate_data`
),

planting_source as (
    select * from `us-corn-data`.`us_corn_data_transformed`.`stg_corn_plantings`
),

daily_metrics as (
    select
        EXTRACT(YEAR FROM c.date) as year,
        c.date as weather_date,
        EXTRACT(DAYOFYEAR FROM c.date) as weather_doy,
        CAST(c.Precipitation as FLOAT64) as prcp,
        CAST(c.Max_Temp as FLOAT64) as tmax,
        p.planting_50_pct_doy
    from climate_source c
    inner join planting_source p on EXTRACT(YEAR FROM c.date) = p.year
),

aggregated_features as (
    select
        year,
        planting_50_pct_doy,

        -- 1. Rain Effectiveness (Unchanged)
        SUM(CASE 
            WHEN weather_doy BETWEEN 60 AND 181 THEN prcp 
            ELSE 0 
        END) as soil_prep_rain_cumulative,

        -- 2. NEW: Stress Degree Days (SDD)
        -- Baseline: 30°C (86°F). 
        -- If Avg Temp is 32°C, we add 2.0 to the score.
        SUM(CASE 
            WHEN weather_doy BETWEEN (planting_50_pct_doy + 60) AND (planting_50_pct_doy + 90)
            AND tmax > 30 
            THEN (tmax - 30) 
            ELSE 0 
        END) as heat_stress_index,

        -- 3. Post-Pollination Rain (Unchanged)
        SUM(CASE 
            WHEN weather_doy BETWEEN (planting_50_pct_doy + 60) AND (planting_50_pct_doy + 90)
            THEN prcp 
            ELSE 0 
        END) as post_pollination_rain_cumulative

    from daily_metrics
    group by year, planting_50_pct_doy
)

select
    year,
    planting_50_pct_doy,
    
    SAFE_DIVIDE(soil_prep_rain_cumulative, planting_50_pct_doy) as rainfall_effectiveness_index,
    
    -- Rename column to reflect it is now an index, not a count
    heat_stress_index as temp_stress_july_index,
    
    post_pollination_rain_cumulative as post_pollination_rain

from aggregated_features
order by year desc
    );
  
[0m17:12:47.281458 [debug] [Thread-1 (]: BigQuery adapter: https://console.cloud.google.com/bigquery?project=us-corn-data&j=bq:US:429a454d-5983-4a40-8a9e-dc241f5c350d&page=queryresults
[0m17:12:48.941600 [debug] [Thread-1 (]: SQL status: OK in 1.660 seconds
[0m17:12:49.183350 [debug] [Thread-1 (]: Sending event: {'category': 'dbt', 'action': 'run_model', 'label': 'be739cd4-cbb7-4d89-aeaf-cb8072b3fe67', 'context': [<snowplow_tracker.self_describing_json.SelfDescribingJson object at 0x0000021351505A00>]}
[0m17:12:49.183350 [info ] [Thread-1 (]: 5 of 6 OK created sql table model us_corn_data_transformed.stg_corn_climate_features  [[32mCREATE TABLE (39.0 rows, 445.8 KiB processed)[0m in 3.53s]
[0m17:12:49.184348 [debug] [Thread-1 (]: Finished running node model.corn_market_project.stg_corn_climate_features
[0m17:12:49.185391 [debug] [Thread-1 (]: Began running node model.corn_market_project.mart_corn_model_data
[0m17:12:49.186644 [info ] [Thread-1 (]: 6 of 6 START sql table model us_corn_data_transformed.mart_corn_model_data ..... [RUN]
[0m17:12:49.188050 [debug] [Thread-1 (]: Re-using an available connection from the pool (formerly model.corn_market_project.stg_corn_climate_features, now model.corn_market_project.mart_corn_model_data)
[0m17:12:49.189088 [debug] [Thread-1 (]: Began compiling node model.corn_market_project.mart_corn_model_data
[0m17:12:49.192238 [debug] [Thread-1 (]: Writing injected SQL for node "model.corn_market_project.mart_corn_model_data"
[0m17:12:49.193247 [debug] [Thread-1 (]: Began executing node model.corn_market_project.mart_corn_model_data
[0m17:12:49.196622 [debug] [Thread-1 (]: Opening a new connection, currently in state closed
[0m17:12:50.136490 [debug] [Thread-1 (]: Writing runtime sql for node "model.corn_market_project.mart_corn_model_data"
[0m17:12:50.137490 [debug] [Thread-1 (]: On model.corn_market_project.mart_corn_model_data: /* {"app": "dbt", "dbt_version": "1.11.2", "profile_name": "corn_market_project", "target_name": "dev", "node_id": "model.corn_market_project.mart_corn_model_data"} */

  
    

    create or replace table `us-corn-data`.`us_corn_data_transformed`.`mart_corn_model_data`
      
    
    

    
    OPTIONS()
    as (
      with supply as (
    select * from `us-corn-data`.`us_corn_data_transformed`.`stg_corn_supply_demand`
),

prices as (
    select * from `us-corn-data`.`us_corn_data_transformed`.`stg_corn_prices`
),

conditions as (
    select * from `us-corn-data`.`us_corn_data_transformed`.`stg_corn_conditions`
),

climate as (
    select * from `us-corn-data`.`us_corn_data_transformed`.`stg_corn_climate_features`
),

final_join as (
    select
        -- 1. Everything from Supply & Demand
        s.*,
        
        -- 2. Target Variable
        p.price_per_bushel,
        
        -- 3. Crop Condition
        c.avg_condition_pollination_index,
        
        -- 4. Bio-Climate Features (Now including the raw planting date)
        cl.planting_50_pct_doy,        
        cl.rainfall_effectiveness_index,
        cl.temp_stress_july_index,
        cl.post_pollination_rain

    from supply s
    
    left join prices p on s.year = p.year
    left join conditions c on s.year = c.year
    left join climate cl on s.year = cl.year
)

select * from final_join
where price_per_bushel IS NOT NULL
order by year desc
    );
  
[0m17:12:50.634520 [debug] [Thread-1 (]: BigQuery adapter: https://console.cloud.google.com/bigquery?project=us-corn-data&j=bq:US:e85e8044-39f9-493e-8285-0822fa33dc0b&page=queryresults
[0m17:12:52.852805 [debug] [Thread-1 (]: SQL status: OK in 2.217 seconds
[0m17:12:53.112502 [debug] [Thread-1 (]: Sending event: {'category': 'dbt', 'action': 'run_model', 'label': 'be739cd4-cbb7-4d89-aeaf-cb8072b3fe67', 'context': [<snowplow_tracker.self_describing_json.SelfDescribingJson object at 0x0000021351D21FA0>]}
[0m17:12:53.113514 [info ] [Thread-1 (]: 6 of 6 OK created sql table model us_corn_data_transformed.mart_corn_model_data  [[32mCREATE TABLE (52.0 rows, 7.8 KiB processed)[0m in 3.92s]
[0m17:12:53.114502 [debug] [Thread-1 (]: Finished running node model.corn_market_project.mart_corn_model_data
[0m17:12:53.116514 [debug] [MainThread]: Opening a new connection, currently in state closed
[0m17:12:53.119024 [debug] [MainThread]: Connection 'master' was properly closed.
[0m17:12:53.119024 [debug] [MainThread]: Connection 'list_us-corn-data' was properly closed.
[0m17:12:53.120296 [debug] [MainThread]: Connection 'list_us-corn-data_us_corn_data_transformed' was properly closed.
[0m17:12:53.120296 [debug] [MainThread]: Connection 'model.corn_market_project.mart_corn_model_data' was properly closed.
[0m17:12:53.120296 [info ] [MainThread]: 
[0m17:12:53.121480 [info ] [MainThread]: Finished running 6 table models in 0 hours 0 minutes and 26.35 seconds (26.35s).
[0m17:12:53.123596 [debug] [MainThread]: Command end result
[0m17:12:53.148421 [debug] [MainThread]: Wrote artifact WritableManifest to C:\Users\takudzwarioga\Documents\Dev\US_Corn_Price_Analysis\data_transformation\target\manifest.json
[0m17:12:53.150424 [debug] [MainThread]: Wrote artifact SemanticManifest to C:\Users\takudzwarioga\Documents\Dev\US_Corn_Price_Analysis\data_transformation\target\semantic_manifest.json
[0m17:12:53.156409 [debug] [MainThread]: Wrote artifact RunExecutionResult to C:\Users\takudzwarioga\Documents\Dev\US_Corn_Price_Analysis\data_transformation\target\run_results.json
[0m17:12:53.157409 [info ] [MainThread]: 
[0m17:12:53.157409 [info ] [MainThread]: [32mCompleted successfully[0m
[0m17:12:53.158412 [info ] [MainThread]: 
[0m17:12:53.159416 [info ] [MainThread]: Done. PASS=6 WARN=0 ERROR=0 SKIP=0 NO-OP=0 TOTAL=6
[0m17:12:53.159416 [debug] [MainThread]: Command `dbt run` succeeded at 17:12:53.159416 after 37.74 seconds
[0m17:12:53.160410 [debug] [MainThread]: Sending event: {'category': 'dbt', 'action': 'invocation', 'label': 'end', 'context': [<snowplow_tracker.self_describing_json.SelfDescribingJson object at 0x00000213216789B0>, <snowplow_tracker.self_describing_json.SelfDescribingJson object at 0x0000021351122660>, <snowplow_tracker.self_describing_json.SelfDescribingJson object at 0x0000021350ED0FB0>]}
[0m17:12:53.160410 [debug] [MainThread]: Flushing usage events
[0m17:12:53.935840 [debug] [MainThread]: An error was encountered while trying to flush usage events
[0m17:17:58.716613 [debug] [MainThread]: Sending event: {'category': 'dbt', 'action': 'invocation', 'label': 'start', 'context': [<snowplow_tracker.self_describing_json.SelfDescribingJson object at 0x0000020D553F2FF0>, <snowplow_tracker.self_describing_json.SelfDescribingJson object at 0x0000020D586D3770>, <snowplow_tracker.self_describing_json.SelfDescribingJson object at 0x0000020D58468260>]}


============================== 17:17:58.722845 | 785f539c-1d2c-4de3-9825-b8187b997bdb ==============================
[0m17:17:58.722845 [info ] [MainThread]: Running with dbt=1.11.2
[0m17:17:58.723837 [debug] [MainThread]: running dbt with arguments {'version_check': 'True', 'no_print': 'None', 'static_parser': 'True', 'target_path': 'None', 'warn_error_options': 'WarnErrorOptionsV2(error=[], warn=[], silence=[])', 'printer_width': '80', 'write_json': 'True', 'introspect': 'True', 'log_cache_events': 'False', 'empty': 'None', 'cache_selected_only': 'False', 'log_format': 'default', 'debug': 'False', 'fail_fast': 'False', 'partial_parse': 'True', 'send_anonymous_usage_stats': 'True', 'quiet': 'False', 'warn_error': 'None', 'profiles_dir': '.', 'use_colors': 'True', 'invocation_command': 'dbt deps --profiles-dir .', 'indirect_selection': 'eager', 'use_experimental_parser': 'False', 'log_path': 'C:\\Users\\takudzwarioga\\Documents\\Dev\\US_Corn_Price_Analysis\\data_transformation\\logs'}
[0m17:17:58.849410 [debug] [MainThread]: Sending event: {'category': 'dbt', 'action': 'project_id', 'label': '785f539c-1d2c-4de3-9825-b8187b997bdb', 'context': [<snowplow_tracker.self_describing_json.SelfDescribingJson object at 0x0000020D592C4AD0>]}
[0m17:17:58.881000 [info ] [MainThread]: Warning: No packages were found in packages.yml
[0m17:17:58.883002 [info ] [MainThread]: Warning: No packages were found in packages.yml
[0m17:17:58.884987 [debug] [MainThread]: Command `dbt deps` succeeded at 17:17:58.884987 after 0.39 seconds
[0m17:17:58.885497 [debug] [MainThread]: Sending event: {'category': 'dbt', 'action': 'invocation', 'label': 'end', 'context': [<snowplow_tracker.self_describing_json.SelfDescribingJson object at 0x0000020D583B9EB0>, <snowplow_tracker.self_describing_json.SelfDescribingJson object at 0x0000020D58F59790>, <snowplow_tracker.self_describing_json.SelfDescribingJson object at 0x0000020D5553DAC0>]}
[0m17:17:58.885497 [debug] [MainThread]: Flushing usage events
[0m17:17:59.694453 [debug] [MainThread]: An error was encountered while trying to flush usage events
[0m17:18:02.667917 [debug] [MainThread]: Sending event: {'category': 'dbt', 'action': 'invocation', 'label': 'start', 'context': [<snowplow_tracker.self_describing_json.SelfDescribingJson object at 0x0000019A7835F740>, <snowplow_tracker.self_describing_json.SelfDescribingJson object at 0x0000019A7835EB70>, <snowplow_tracker.self_describing_json.SelfDescribingJson object at 0x0000019A75986570>]}


============================== 17:18:02.674025 | f924c53a-3bb9-424f-b064-b60d48fe5cc7 ==============================
[0m17:18:02.674025 [info ] [MainThread]: Running with dbt=1.11.2
[0m17:18:02.675014 [debug] [MainThread]: running dbt with arguments {'static_parser': 'True', 'no_print': 'None', 'version_check': 'True', 'warn_error_options': 'WarnErrorOptionsV2(error=[], warn=[], silence=[])', 'target_path': 'None', 'printer_width': '80', 'write_json': 'True', 'introspect': 'True', 'log_cache_events': 'False', 'empty': 'False', 'cache_selected_only': 'False', 'log_format': 'default', 'debug': 'False', 'fail_fast': 'False', 'profiles_dir': '.', 'send_anonymous_usage_stats': 'True', 'quiet': 'False', 'warn_error': 'None', 'partial_parse': 'True', 'use_colors': 'True', 'indirect_selection': 'eager', 'invocation_command': 'dbt run --profiles-dir .', 'use_experimental_parser': 'False', 'log_path': 'C:\\Users\\takudzwarioga\\Documents\\Dev\\US_Corn_Price_Analysis\\data_transformation\\logs'}
[0m17:18:12.985389 [debug] [MainThread]: Sending event: {'category': 'dbt', 'action': 'project_id', 'label': 'f924c53a-3bb9-424f-b064-b60d48fe5cc7', 'context': [<snowplow_tracker.self_describing_json.SelfDescribingJson object at 0x0000019A27EAFB60>]}
[0m17:18:13.042973 [debug] [MainThread]: Sending event: {'category': 'dbt', 'action': 'adapter_info', 'label': 'f924c53a-3bb9-424f-b064-b60d48fe5cc7', 'context': [<snowplow_tracker.self_describing_json.SelfDescribingJson object at 0x0000019A23F2DDF0>]}
[0m17:18:13.042973 [info ] [MainThread]: Registered adapter: bigquery=1.11.0
[0m17:18:13.627207 [debug] [MainThread]: checksum: 3d40d8bbe1bef07db1c24822f2dbfff8bc07f2a48ed4fe2658a40653aec0b54b, vars: {}, profile: , target: , version: 1.11.2
[0m17:18:13.782692 [debug] [MainThread]: Partial parsing enabled: 0 files deleted, 0 files added, 2 files changed.
[0m17:18:13.782692 [debug] [MainThread]: Partial parsing: updated file: corn_market_project://models\mart_corn_model_data.sql
[0m17:18:13.783693 [debug] [MainThread]: Partial parsing: updated file: corn_market_project://models\stg_corn_climate_features.sql
[0m17:18:14.026187 [debug] [MainThread]: Sending event: {'category': 'dbt', 'action': 'load_project', 'label': 'f924c53a-3bb9-424f-b064-b60d48fe5cc7', 'context': [<snowplow_tracker.self_describing_json.SelfDescribingJson object at 0x0000019A75C6D5B0>]}
[0m17:18:14.093931 [debug] [MainThread]: Wrote artifact WritableManifest to C:\Users\takudzwarioga\Documents\Dev\US_Corn_Price_Analysis\data_transformation\target\manifest.json
[0m17:18:14.097284 [debug] [MainThread]: Wrote artifact SemanticManifest to C:\Users\takudzwarioga\Documents\Dev\US_Corn_Price_Analysis\data_transformation\target\semantic_manifest.json
[0m17:18:14.136442 [debug] [MainThread]: Sending event: {'category': 'dbt', 'action': 'resource_counts', 'label': 'f924c53a-3bb9-424f-b064-b60d48fe5cc7', 'context': [<snowplow_tracker.self_describing_json.SelfDescribingJson object at 0x0000019A28424080>]}
[0m17:18:14.137453 [info ] [MainThread]: Found 6 models, 5 sources, 537 macros
[0m17:18:14.137453 [debug] [MainThread]: Sending event: {'category': 'dbt', 'action': 'runnable_timing', 'label': 'f924c53a-3bb9-424f-b064-b60d48fe5cc7', 'context': [<snowplow_tracker.self_describing_json.SelfDescribingJson object at 0x0000019A78F3B9E0>]}
[0m17:18:14.139442 [info ] [MainThread]: 
[0m17:18:14.140438 [info ] [MainThread]: Concurrency: 1 threads (target='dev')
[0m17:18:14.141431 [info ] [MainThread]: 
[0m17:18:14.141431 [debug] [MainThread]: Acquiring new bigquery connection 'master'
[0m17:18:14.146444 [debug] [ThreadPool]: Acquiring new bigquery connection 'list_us-corn-data'
[0m17:18:14.147505 [debug] [ThreadPool]: Opening a new connection, currently in state init
[0m17:18:15.154726 [debug] [ThreadPool]: Acquiring new bigquery connection 'list_us-corn-data_us_corn_data_transformed'
[0m17:18:15.154726 [debug] [ThreadPool]: Opening a new connection, currently in state init
[0m17:18:16.188622 [debug] [MainThread]: Sending event: {'category': 'dbt', 'action': 'runnable_timing', 'label': 'f924c53a-3bb9-424f-b064-b60d48fe5cc7', 'context': [<snowplow_tracker.self_describing_json.SelfDescribingJson object at 0x0000019A285A9490>]}
[0m17:18:16.188622 [debug] [MainThread]: Opening a new connection, currently in state init
[0m17:18:16.192634 [debug] [Thread-1 (]: Began running node model.corn_market_project.stg_corn_conditions
[0m17:18:16.192634 [info ] [Thread-1 (]: 1 of 6 START sql table model us_corn_data_transformed.stg_corn_conditions ...... [RUN]
[0m17:18:16.192634 [debug] [Thread-1 (]: Acquiring new bigquery connection 'model.corn_market_project.stg_corn_conditions'
[0m17:18:16.192634 [debug] [Thread-1 (]: Began compiling node model.corn_market_project.stg_corn_conditions
[0m17:18:16.210389 [debug] [Thread-1 (]: Writing injected SQL for node "model.corn_market_project.stg_corn_conditions"
[0m17:18:16.210389 [debug] [Thread-1 (]: Began executing node model.corn_market_project.stg_corn_conditions
[0m17:18:16.220457 [debug] [Thread-1 (]: Opening a new connection, currently in state init
[0m17:18:17.187856 [debug] [Thread-1 (]: Writing runtime sql for node "model.corn_market_project.stg_corn_conditions"
[0m17:18:17.203874 [debug] [Thread-1 (]: On model.corn_market_project.stg_corn_conditions: /* {"app": "dbt", "dbt_version": "1.11.2", "profile_name": "corn_market_project", "target_name": "dev", "node_id": "model.corn_market_project.stg_corn_conditions"} */

  
    

    create or replace table `us-corn-data`.`us_corn_data_transformed`.`stg_corn_conditions`
      
    
    

    
    OPTIONS()
    as (
      with source as (
    select * from `us-corn-data`.`us_corn_data`.`us_corn_conditions`
),

base_data as (
    select
        CAST(Year as INT64) as year,
        -- Extract Week Number (1-52) from the date
        EXTRACT(ISOWEEK FROM PARSE_DATE('%Y-%m-%d', Week_Ending)) as week_num,
        Data_Item,
        CAST(Value as INT64) as pct_value
    from source
),

pivoted as (
    select
        year,
        week_num,
        -- Pivot: Create a column for each category
        -- We use MAX() here to grab the value for that specific category in that specific week
        MAX(CASE WHEN Data_Item LIKE '%VERY POOR%' THEN pct_value ELSE 0 END) as vp,
        MAX(CASE WHEN Data_Item LIKE '%PCT POOR%' THEN pct_value ELSE 0 END) as p,
        MAX(CASE WHEN Data_Item LIKE '%FAIR%' THEN pct_value ELSE 0 END) as f,
        MAX(CASE WHEN Data_Item LIKE '%PCT GOOD%' THEN pct_value ELSE 0 END) as g,
        MAX(CASE WHEN Data_Item LIKE '%EXCELLENT%' THEN pct_value ELSE 0 END) as e
    from base_data
    group by year, week_num
),

calculated_index as (
    select
        year,
        week_num,
        vp, p, f, g, e,
        
        -- Calculate Total (Should be ~100, but we calculate to be safe)
        (vp + p + f + g + e) as total_pct,

        -- THE FORMULA: Weighted Average
        -- Scale: 100 (All Very Poor) to 500 (All Excellent)
        SAFE_DIVIDE(
            (vp * 1) + (p * 2) + (f * 3) + (g * 4) + (e * 5),
            (vp + p + f + g + e)
        ) as condition_index

    from pivoted
    -- Filter: Only keep the critical Pollination Window (Weeks 28-32)
    where week_num BETWEEN 28 AND 32
)

select
    year,
    -- Aggregate to one single number per year (The Average during Pollination)
    ROUND(AVG(condition_index), 2) as avg_condition_pollination_index
from calculated_index
group by year
order by year desc
    );
  
[0m17:18:17.687643 [debug] [Thread-1 (]: BigQuery adapter: https://console.cloud.google.com/bigquery?project=us-corn-data&j=bq:US:577d3168-87c0-4da7-bbb3-31cd9562ff25&page=queryresults
[0m17:18:19.519239 [debug] [Thread-1 (]: SQL status: OK in 1.824 seconds
[0m17:18:19.852787 [debug] [Thread-1 (]: Sending event: {'category': 'dbt', 'action': 'run_model', 'label': 'f924c53a-3bb9-424f-b064-b60d48fe5cc7', 'context': [<snowplow_tracker.self_describing_json.SelfDescribingJson object at 0x0000019A22236510>]}
[0m17:18:19.853827 [info ] [Thread-1 (]: 1 of 6 OK created sql table model us_corn_data_transformed.stg_corn_conditions . [[32mCREATE TABLE (39.0 rows, 548.6 KiB processed)[0m in 3.66s]
[0m17:18:19.854929 [debug] [Thread-1 (]: Finished running node model.corn_market_project.stg_corn_conditions
[0m17:18:19.855814 [debug] [Thread-1 (]: Began running node model.corn_market_project.stg_corn_plantings
[0m17:18:19.855814 [info ] [Thread-1 (]: 2 of 6 START sql table model us_corn_data_transformed.stg_corn_plantings ....... [RUN]
[0m17:18:19.857825 [debug] [Thread-1 (]: Re-using an available connection from the pool (formerly model.corn_market_project.stg_corn_conditions, now model.corn_market_project.stg_corn_plantings)
[0m17:18:19.857825 [debug] [Thread-1 (]: Began compiling node model.corn_market_project.stg_corn_plantings
[0m17:18:19.861045 [debug] [Thread-1 (]: Writing injected SQL for node "model.corn_market_project.stg_corn_plantings"
[0m17:18:19.862045 [debug] [Thread-1 (]: Began executing node model.corn_market_project.stg_corn_plantings
[0m17:18:19.865045 [debug] [Thread-1 (]: Opening a new connection, currently in state closed
[0m17:18:20.756687 [debug] [Thread-1 (]: Writing runtime sql for node "model.corn_market_project.stg_corn_plantings"
[0m17:18:20.772641 [debug] [Thread-1 (]: On model.corn_market_project.stg_corn_plantings: /* {"app": "dbt", "dbt_version": "1.11.2", "profile_name": "corn_market_project", "target_name": "dev", "node_id": "model.corn_market_project.stg_corn_plantings"} */

  
    

    create or replace table `us-corn-data`.`us_corn_data_transformed`.`stg_corn_plantings`
      
    
    

    
    OPTIONS()
    as (
      with source as (
    select * from `us-corn-data`.`us_corn_data`.`us_corn_plantings`
),

cleaned as (
    select
        -- 1. Standardize Year
        CAST(Year as INT64) as year,
        
        -- 2. Parse the Date (Column 'Week Ending' became 'Week_Ending')
        PARSE_DATE('%Y-%m-%d', Week_Ending) as measurement_date,
        
        -- 3. Value is the Percentage (0-100)
        CAST(Value as INT64) as progress_pct,
        
        -- 4. Keep Data_Item just for the safety check below
        Data_Item as data_item

    from source
    -- Safety Check: Even though the scraper filters this, we double-check here.
    where Data_Item LIKE '%PCT PLANTED%'
),

calc_threshold as (
    select
        year,
        -- Find the EARLIEST date where progress was >= 50%
        MIN(measurement_date) as date_reached_50_pct
    from cleaned
    where progress_pct >= 50
    group by year
)

select
    year,
    -- Convert that date into a simple integer (Day of Year 1-365)
    -- Example: May 20th becomes ~140
    EXTRACT(DAYOFYEAR FROM date_reached_50_pct) as planting_50_pct_doy
from calc_threshold
order by year desc
    );
  
[0m17:18:21.273093 [debug] [Thread-1 (]: BigQuery adapter: https://console.cloud.google.com/bigquery?project=us-corn-data&j=bq:US:24785cb0-fe8d-4986-bcec-5eaf62656fdf&page=queryresults
[0m17:18:22.955882 [debug] [Thread-1 (]: SQL status: OK in 1.673 seconds
[0m17:18:23.203459 [debug] [Thread-1 (]: Sending event: {'category': 'dbt', 'action': 'run_model', 'label': 'f924c53a-3bb9-424f-b064-b60d48fe5cc7', 'context': [<snowplow_tracker.self_describing_json.SelfDescribingJson object at 0x0000019A28566750>]}
[0m17:18:23.208552 [info ] [Thread-1 (]: 2 of 6 OK created sql table model us_corn_data_transformed.stg_corn_plantings .. [[32mCREATE TABLE (39.0 rows, 23.8 KiB processed)[0m in 3.35s]
[0m17:18:23.208552 [debug] [Thread-1 (]: Finished running node model.corn_market_project.stg_corn_plantings
[0m17:18:23.208552 [debug] [Thread-1 (]: Began running node model.corn_market_project.stg_corn_prices
[0m17:18:23.208552 [info ] [Thread-1 (]: 3 of 6 START sql table model us_corn_data_transformed.stg_corn_prices .......... [RUN]
[0m17:18:23.208552 [debug] [Thread-1 (]: Re-using an available connection from the pool (formerly model.corn_market_project.stg_corn_plantings, now model.corn_market_project.stg_corn_prices)
[0m17:18:23.208552 [debug] [Thread-1 (]: Began compiling node model.corn_market_project.stg_corn_prices
[0m17:18:23.213467 [debug] [Thread-1 (]: Writing injected SQL for node "model.corn_market_project.stg_corn_prices"
[0m17:18:23.216001 [debug] [Thread-1 (]: Began executing node model.corn_market_project.stg_corn_prices
[0m17:18:23.219028 [debug] [Thread-1 (]: Opening a new connection, currently in state closed
[0m17:18:24.158542 [debug] [Thread-1 (]: Writing runtime sql for node "model.corn_market_project.stg_corn_prices"
[0m17:18:24.158542 [debug] [Thread-1 (]: On model.corn_market_project.stg_corn_prices: /* {"app": "dbt", "dbt_version": "1.11.2", "profile_name": "corn_market_project", "target_name": "dev", "node_id": "model.corn_market_project.stg_corn_prices"} */

  
    

    create or replace table `us-corn-data`.`us_corn_data_transformed`.`stg_corn_prices`
      
    
    

    
    OPTIONS()
    as (
      with source as (
    select * from `us-corn-data`.`us_corn_data`.`us_corn_prices`
),

cleaned as (
    select
        CAST(Year as INT64) as year,
        Period as period,
        Data_Item as data_item,
        CAST(Value as FLOAT64) as price_value
    from source
),

filtered_prices as (
    select
        year,
        price_value
    from cleaned
    where 
        -- 1. Filter for Harvest Month
        period = 'NOV'
        
        -- 2. Filter for the correct UNIT (exclude 'PCT OF PARITY')
        -- We use LIKE to be safe, but specific enough to catch '$ / BU'
        AND data_item LIKE '%$ / BU'
),

final_unique as (
    select
        year,
        -- If duplicate rows still exist for the SAME metric (rare but possible),
        -- averaging them now is safe because they are the same unit.
        AVG(price_value) as price_per_bushel
    from filtered_prices
    group by year
)

select * from final_unique
order by year desc
    );
  
[0m17:18:24.607268 [debug] [Thread-1 (]: BigQuery adapter: https://console.cloud.google.com/bigquery?project=us-corn-data&j=bq:US:7795c1d5-2664-4304-843f-2ac5a7d8c8c0&page=queryresults
[0m17:18:26.325108 [debug] [Thread-1 (]: SQL status: OK in 1.706 seconds
[0m17:18:26.819501 [debug] [Thread-1 (]: Sending event: {'category': 'dbt', 'action': 'run_model', 'label': 'f924c53a-3bb9-424f-b064-b60d48fe5cc7', 'context': [<snowplow_tracker.self_describing_json.SelfDescribingJson object at 0x0000019A2883E090>]}
[0m17:18:26.820815 [info ] [Thread-1 (]: 3 of 6 OK created sql table model us_corn_data_transformed.stg_corn_prices ..... [[32mCREATE TABLE (52.0 rows, 86.5 KiB processed)[0m in 3.61s]
[0m17:18:26.820815 [debug] [Thread-1 (]: Finished running node model.corn_market_project.stg_corn_prices
[0m17:18:26.820815 [debug] [Thread-1 (]: Began running node model.corn_market_project.stg_corn_supply_demand
[0m17:18:26.820815 [info ] [Thread-1 (]: 4 of 6 START sql table model us_corn_data_transformed.stg_corn_supply_demand ... [RUN]
[0m17:18:26.820815 [debug] [Thread-1 (]: Re-using an available connection from the pool (formerly model.corn_market_project.stg_corn_prices, now model.corn_market_project.stg_corn_supply_demand)
[0m17:18:26.820815 [debug] [Thread-1 (]: Began compiling node model.corn_market_project.stg_corn_supply_demand
[0m17:18:26.828368 [debug] [Thread-1 (]: Writing injected SQL for node "model.corn_market_project.stg_corn_supply_demand"
[0m17:18:26.828368 [debug] [Thread-1 (]: Began executing node model.corn_market_project.stg_corn_supply_demand
[0m17:18:26.828368 [debug] [Thread-1 (]: Opening a new connection, currently in state closed
[0m17:18:27.767045 [debug] [Thread-1 (]: Writing runtime sql for node "model.corn_market_project.stg_corn_supply_demand"
[0m17:18:27.767045 [debug] [Thread-1 (]: On model.corn_market_project.stg_corn_supply_demand: /* {"app": "dbt", "dbt_version": "1.11.2", "profile_name": "corn_market_project", "target_name": "dev", "node_id": "model.corn_market_project.stg_corn_supply_demand"} */

  
    

    create or replace table `us-corn-data`.`us_corn_data_transformed`.`stg_corn_supply_demand`
      
    
    

    
    OPTIONS()
    as (
      with source as (
    select * from `us-corn-data`.`us_corn_data`.`us_corn_supply_demand`
),

cleaned as (
    select
        -- 1. Fix the Year (Float -> Integer)
        CAST(Year as INT64) as year,

        Planted_Acres as planted_acres,
        Harvested_Acres as harvested_acres,
        Actual_Yield as actual_yield,
        Production as production,
        Exports as exports,
        Imports as imports,
        Total_Supply as total_supply,
        All_Dom_Use as all_dom_use,
        Total_Usage as total_usage,
        Ending_Stocks as ending_stocks,

    from source
),

calculated as (
    select
        *,
        -- 3. Calculate Stock-to-Use Ratio
        -- Formula: (Ending Stocks / Total Usage)
        -- Use SAFE_DIVIDE to prevent errors if Usage is ever 0
        SAFE_DIVIDE(ending_stocks, total_usage) as stock_to_use_ratio

    from cleaned
)

select * from calculated
order by year desc
    );
  
[0m17:18:28.346687 [debug] [Thread-1 (]: BigQuery adapter: https://console.cloud.google.com/bigquery?project=us-corn-data&j=bq:US:0866b47e-a498-42c7-8723-80c346fd08a6&page=queryresults
[0m17:18:29.776685 [debug] [Thread-1 (]: SQL status: OK in 1.423 seconds
[0m17:18:30.006145 [debug] [Thread-1 (]: Sending event: {'category': 'dbt', 'action': 'run_model', 'label': 'f924c53a-3bb9-424f-b064-b60d48fe5cc7', 'context': [<snowplow_tracker.self_describing_json.SelfDescribingJson object at 0x0000019A22236510>]}
[0m17:18:30.006652 [info ] [Thread-1 (]: 4 of 6 OK created sql table model us_corn_data_transformed.stg_corn_supply_demand  [[32mCREATE TABLE (52.0 rows, 4.5 KiB processed)[0m in 3.18s]
[0m17:18:30.007778 [debug] [Thread-1 (]: Finished running node model.corn_market_project.stg_corn_supply_demand
[0m17:18:30.008769 [debug] [Thread-1 (]: Began running node model.corn_market_project.stg_corn_climate_features
[0m17:18:30.008769 [info ] [Thread-1 (]: 5 of 6 START sql table model us_corn_data_transformed.stg_corn_climate_features  [RUN]
[0m17:18:30.009766 [debug] [Thread-1 (]: Re-using an available connection from the pool (formerly model.corn_market_project.stg_corn_supply_demand, now model.corn_market_project.stg_corn_climate_features)
[0m17:18:30.010765 [debug] [Thread-1 (]: Began compiling node model.corn_market_project.stg_corn_climate_features
[0m17:18:30.015768 [debug] [Thread-1 (]: Writing injected SQL for node "model.corn_market_project.stg_corn_climate_features"
[0m17:18:30.016767 [debug] [Thread-1 (]: Began executing node model.corn_market_project.stg_corn_climate_features
[0m17:18:30.019763 [debug] [Thread-1 (]: Opening a new connection, currently in state closed
[0m17:18:31.003387 [debug] [Thread-1 (]: Writing runtime sql for node "model.corn_market_project.stg_corn_climate_features"
[0m17:18:31.003387 [debug] [Thread-1 (]: On model.corn_market_project.stg_corn_climate_features: /* {"app": "dbt", "dbt_version": "1.11.2", "profile_name": "corn_market_project", "target_name": "dev", "node_id": "model.corn_market_project.stg_corn_climate_features"} */

  
    

    create or replace table `us-corn-data`.`us_corn_data_transformed`.`stg_corn_climate_features`
      
    
    

    
    OPTIONS()
    as (
      with climate_source as (
    select * from `us-corn-data`.`us_corn_data`.`us_climate_data`
),

planting_source as (
    select * from `us-corn-data`.`us_corn_data_transformed`.`stg_corn_plantings`
),

daily_metrics as (
    select
        EXTRACT(YEAR FROM c.date) as year,
        c.date as weather_date,
        EXTRACT(DAYOFYEAR FROM c.date) as weather_doy,
        CAST(c.Precipitation as FLOAT64) as prcp,
        CAST(c.Max_Temp as FLOAT64) as tmax,
        p.planting_50_pct_doy
    from climate_source c
    inner join planting_source p on EXTRACT(YEAR FROM c.date) = p.year
),

aggregated_features as (
    select
        year,
        planting_50_pct_doy,

        -- 1. Rain Effectiveness (Unchanged)
        SUM(CASE 
            WHEN weather_doy BETWEEN 60 AND 181 THEN prcp 
            ELSE 0 
        END) as soil_prep_rain_cumulative,

        -- 2. NEW: Stress Degree Days (SDD)
        -- Baseline: 30°C (86°F). 
        -- If Avg Temp is 32°C, we add 2.0 to the score.
        SUM(CASE 
            WHEN weather_doy BETWEEN (planting_50_pct_doy + 60) AND (planting_50_pct_doy + 90)
            AND tmax > 30 
            THEN (tmax - 30) 
            ELSE 0 
        END) as heat_stress_index,

        -- 3. Post-Pollination Rain
        SUM(CASE 
            WHEN weather_doy BETWEEN (planting_50_pct_doy + 60) AND (planting_50_pct_doy + 90)
            THEN prcp 
            ELSE 0 
        END) as post_pollination_rain_cumulative

    from daily_metrics
    group by year, planting_50_pct_doy
)

select
    year,
    planting_50_pct_doy,
    
    SAFE_DIVIDE(soil_prep_rain_cumulative, planting_50_pct_doy) as rainfall_effectiveness_index,
    
    heat_stress_index as temp_stress_july_count,
    
    post_pollination_rain_cumulative as post_pollination_rain

from aggregated_features
order by year desc
    );
  
[0m17:18:31.416497 [debug] [Thread-1 (]: BigQuery adapter: https://console.cloud.google.com/bigquery?project=us-corn-data&j=bq:US:662fefec-da2b-4961-a8e4-47ce9a5f3541&page=queryresults
[0m17:18:34.231948 [debug] [Thread-1 (]: SQL status: OK in 2.813 seconds
[0m17:18:34.458073 [debug] [Thread-1 (]: Sending event: {'category': 'dbt', 'action': 'run_model', 'label': 'f924c53a-3bb9-424f-b064-b60d48fe5cc7', 'context': [<snowplow_tracker.self_describing_json.SelfDescribingJson object at 0x0000019A28F7A120>]}
[0m17:18:34.462675 [info ] [Thread-1 (]: 5 of 6 OK created sql table model us_corn_data_transformed.stg_corn_climate_features  [[32mCREATE TABLE (39.0 rows, 445.8 KiB processed)[0m in 4.45s]
[0m17:18:34.462675 [debug] [Thread-1 (]: Finished running node model.corn_market_project.stg_corn_climate_features
[0m17:18:34.462675 [debug] [Thread-1 (]: Began running node model.corn_market_project.mart_corn_model_data
[0m17:18:34.462675 [info ] [Thread-1 (]: 6 of 6 START sql table model us_corn_data_transformed.mart_corn_model_data ..... [RUN]
[0m17:18:34.467492 [debug] [Thread-1 (]: Re-using an available connection from the pool (formerly model.corn_market_project.stg_corn_climate_features, now model.corn_market_project.mart_corn_model_data)
[0m17:18:34.467492 [debug] [Thread-1 (]: Began compiling node model.corn_market_project.mart_corn_model_data
[0m17:18:34.467492 [debug] [Thread-1 (]: Writing injected SQL for node "model.corn_market_project.mart_corn_model_data"
[0m17:18:34.467492 [debug] [Thread-1 (]: Began executing node model.corn_market_project.mart_corn_model_data
[0m17:18:34.467492 [debug] [Thread-1 (]: Opening a new connection, currently in state closed
[0m17:18:35.494445 [debug] [Thread-1 (]: Writing runtime sql for node "model.corn_market_project.mart_corn_model_data"
[0m17:18:35.494445 [debug] [Thread-1 (]: On model.corn_market_project.mart_corn_model_data: /* {"app": "dbt", "dbt_version": "1.11.2", "profile_name": "corn_market_project", "target_name": "dev", "node_id": "model.corn_market_project.mart_corn_model_data"} */

  
    

    create or replace table `us-corn-data`.`us_corn_data_transformed`.`mart_corn_model_data`
      
    
    

    
    OPTIONS()
    as (
      with supply as (
    select * from `us-corn-data`.`us_corn_data_transformed`.`stg_corn_supply_demand`
),

prices as (
    select * from `us-corn-data`.`us_corn_data_transformed`.`stg_corn_prices`
),

conditions as (
    select * from `us-corn-data`.`us_corn_data_transformed`.`stg_corn_conditions`
),

climate as (
    select * from `us-corn-data`.`us_corn_data_transformed`.`stg_corn_climate_features`
),

final_join as (
    select
        -- 1. Everything from Supply & Demand
        s.*,
        
        -- 2. Target Variable
        p.price_per_bushel,
        
        -- 3. Crop Condition
        c.avg_condition_pollination_index,
        
        -- 4. Bio-Climate Features (Now including the raw planting date)
        cl.planting_50_pct_doy,        
        cl.rainfall_effectiveness_index,
        cl.temp_stress_july_count,
        cl.post_pollination_rain

    from supply s
    
    left join prices p on s.year = p.year
    left join conditions c on s.year = c.year
    left join climate cl on s.year = cl.year
)

select * from final_join
where price_per_bushel IS NOT NULL
order by year desc
    );
  
[0m17:18:35.916738 [debug] [Thread-1 (]: BigQuery adapter: https://console.cloud.google.com/bigquery?project=us-corn-data&j=bq:US:384a4819-600d-44d7-ae37-20e6cd14388f&page=queryresults
[0m17:18:37.869653 [debug] [Thread-1 (]: SQL status: OK in 1.940 seconds
[0m17:18:38.102696 [debug] [Thread-1 (]: Sending event: {'category': 'dbt', 'action': 'run_model', 'label': 'f924c53a-3bb9-424f-b064-b60d48fe5cc7', 'context': [<snowplow_tracker.self_describing_json.SelfDescribingJson object at 0x0000019A28F93EC0>]}
[0m17:18:38.103699 [info ] [Thread-1 (]: 6 of 6 OK created sql table model us_corn_data_transformed.mart_corn_model_data  [[32mCREATE TABLE (52.0 rows, 7.8 KiB processed)[0m in 3.64s]
[0m17:18:38.105174 [debug] [Thread-1 (]: Finished running node model.corn_market_project.mart_corn_model_data
[0m17:18:38.107430 [debug] [MainThread]: Opening a new connection, currently in state closed
[0m17:18:38.109432 [debug] [MainThread]: Connection 'master' was properly closed.
[0m17:18:38.109432 [debug] [MainThread]: Connection 'list_us-corn-data' was properly closed.
[0m17:18:38.110431 [debug] [MainThread]: Connection 'list_us-corn-data_us_corn_data_transformed' was properly closed.
[0m17:18:38.110431 [debug] [MainThread]: Connection 'model.corn_market_project.mart_corn_model_data' was properly closed.
[0m17:18:38.110431 [info ] [MainThread]: 
[0m17:18:38.110431 [info ] [MainThread]: Finished running 6 table models in 0 hours 0 minutes and 23.97 seconds (23.97s).
[0m17:18:38.112912 [debug] [MainThread]: Command end result
[0m17:18:38.141189 [debug] [MainThread]: Wrote artifact WritableManifest to C:\Users\takudzwarioga\Documents\Dev\US_Corn_Price_Analysis\data_transformation\target\manifest.json
[0m17:18:38.144068 [debug] [MainThread]: Wrote artifact SemanticManifest to C:\Users\takudzwarioga\Documents\Dev\US_Corn_Price_Analysis\data_transformation\target\semantic_manifest.json
[0m17:18:38.151325 [debug] [MainThread]: Wrote artifact RunExecutionResult to C:\Users\takudzwarioga\Documents\Dev\US_Corn_Price_Analysis\data_transformation\target\run_results.json
[0m17:18:38.152334 [info ] [MainThread]: 
[0m17:18:38.153327 [info ] [MainThread]: [32mCompleted successfully[0m
[0m17:18:38.153327 [info ] [MainThread]: 
[0m17:18:38.154449 [info ] [MainThread]: Done. PASS=6 WARN=0 ERROR=0 SKIP=0 NO-OP=0 TOTAL=6
[0m17:18:38.154449 [debug] [MainThread]: Command `dbt run` succeeded at 17:18:38.154449 after 35.64 seconds
[0m17:18:38.155954 [debug] [MainThread]: Sending event: {'category': 'dbt', 'action': 'invocation', 'label': 'end', 'context': [<snowplow_tracker.self_describing_json.SelfDescribingJson object at 0x0000019A787A0E00>, <snowplow_tracker.self_describing_json.SelfDescribingJson object at 0x0000019A284A6BD0>, <snowplow_tracker.self_describing_json.SelfDescribingJson object at 0x0000019A284A5160>]}
[0m17:18:38.155954 [debug] [MainThread]: Flushing usage events
[0m17:18:39.000169 [debug] [MainThread]: An error was encountered while trying to flush usage events
[0m18:01:37.980633 [debug] [MainThread]: Sending event: {'category': 'dbt', 'action': 'invocation', 'label': 'start', 'context': [<snowplow_tracker.self_describing_json.SelfDescribingJson object at 0x00000210E018B9E0>, <snowplow_tracker.self_describing_json.SelfDescribingJson object at 0x00000210E06FF620>, <snowplow_tracker.self_describing_json.SelfDescribingJson object at 0x00000210E06FE300>]}


============================== 18:01:37.989278 | e8aebc26-20b1-460b-a881-3bded200d4ee ==============================
[0m18:01:37.989278 [info ] [MainThread]: Running with dbt=1.11.2
[0m18:01:37.990881 [debug] [MainThread]: running dbt with arguments {'static_parser': 'True', 'no_print': 'None', 'version_check': 'True', 'warn_error_options': 'WarnErrorOptionsV2(error=[], warn=[], silence=[])', 'target_path': 'None', 'printer_width': '80', 'write_json': 'True', 'empty': 'None', 'log_cache_events': 'False', 'introspect': 'True', 'cache_selected_only': 'False', 'log_format': 'default', 'debug': 'False', 'fail_fast': 'False', 'partial_parse': 'True', 'send_anonymous_usage_stats': 'True', 'quiet': 'False', 'warn_error': 'None', 'profiles_dir': '.', 'invocation_command': 'dbt deps --profiles-dir .', 'indirect_selection': 'eager', 'use_colors': 'True', 'use_experimental_parser': 'False', 'log_path': 'C:\\Users\\takudzwarioga\\Documents\\Dev\\US_Corn_Price_Analysis\\data_transformation\\logs'}
[0m18:01:38.196589 [debug] [MainThread]: Sending event: {'category': 'dbt', 'action': 'project_id', 'label': 'e8aebc26-20b1-460b-a881-3bded200d4ee', 'context': [<snowplow_tracker.self_describing_json.SelfDescribingJson object at 0x00000210E10EB4D0>]}
[0m18:01:38.255608 [info ] [MainThread]: Warning: No packages were found in packages.yml
[0m18:01:38.257733 [info ] [MainThread]: Warning: No packages were found in packages.yml
[0m18:01:38.258759 [debug] [MainThread]: Command `dbt deps` succeeded at 18:01:38.258759 after 0.55 seconds
[0m18:01:38.258759 [debug] [MainThread]: Sending event: {'category': 'dbt', 'action': 'invocation', 'label': 'end', 'context': [<snowplow_tracker.self_describing_json.SelfDescribingJson object at 0x00000210E0408B30>, <snowplow_tracker.self_describing_json.SelfDescribingJson object at 0x00000210E0097350>, <snowplow_tracker.self_describing_json.SelfDescribingJson object at 0x00000210E10EB4D0>]}
[0m18:01:38.259778 [debug] [MainThread]: Flushing usage events
[0m18:01:39.073165 [debug] [MainThread]: An error was encountered while trying to flush usage events
[0m18:01:42.108294 [debug] [MainThread]: Sending event: {'category': 'dbt', 'action': 'invocation', 'label': 'start', 'context': [<snowplow_tracker.self_describing_json.SelfDescribingJson object at 0x000001E2A06B3D40>, <snowplow_tracker.self_describing_json.SelfDescribingJson object at 0x000001E2A0A53770>, <snowplow_tracker.self_describing_json.SelfDescribingJson object at 0x000001E2A0A51700>]}


============================== 18:01:42.114600 | 3f2fe149-aa7d-4b81-bf0c-24a8e9033759 ==============================
[0m18:01:42.114600 [info ] [MainThread]: Running with dbt=1.11.2
[0m18:01:42.114600 [debug] [MainThread]: running dbt with arguments {'static_parser': 'True', 'no_print': 'None', 'version_check': 'True', 'warn_error_options': 'WarnErrorOptionsV2(error=[], warn=[], silence=[])', 'target_path': 'None', 'printer_width': '80', 'write_json': 'True', 'empty': 'False', 'log_cache_events': 'False', 'introspect': 'True', 'cache_selected_only': 'False', 'log_format': 'default', 'debug': 'False', 'fail_fast': 'False', 'profiles_dir': '.', 'send_anonymous_usage_stats': 'True', 'quiet': 'False', 'warn_error': 'None', 'partial_parse': 'True', 'use_colors': 'True', 'invocation_command': 'dbt run --profiles-dir .', 'indirect_selection': 'eager', 'use_experimental_parser': 'False', 'log_path': 'C:\\Users\\takudzwarioga\\Documents\\Dev\\US_Corn_Price_Analysis\\data_transformation\\logs'}
[0m18:01:54.692267 [debug] [MainThread]: Sending event: {'category': 'dbt', 'action': 'project_id', 'label': '3f2fe149-aa7d-4b81-bf0c-24a8e9033759', 'context': [<snowplow_tracker.self_describing_json.SelfDescribingJson object at 0x000001E2D054A540>]}
[0m18:01:54.766887 [debug] [MainThread]: Sending event: {'category': 'dbt', 'action': 'adapter_info', 'label': '3f2fe149-aa7d-4b81-bf0c-24a8e9033759', 'context': [<snowplow_tracker.self_describing_json.SelfDescribingJson object at 0x000001E2CFFDBFB0>]}
[0m18:01:54.767899 [info ] [MainThread]: Registered adapter: bigquery=1.11.0
[0m18:01:55.907873 [debug] [MainThread]: checksum: 3d40d8bbe1bef07db1c24822f2dbfff8bc07f2a48ed4fe2658a40653aec0b54b, vars: {}, profile: , target: , version: 1.11.2
[0m18:01:58.132415 [debug] [MainThread]: Partial parsing enabled: 0 files deleted, 0 files added, 0 files changed.
[0m18:01:58.133407 [debug] [MainThread]: Nothing changed, skipping partial parsing.
[0m18:01:58.133407 [debug] [MainThread]: Partial parsing enabled, no changes found, skipping parsing
[0m18:01:58.165668 [debug] [MainThread]: Sending event: {'category': 'dbt', 'action': 'load_project', 'label': '3f2fe149-aa7d-4b81-bf0c-24a8e9033759', 'context': [<snowplow_tracker.self_describing_json.SelfDescribingJson object at 0x000001E2D070DD00>]}
[0m18:01:58.237666 [debug] [MainThread]: Wrote artifact WritableManifest to C:\Users\takudzwarioga\Documents\Dev\US_Corn_Price_Analysis\data_transformation\target\manifest.json
[0m18:01:58.241545 [debug] [MainThread]: Wrote artifact SemanticManifest to C:\Users\takudzwarioga\Documents\Dev\US_Corn_Price_Analysis\data_transformation\target\semantic_manifest.json
[0m18:01:58.277904 [debug] [MainThread]: Sending event: {'category': 'dbt', 'action': 'resource_counts', 'label': '3f2fe149-aa7d-4b81-bf0c-24a8e9033759', 'context': [<snowplow_tracker.self_describing_json.SelfDescribingJson object at 0x000001E2D099D6A0>]}
[0m18:01:58.277904 [info ] [MainThread]: Found 6 models, 5 sources, 537 macros
[0m18:01:58.278931 [debug] [MainThread]: Sending event: {'category': 'dbt', 'action': 'runnable_timing', 'label': '3f2fe149-aa7d-4b81-bf0c-24a8e9033759', 'context': [<snowplow_tracker.self_describing_json.SelfDescribingJson object at 0x000001E2D0348B60>]}
[0m18:01:58.280956 [info ] [MainThread]: 
[0m18:01:58.280956 [info ] [MainThread]: Concurrency: 1 threads (target='dev')
[0m18:01:58.280956 [info ] [MainThread]: 
[0m18:01:58.282426 [debug] [MainThread]: Acquiring new bigquery connection 'master'
[0m18:01:58.287616 [debug] [ThreadPool]: Acquiring new bigquery connection 'list_us-corn-data'
[0m18:01:58.288658 [debug] [ThreadPool]: Opening a new connection, currently in state init
[0m18:01:59.299295 [debug] [ThreadPool]: Acquiring new bigquery connection 'list_us-corn-data_us_corn_data_transformed'
[0m18:01:59.300325 [debug] [ThreadPool]: Opening a new connection, currently in state init
[0m18:02:00.284640 [debug] [MainThread]: Sending event: {'category': 'dbt', 'action': 'runnable_timing', 'label': '3f2fe149-aa7d-4b81-bf0c-24a8e9033759', 'context': [<snowplow_tracker.self_describing_json.SelfDescribingJson object at 0x000001E2D05B4C20>]}
[0m18:02:00.284640 [debug] [MainThread]: Opening a new connection, currently in state init
[0m18:02:00.301750 [debug] [Thread-1 (]: Began running node model.corn_market_project.stg_corn_conditions
[0m18:02:00.302762 [info ] [Thread-1 (]: 1 of 6 START sql table model us_corn_data_transformed.stg_corn_conditions ...... [RUN]
[0m18:02:00.303789 [debug] [Thread-1 (]: Acquiring new bigquery connection 'model.corn_market_project.stg_corn_conditions'
[0m18:02:00.304782 [debug] [Thread-1 (]: Began compiling node model.corn_market_project.stg_corn_conditions
[0m18:02:00.312883 [debug] [Thread-1 (]: Writing injected SQL for node "model.corn_market_project.stg_corn_conditions"
[0m18:02:00.314866 [debug] [Thread-1 (]: Began executing node model.corn_market_project.stg_corn_conditions
[0m18:02:00.330466 [debug] [Thread-1 (]: Opening a new connection, currently in state init
[0m18:02:01.327464 [debug] [Thread-1 (]: Writing runtime sql for node "model.corn_market_project.stg_corn_conditions"
[0m18:02:01.334010 [debug] [Thread-1 (]: On model.corn_market_project.stg_corn_conditions: /* {"app": "dbt", "dbt_version": "1.11.2", "profile_name": "corn_market_project", "target_name": "dev", "node_id": "model.corn_market_project.stg_corn_conditions"} */

  
    

    create or replace table `us-corn-data`.`us_corn_data_transformed`.`stg_corn_conditions`
      
    
    

    
    OPTIONS()
    as (
      with source as (
    select * from `us-corn-data`.`us_corn_data`.`us_corn_conditions`
),

base_data as (
    select
        CAST(Year as INT64) as year,
        -- Extract Week Number (1-52) from the date
        EXTRACT(ISOWEEK FROM PARSE_DATE('%Y-%m-%d', Week_Ending)) as week_num,
        Data_Item,
        CAST(Value as INT64) as pct_value
    from source
),

pivoted as (
    select
        year,
        week_num,
        -- Pivot: Create a column for each category
        -- We use MAX() here to grab the value for that specific category in that specific week
        MAX(CASE WHEN Data_Item LIKE '%VERY POOR%' THEN pct_value ELSE 0 END) as vp,
        MAX(CASE WHEN Data_Item LIKE '%PCT POOR%' THEN pct_value ELSE 0 END) as p,
        MAX(CASE WHEN Data_Item LIKE '%FAIR%' THEN pct_value ELSE 0 END) as f,
        MAX(CASE WHEN Data_Item LIKE '%PCT GOOD%' THEN pct_value ELSE 0 END) as g,
        MAX(CASE WHEN Data_Item LIKE '%EXCELLENT%' THEN pct_value ELSE 0 END) as e
    from base_data
    group by year, week_num
),

calculated_index as (
    select
        year,
        week_num,
        vp, p, f, g, e,
        
        -- Calculate Total (Should be ~100, but we calculate to be safe)
        (vp + p + f + g + e) as total_pct,

        -- THE FORMULA: Weighted Average
        -- Scale: 100 (All Very Poor) to 500 (All Excellent)
        SAFE_DIVIDE(
            (vp * 1) + (p * 2) + (f * 3) + (g * 4) + (e * 5),
            (vp + p + f + g + e)
        ) as condition_index

    from pivoted
    -- Filter: Only keep the critical Pollination Window (Weeks 28-32)
    where week_num BETWEEN 28 AND 32
)

select
    year,
    -- Aggregate to one single number per year (The Average during Pollination)
    ROUND(AVG(condition_index), 2) as avg_condition_pollination_index
from calculated_index
group by year
order by year desc
    );
  
[0m18:02:01.927634 [debug] [Thread-1 (]: BigQuery adapter: https://console.cloud.google.com/bigquery?project=us-corn-data&j=bq:US:81020395-ed63-4589-9e42-73bcdadd10fa&page=queryresults
[0m18:02:04.445522 [debug] [Thread-1 (]: SQL status: OK in 2.518 seconds
[0m18:02:08.712486 [debug] [Thread-1 (]: Sending event: {'category': 'dbt', 'action': 'run_model', 'label': '3f2fe149-aa7d-4b81-bf0c-24a8e9033759', 'context': [<snowplow_tracker.self_describing_json.SelfDescribingJson object at 0x000001E2CA832C90>]}
[0m18:02:08.713486 [info ] [Thread-1 (]: 1 of 6 OK created sql table model us_corn_data_transformed.stg_corn_conditions . [[32mCREATE TABLE (39.0 rows, 548.6 KiB processed)[0m in 8.41s]
[0m18:02:08.714486 [debug] [Thread-1 (]: Finished running node model.corn_market_project.stg_corn_conditions
[0m18:02:08.714486 [debug] [Thread-1 (]: Began running node model.corn_market_project.stg_corn_plantings
[0m18:02:08.715488 [info ] [Thread-1 (]: 2 of 6 START sql table model us_corn_data_transformed.stg_corn_plantings ....... [RUN]
[0m18:02:08.715488 [debug] [Thread-1 (]: Re-using an available connection from the pool (formerly model.corn_market_project.stg_corn_conditions, now model.corn_market_project.stg_corn_plantings)
[0m18:02:08.717023 [debug] [Thread-1 (]: Began compiling node model.corn_market_project.stg_corn_plantings
[0m18:02:08.719020 [debug] [Thread-1 (]: Writing injected SQL for node "model.corn_market_project.stg_corn_plantings"
[0m18:02:08.720563 [debug] [Thread-1 (]: Began executing node model.corn_market_project.stg_corn_plantings
[0m18:02:08.724039 [debug] [Thread-1 (]: Opening a new connection, currently in state closed
[0m18:02:09.725786 [debug] [Thread-1 (]: Writing runtime sql for node "model.corn_market_project.stg_corn_plantings"
[0m18:02:09.732714 [debug] [Thread-1 (]: On model.corn_market_project.stg_corn_plantings: /* {"app": "dbt", "dbt_version": "1.11.2", "profile_name": "corn_market_project", "target_name": "dev", "node_id": "model.corn_market_project.stg_corn_plantings"} */

  
    

    create or replace table `us-corn-data`.`us_corn_data_transformed`.`stg_corn_plantings`
      
    
    

    
    OPTIONS()
    as (
      with source as (
    select * from `us-corn-data`.`us_corn_data`.`us_corn_plantings`
),

cleaned as (
    select
        -- 1. Standardize Year
        CAST(Year as INT64) as year,
        
        -- 2. Parse the Date (Column 'Week Ending' became 'Week_Ending')
        PARSE_DATE('%Y-%m-%d', Week_Ending) as measurement_date,
        
        -- 3. Value is the Percentage (0-100)
        CAST(Value as INT64) as progress_pct,
        
        -- 4. Keep Data_Item just for the safety check below
        Data_Item as data_item

    from source
    -- Safety Check: Even though the scraper filters this, we double-check here.
    where Data_Item LIKE '%PCT PLANTED%'
),

calc_threshold as (
    select
        year,
        -- Find the EARLIEST date where progress was >= 50%
        MIN(measurement_date) as date_reached_50_pct
    from cleaned
    where progress_pct >= 50
    group by year
)

select
    year,
    -- Convert that date into a simple integer (Day of Year 1-365)
    -- Example: May 20th becomes ~140
    EXTRACT(DAYOFYEAR FROM date_reached_50_pct) as planting_50_pct_doy
from calc_threshold
order by year desc
    );
  
[0m18:02:10.667146 [debug] [Thread-1 (]: BigQuery adapter: https://console.cloud.google.com/bigquery?project=us-corn-data&j=bq:US:2fb884a8-b685-4ad6-9286-27a14e332946&page=queryresults
[0m18:02:12.504124 [debug] [Thread-1 (]: SQL status: OK in 1.836 seconds
[0m18:02:12.895545 [debug] [Thread-1 (]: Sending event: {'category': 'dbt', 'action': 'run_model', 'label': '3f2fe149-aa7d-4b81-bf0c-24a8e9033759', 'context': [<snowplow_tracker.self_describing_json.SelfDescribingJson object at 0x000001E2D11CEA20>]}
[0m18:02:12.895545 [info ] [Thread-1 (]: 2 of 6 OK created sql table model us_corn_data_transformed.stg_corn_plantings .. [[32mCREATE TABLE (39.0 rows, 23.8 KiB processed)[0m in 4.18s]
[0m18:02:12.897610 [debug] [Thread-1 (]: Finished running node model.corn_market_project.stg_corn_plantings
[0m18:02:12.897610 [debug] [Thread-1 (]: Began running node model.corn_market_project.stg_corn_prices
[0m18:02:12.898651 [info ] [Thread-1 (]: 3 of 6 START sql table model us_corn_data_transformed.stg_corn_prices .......... [RUN]
[0m18:02:12.899671 [debug] [Thread-1 (]: Re-using an available connection from the pool (formerly model.corn_market_project.stg_corn_plantings, now model.corn_market_project.stg_corn_prices)
[0m18:02:12.900683 [debug] [Thread-1 (]: Began compiling node model.corn_market_project.stg_corn_prices
[0m18:02:12.903689 [debug] [Thread-1 (]: Writing injected SQL for node "model.corn_market_project.stg_corn_prices"
[0m18:02:12.905109 [debug] [Thread-1 (]: Began executing node model.corn_market_project.stg_corn_prices
[0m18:02:12.907181 [debug] [Thread-1 (]: Opening a new connection, currently in state closed
[0m18:02:13.861566 [debug] [Thread-1 (]: Writing runtime sql for node "model.corn_market_project.stg_corn_prices"
[0m18:02:13.868958 [debug] [Thread-1 (]: On model.corn_market_project.stg_corn_prices: /* {"app": "dbt", "dbt_version": "1.11.2", "profile_name": "corn_market_project", "target_name": "dev", "node_id": "model.corn_market_project.stg_corn_prices"} */

  
    

    create or replace table `us-corn-data`.`us_corn_data_transformed`.`stg_corn_prices`
      
    
    

    
    OPTIONS()
    as (
      with source as (
    select * from `us-corn-data`.`us_corn_data`.`us_corn_prices`
),

cleaned as (
    select
        CAST(Year as INT64) as year,
        Period as period,
        Data_Item as data_item,
        CAST(Value as FLOAT64) as price_value
    from source
),

filtered_prices as (
    select
        year,
        price_value
    from cleaned
    where 
        -- 1. Filter for Harvest Month
        period = 'NOV'
        
        -- 2. Filter for the correct UNIT (exclude 'PCT OF PARITY')
        -- We use LIKE to be safe, but specific enough to catch '$ / BU'
        AND data_item LIKE '%$ / BU'
),

final_unique as (
    select
        year,
        -- If duplicate rows still exist for the SAME metric (rare but possible),
        -- averaging them now is safe because they are the same unit.
        AVG(price_value) as price_per_bushel
    from filtered_prices
    group by year
)

select * from final_unique
order by year desc
    );
  
[0m18:02:14.345442 [debug] [Thread-1 (]: BigQuery adapter: https://console.cloud.google.com/bigquery?project=us-corn-data&j=bq:US:041153b1-b7a0-427a-811f-e6b6b23d3ebf&page=queryresults
[0m18:02:16.015205 [debug] [Thread-1 (]: SQL status: OK in 1.669 seconds
[0m18:02:16.255872 [debug] [Thread-1 (]: Sending event: {'category': 'dbt', 'action': 'run_model', 'label': '3f2fe149-aa7d-4b81-bf0c-24a8e9033759', 'context': [<snowplow_tracker.self_describing_json.SelfDescribingJson object at 0x000001E2D126BBC0>]}
[0m18:02:16.257368 [info ] [Thread-1 (]: 3 of 6 OK created sql table model us_corn_data_transformed.stg_corn_prices ..... [[32mCREATE TABLE (52.0 rows, 86.5 KiB processed)[0m in 3.36s]
[0m18:02:16.257877 [debug] [Thread-1 (]: Finished running node model.corn_market_project.stg_corn_prices
[0m18:02:16.258892 [debug] [Thread-1 (]: Began running node model.corn_market_project.stg_corn_supply_demand
[0m18:02:16.260472 [info ] [Thread-1 (]: 4 of 6 START sql table model us_corn_data_transformed.stg_corn_supply_demand ... [RUN]
[0m18:02:16.261508 [debug] [Thread-1 (]: Re-using an available connection from the pool (formerly model.corn_market_project.stg_corn_prices, now model.corn_market_project.stg_corn_supply_demand)
[0m18:02:16.262510 [debug] [Thread-1 (]: Began compiling node model.corn_market_project.stg_corn_supply_demand
[0m18:02:16.265368 [debug] [Thread-1 (]: Writing injected SQL for node "model.corn_market_project.stg_corn_supply_demand"
[0m18:02:16.268412 [debug] [Thread-1 (]: Began executing node model.corn_market_project.stg_corn_supply_demand
[0m18:02:16.270912 [debug] [Thread-1 (]: Opening a new connection, currently in state closed
[0m18:02:17.247897 [debug] [Thread-1 (]: Writing runtime sql for node "model.corn_market_project.stg_corn_supply_demand"
[0m18:02:17.249771 [debug] [Thread-1 (]: On model.corn_market_project.stg_corn_supply_demand: /* {"app": "dbt", "dbt_version": "1.11.2", "profile_name": "corn_market_project", "target_name": "dev", "node_id": "model.corn_market_project.stg_corn_supply_demand"} */

  
    

    create or replace table `us-corn-data`.`us_corn_data_transformed`.`stg_corn_supply_demand`
      
    
    

    
    OPTIONS()
    as (
      with source as (
    select * from `us-corn-data`.`us_corn_data`.`us_corn_supply_demand`
),

cleaned as (
    select
        -- 1. Fix the Year (Float -> Integer)
        CAST(Year as INT64) as year,

        Planted_Acres as planted_acres,
        Harvested_Acres as harvested_acres,
        Actual_Yield as actual_yield,
        Production as production,
        Exports as exports,
        Imports as imports,
        Total_Supply as total_supply,
        All_Dom_Use as all_dom_use,
        Total_Usage as total_usage,
        Ending_Stocks as ending_stocks,

    from source
),

calculated as (
    select
        *,
        -- 3. Calculate Stock-to-Use Ratio
        -- Formula: (Ending Stocks / Total Usage)
        -- Use SAFE_DIVIDE to prevent errors if Usage is ever 0
        SAFE_DIVIDE(ending_stocks, total_usage) as stock_to_use_ratio

    from cleaned
)

select * from calculated
order by year desc
    );
  
[0m18:02:17.720619 [debug] [Thread-1 (]: BigQuery adapter: https://console.cloud.google.com/bigquery?project=us-corn-data&j=bq:US:173f4b20-0e5f-47fe-92d9-dbb09d956f7f&page=queryresults
[0m18:02:19.224035 [debug] [Thread-1 (]: SQL status: OK in 1.503 seconds
[0m18:02:19.497033 [debug] [Thread-1 (]: Sending event: {'category': 'dbt', 'action': 'run_model', 'label': '3f2fe149-aa7d-4b81-bf0c-24a8e9033759', 'context': [<snowplow_tracker.self_describing_json.SelfDescribingJson object at 0x000001E2D12538C0>]}
[0m18:02:19.497567 [info ] [Thread-1 (]: 4 of 6 OK created sql table model us_corn_data_transformed.stg_corn_supply_demand  [[32mCREATE TABLE (52.0 rows, 4.5 KiB processed)[0m in 3.24s]
[0m18:02:19.498970 [debug] [Thread-1 (]: Finished running node model.corn_market_project.stg_corn_supply_demand
[0m18:02:19.499600 [debug] [Thread-1 (]: Began running node model.corn_market_project.stg_corn_climate_features
[0m18:02:19.500577 [info ] [Thread-1 (]: 5 of 6 START sql table model us_corn_data_transformed.stg_corn_climate_features  [RUN]
[0m18:02:19.500577 [debug] [Thread-1 (]: Re-using an available connection from the pool (formerly model.corn_market_project.stg_corn_supply_demand, now model.corn_market_project.stg_corn_climate_features)
[0m18:02:19.501630 [debug] [Thread-1 (]: Began compiling node model.corn_market_project.stg_corn_climate_features
[0m18:02:19.504631 [debug] [Thread-1 (]: Writing injected SQL for node "model.corn_market_project.stg_corn_climate_features"
[0m18:02:19.505636 [debug] [Thread-1 (]: Began executing node model.corn_market_project.stg_corn_climate_features
[0m18:02:19.509710 [debug] [Thread-1 (]: Opening a new connection, currently in state closed
[0m18:02:20.524371 [debug] [Thread-1 (]: Writing runtime sql for node "model.corn_market_project.stg_corn_climate_features"
[0m18:02:20.531266 [debug] [Thread-1 (]: On model.corn_market_project.stg_corn_climate_features: /* {"app": "dbt", "dbt_version": "1.11.2", "profile_name": "corn_market_project", "target_name": "dev", "node_id": "model.corn_market_project.stg_corn_climate_features"} */

  
    

    create or replace table `us-corn-data`.`us_corn_data_transformed`.`stg_corn_climate_features`
      
    
    

    
    OPTIONS()
    as (
      with climate_source as (
    select * from `us-corn-data`.`us_corn_data`.`us_climate_data`
),

planting_source as (
    select * from `us-corn-data`.`us_corn_data_transformed`.`stg_corn_plantings`
),

daily_metrics as (
    select
        EXTRACT(YEAR FROM c.date) as year,
        c.date as weather_date,
        EXTRACT(DAYOFYEAR FROM c.date) as weather_doy,
        CAST(c.Precipitation as FLOAT64) as prcp,
        CAST(c.Max_Temp as FLOAT64) as tmax,
        p.planting_50_pct_doy
    from climate_source c
    inner join planting_source p on EXTRACT(YEAR FROM c.date) = p.year
),

aggregated_features as (
    select
        year,
        planting_50_pct_doy,

        -- 1. Rain Effectiveness (Unchanged)
        SUM(CASE 
            WHEN weather_doy BETWEEN 60 AND 181 THEN prcp 
            ELSE 0 
        END) as soil_prep_rain_cumulative,

        -- 2. NEW: Stress Degree Days (SDD)
        -- Baseline: 30°C (86°F). 
        -- If Avg Temp is 32°C, we add 2.0 to the score.
        SUM(CASE 
            WHEN weather_doy BETWEEN (planting_50_pct_doy + 60) AND (planting_50_pct_doy + 90)
            AND tmax > 30 
            THEN (tmax - 30) 
            ELSE 0 
        END) as heat_stress_index,

        -- 3. Post-Pollination Rain
        SUM(CASE 
            WHEN weather_doy BETWEEN (planting_50_pct_doy + 60) AND (planting_50_pct_doy + 90)
            THEN prcp 
            ELSE 0 
        END) as post_pollination_rain_cumulative

    from daily_metrics
    group by year, planting_50_pct_doy
)

select
    year,
    planting_50_pct_doy,
    
    SAFE_DIVIDE(soil_prep_rain_cumulative, planting_50_pct_doy) as rainfall_effectiveness_index,
    
    heat_stress_index as temp_stress_july_count,
    
    post_pollination_rain_cumulative as post_pollination_rain

from aggregated_features
order by year desc
    );
  
[0m18:02:20.972863 [debug] [Thread-1 (]: BigQuery adapter: https://console.cloud.google.com/bigquery?project=us-corn-data&j=bq:US:6af42739-ad80-45c2-8127-b2afc6b74af2&page=queryresults
[0m18:02:22.889690 [debug] [Thread-1 (]: SQL status: OK in 1.918 seconds
[0m18:02:23.134978 [debug] [Thread-1 (]: Sending event: {'category': 'dbt', 'action': 'run_model', 'label': '3f2fe149-aa7d-4b81-bf0c-24a8e9033759', 'context': [<snowplow_tracker.self_describing_json.SelfDescribingJson object at 0x000001E2D0B90C20>]}
[0m18:02:23.135973 [info ] [Thread-1 (]: 5 of 6 OK created sql table model us_corn_data_transformed.stg_corn_climate_features  [[32mCREATE TABLE (39.0 rows, 445.8 KiB processed)[0m in 3.63s]
[0m18:02:23.137484 [debug] [Thread-1 (]: Finished running node model.corn_market_project.stg_corn_climate_features
[0m18:02:23.138492 [debug] [Thread-1 (]: Began running node model.corn_market_project.mart_corn_model_data
[0m18:02:23.139502 [info ] [Thread-1 (]: 6 of 6 START sql table model us_corn_data_transformed.mart_corn_model_data ..... [RUN]
[0m18:02:23.140128 [debug] [Thread-1 (]: Re-using an available connection from the pool (formerly model.corn_market_project.stg_corn_climate_features, now model.corn_market_project.mart_corn_model_data)
[0m18:02:23.140128 [debug] [Thread-1 (]: Began compiling node model.corn_market_project.mart_corn_model_data
[0m18:02:23.144292 [debug] [Thread-1 (]: Writing injected SQL for node "model.corn_market_project.mart_corn_model_data"
[0m18:02:23.145527 [debug] [Thread-1 (]: Began executing node model.corn_market_project.mart_corn_model_data
[0m18:02:23.147611 [debug] [Thread-1 (]: Opening a new connection, currently in state closed
[0m18:02:24.076931 [debug] [Thread-1 (]: Writing runtime sql for node "model.corn_market_project.mart_corn_model_data"
[0m18:02:24.094920 [debug] [Thread-1 (]: On model.corn_market_project.mart_corn_model_data: /* {"app": "dbt", "dbt_version": "1.11.2", "profile_name": "corn_market_project", "target_name": "dev", "node_id": "model.corn_market_project.mart_corn_model_data"} */

  
    

    create or replace table `us-corn-data`.`us_corn_data_transformed`.`mart_corn_model_data`
      
    
    

    
    OPTIONS()
    as (
      with supply as (
    select * from `us-corn-data`.`us_corn_data_transformed`.`stg_corn_supply_demand`
),

prices as (
    select * from `us-corn-data`.`us_corn_data_transformed`.`stg_corn_prices`
),

conditions as (
    select * from `us-corn-data`.`us_corn_data_transformed`.`stg_corn_conditions`
),

climate as (
    select * from `us-corn-data`.`us_corn_data_transformed`.`stg_corn_climate_features`
),

final_join as (
    select
        -- 1. Everything from Supply & Demand
        s.*,
        
        -- 2. Target Variable
        p.price_per_bushel,
        
        -- 3. Crop Condition
        c.avg_condition_pollination_index,
        
        -- 4. Bio-Climate Features (Now including the raw planting date)
        cl.planting_50_pct_doy,        
        cl.rainfall_effectiveness_index,
        cl.temp_stress_july_count,
        cl.post_pollination_rain

    from supply s
    
    left join prices p on s.year = p.year
    left join conditions c on s.year = c.year
    left join climate cl on s.year = cl.year
)

select * from final_join
where price_per_bushel IS NOT NULL
order by year desc
    );
  
[0m18:02:24.515273 [debug] [Thread-1 (]: BigQuery adapter: https://console.cloud.google.com/bigquery?project=us-corn-data&j=bq:US:6fc633b0-608c-4705-88f6-19eceb5dc85a&page=queryresults
[0m18:02:26.408255 [debug] [Thread-1 (]: SQL status: OK in 1.892 seconds
[0m18:02:26.663112 [debug] [Thread-1 (]: Sending event: {'category': 'dbt', 'action': 'run_model', 'label': '3f2fe149-aa7d-4b81-bf0c-24a8e9033759', 'context': [<snowplow_tracker.self_describing_json.SelfDescribingJson object at 0x000001E2D133FCB0>]}
[0m18:02:26.664647 [info ] [Thread-1 (]: 6 of 6 OK created sql table model us_corn_data_transformed.mart_corn_model_data  [[32mCREATE TABLE (52.0 rows, 7.8 KiB processed)[0m in 3.52s]
[0m18:02:26.665678 [debug] [Thread-1 (]: Finished running node model.corn_market_project.mart_corn_model_data
[0m18:02:26.667486 [debug] [MainThread]: Opening a new connection, currently in state closed
[0m18:02:26.668761 [debug] [MainThread]: Connection 'master' was properly closed.
[0m18:02:26.669794 [debug] [MainThread]: Connection 'list_us-corn-data' was properly closed.
[0m18:02:26.669794 [debug] [MainThread]: Connection 'list_us-corn-data_us_corn_data_transformed' was properly closed.
[0m18:02:26.669794 [debug] [MainThread]: Connection 'model.corn_market_project.mart_corn_model_data' was properly closed.
[0m18:02:26.670785 [info ] [MainThread]: 
[0m18:02:26.670785 [info ] [MainThread]: Finished running 6 table models in 0 hours 0 minutes and 28.39 seconds (28.39s).
[0m18:02:26.672784 [debug] [MainThread]: Command end result
[0m18:02:26.689022 [debug] [MainThread]: Wrote artifact WritableManifest to C:\Users\takudzwarioga\Documents\Dev\US_Corn_Price_Analysis\data_transformation\target\manifest.json
[0m18:02:26.698861 [debug] [MainThread]: Wrote artifact SemanticManifest to C:\Users\takudzwarioga\Documents\Dev\US_Corn_Price_Analysis\data_transformation\target\semantic_manifest.json
[0m18:02:26.710601 [debug] [MainThread]: Wrote artifact RunExecutionResult to C:\Users\takudzwarioga\Documents\Dev\US_Corn_Price_Analysis\data_transformation\target\run_results.json
[0m18:02:26.711597 [info ] [MainThread]: 
[0m18:02:26.711597 [info ] [MainThread]: [32mCompleted successfully[0m
[0m18:02:26.712608 [info ] [MainThread]: 
[0m18:02:26.713608 [info ] [MainThread]: Done. PASS=6 WARN=0 ERROR=0 SKIP=0 NO-OP=0 TOTAL=6
[0m18:02:26.714603 [debug] [MainThread]: Command `dbt run` succeeded at 18:02:26.714603 after 44.75 seconds
[0m18:02:26.715602 [debug] [MainThread]: Sending event: {'category': 'dbt', 'action': 'invocation', 'label': 'end', 'context': [<snowplow_tracker.self_describing_json.SelfDescribingJson object at 0x000001E29E0B9CA0>, <snowplow_tracker.self_describing_json.SelfDescribingJson object at 0x000001E2A1635970>, <snowplow_tracker.self_describing_json.SelfDescribingJson object at 0x000001E2D1223C50>]}
[0m18:02:26.715602 [debug] [MainThread]: Flushing usage events
[0m18:02:27.530086 [debug] [MainThread]: An error was encountered while trying to flush usage events
